{"progress": "real-map-BurstGuides-m10207-f20207-p1-direct_guide-sitebait1-348d8a0c", "time": 10.0, "bait_deployed": 0.1, "policy_bait_ready": false, "encounter": 0.1, "oracle_handoff": null, "children": 8, "active_guide_id": 5, "guide_alive": true, "active_guide_alive": true, "guided_delivered": 0}
{"progress": "real-map-BurstGuides-m10207-f20207-p1-direct_guide-sitebait1-348d8a0c", "time": 20.0, "bait_deployed": 0.1, "policy_bait_ready": false, "encounter": 0.1, "oracle_handoff": null, "children": 8, "active_guide_id": 3, "guide_alive": true, "active_guide_alive": true, "guided_delivered": 0}
{"progress": "real-map-BurstGuides-m10207-f20207-p1-direct_guide-sitebait1-348d8a0c", "time": 30.0, "bait_deployed": 0.1, "policy_bait_ready": false, "encounter": 0.1, "oracle_handoff": null, "children": 8, "active_guide_id": 3, "guide_alive": true, "active_guide_alive": true, "guided_delivered": 0}
{"progress": "real-map-BurstGuides-m10207-f20207-p1-direct_guide-sitebait1-348d8a0c", "time": 40.0, "bait_deployed": 0.1, "policy_bait_ready": false, "encounter": 0.1, "oracle_handoff": null, "children": 8, "active_guide_id": 8, "guide_alive": true, "active_guide_alive": true, "guided_delivered": 0}
{"progress": "real-map-BurstGuides-m10207-f20207-p1-direct_guide-sitebait1-348d8a0c", "time": 50.0, "bait_deployed": 0.1, "policy_bait_ready": false, "encounter": 0.1, "oracle_handoff": null, "children": 8, "active_guide_id": 8, "guide_alive": true, "active_guide_alive": true, "guided_delivered": 0}
{"progress": "real-map-BurstGuides-m10207-f20207-p1-direct_guide-sitebait1-348d8a0c", "time": 60.0, "bait_deployed": 0.1, "policy_bait_ready": false, "encounter": 0.1, "oracle_handoff": null, "children": 8, "active_guide_id": 8, "guide_alive": true, "active_guide_alive": true, "guided_delivered": 0}
{"progress": "real-map-BurstGuides-m10207-f20207-p1-direct_guide-sitebait1-348d8a0c", "time": 70.0, "bait_deployed": 0.1, "policy_bait_ready": false, "encounter": 0.1, "oracle_handoff": null, "children": 8, "active_guide_id": 6, "guide_alive": true, "active_guide_alive": true, "guided_delivered": 0}
{"progress": "real-map-BurstGuides-m10207-f20207-p1-direct_guide-sitebait1-348d8a0c", "time": 80.0, "bait_deployed": 0.1, "policy_bait_ready": false, "encounter": 0.1, "oracle_handoff": null, "children": 8, "active_guide_id": 8, "guide_alive": true, "active_guide_alive": true, "guided_delivered": 0}
{"progress": "real-map-BurstGuides-m10207-f20207-p1-direct_guide-sitebait1-348d8a0c", "time": 90.0, "bait_deployed": 0.1, "policy_bait_ready": false, "encounter": 0.1, "oracle_handoff": null, "children": 8, "active_guide_id": 8, "guide_alive": true, "active_guide_alive": true, "guided_delivered": 0}
{"progress": "real-map-BurstGuides-m10207-f20207-p1-direct_guide-sitebait1-348d8a0c", "time": 100.0, "bait_deployed": 0.1, "policy_bait_ready": false, "encounter": 0.1, "oracle_handoff": null, "children": 8, "active_guide_id": 8, "guide_alive": true, "active_guide_alive": true, "guided_delivered": 0}
{"progress": "real-map-BurstGuides-m10207-f20207-p1-direct_guide-sitebait1-348d8a0c", "time": 110.0, "bait_deployed": 0.1, "policy_bait_ready": false, "encounter": 0.1, "oracle_handoff": null, "children": 8, "active_guide_id": 8, "guide_alive": true, "active_guide_alive": true, "guided_delivered": 0}
{"progress": "real-map-BurstGuides-m10207-f20207-p1-direct_guide-sitebait1-348d8a0c", "time": 120.0, "bait_deployed": 0.1, "policy_bait_ready": false, "encounter": 0.1, "oracle_handoff": null, "children": 8, "active_guide_id": 8, "guide_alive": true, "active_guide_alive": true, "guided_delivered": 0}
{"progress": "real-map-BurstGuides-m10207-f20207-p1-direct_guide-sitebait1-348d8a0c", "time": 130.0, "bait_deployed": 0.1, "policy_bait_ready": false, "encounter": 0.1, "oracle_handoff": null, "children": 8, "active_guide_id": 8, "guide_alive": true, "active_guide_alive": true, "guided_delivered": 0}
{"progress": "real-map-BurstGuides-m10207-f20207-p1-direct_guide-sitebait1-348d8a0c", "time": 140.0, "bait_deployed": 0.1, "policy_bait_ready": false, "encounter": 0.1, "oracle_handoff": null, "children": 8, "active_guide_id": 8, "guide_alive": true, "active_guide_alive": true, "guided_delivered": 0}
{"progress": "real-map-BurstGuides-m10207-f20207-p1-direct_guide-sitebait1-348d8a0c", "time": 150.0, "bait_deployed": 0.1, "policy_bait_ready": false, "encounter": 0.1, "oracle_handoff": null, "children": 8, "active_guide_id": 8, "guide_alive": true, "active_guide_alive": true, "guided_delivered": 0}
{"progress": "real-map-BurstGuides-m10207-f20207-p1-direct_guide-sitebait1-348d8a0c", "time": 160.0, "bait_deployed": 0.1, "policy_bait_ready": false, "encounter": 0.1, "oracle_handoff": null, "children": 8, "active_guide_id": 8, "guide_alive": true, "active_guide_alive": true, "guided_delivered": 0}
{"progress": "real-map-BurstGuides-m10207-f20207-p1-direct_guide-sitebait1-348d8a0c", "time": 170.0, "bait_deployed": 0.1, "policy_bait_ready": false, "encounter": 0.1, "oracle_handoff": null, "children": 8, "active_guide_id": 8, "guide_alive": true, "active_guide_alive": true, "guided_delivered": 0}
{"progress": "real-map-BurstGuides-m10207-f20207-p1-direct_guide-sitebait1-348d8a0c", "time": 180.0, "bait_deployed": 0.1, "policy_bait_ready": false, "encounter": 0.1, "oracle_handoff": null, "children": 8, "active_guide_id": 8, "guide_alive": true, "active_guide_alive": true, "guided_delivered": 0}
{"progress": "real-map-BurstGuides-m10207-f20207-p1-direct_guide-sitebait1-348d8a0c", "time": 190.0, "bait_deployed": 0.1, "policy_bait_ready": false, "encounter": 0.1, "oracle_handoff": null, "children": 8, "active_guide_id": 8, "guide_alive": true, "active_guide_alive": true, "guided_delivered": 0}
{"progress": "real-map-BurstGuides-m10207-f20207-p1-direct_guide-sitebait1-348d8a0c", "time": 200.0, "bait_deployed": 0.1, "policy_bait_ready": false, "encounter": 0.1, "oracle_handoff": null, "children": 8, "active_guide_id": 8, "guide_alive": true, "active_guide_alive": true, "guided_delivered": 0}
{"progress": "real-map-BurstGuides-m10207-f20207-p1-direct_guide-sitebait1-348d8a0c", "time": 210.0, "bait_deployed": 0.1, "policy_bait_ready": false, "encounter": 0.1, "oracle_handoff": null, "children": 8, "active_guide_id": 8, "guide_alive": true, "active_guide_alive": true, "guided_delivered": 0}
{"progress": "real-map-BurstGuides-m10207-f20207-p1-direct_guide-sitebait1-348d8a0c", "time": 220.0, "bait_deployed": 0.1, "policy_bait_ready": false, "encounter": 0.1, "oracle_handoff": null, "children": 8, "active_guide_id": 8, "guide_alive": true, "active_guide_alive": true, "guided_delivered": 0}
{"progress": "real-map-BurstGuides-m10207-f20207-p1-direct_guide-sitebait1-348d8a0c", "time": 230.0, "bait_deployed": 0.1, "policy_bait_ready": false, "encounter": 0.1, "oracle_handoff": null, "children": 8, "active_guide_id": 8, "guide_alive": true, "active_guide_alive": true, "guided_delivered": 0}
{"progress": "real-map-BurstGuides-m10207-f20207-p1-direct_guide-sitebait1-348d8a0c", "time": 240.0, "bait_deployed": 0.1, "policy_bait_ready": false, "encounter": 0.1, "oracle_handoff": null, "children": 8, "active_guide_id": 8, "guide_alive": true, "active_guide_alive": true, "guided_delivered": 0}
{"progress": "real-map-BurstGuides-m10207-f20207-p1-direct_guide-sitebait1-348d8a0c", "time": 250.0, "bait_deployed": 0.1, "policy_bait_ready": false, "encounter": 0.1, "oracle_handoff": null, "children": 8, "active_guide_id": 8, "guide_alive": true, "active_guide_alive": true, "guided_delivered": 0}
{"progress": "real-map-BurstGuides-m10207-f20207-p1-direct_guide-sitebait1-348d8a0c", "time": 260.0, "bait_deployed": 0.1, "policy_bait_ready": false, "encounter": 0.1, "oracle_handoff": null, "children": 8, "active_guide_id": 8, "guide_alive": true, "active_guide_alive": true, "guided_delivered": 0}
{"progress": "real-map-BurstGuides-m10207-f20207-p1-direct_guide-sitebait1-348d8a0c", "time": 270.0, "bait_deployed": 0.1, "policy_bait_ready": false, "encounter": 0.1, "oracle_handoff": null, "children": 8, "active_guide_id": 8, "guide_alive": true, "active_guide_alive": true, "guided_delivered": 0}
{"progress": "real-map-BurstGuides-m10207-f20207-p1-direct_guide-sitebait1-348d8a0c", "time": 280.0, "bait_deployed": 0.1, "policy_bait_ready": false, "encounter": 0.1, "oracle_handoff": null, "children": 8, "active_guide_id": 8, "guide_alive": true, "active_guide_alive": true, "guided_delivered": 0}
{"progress": "real-map-BurstGuides-m10207-f20207-p1-direct_guide-sitebait1-348d8a0c", "time": 290.0, "bait_deployed": 0.1, "policy_bait_ready": false, "encounter": 0.1, "oracle_handoff": null, "children": 8, "active_guide_id": 8, "guide_alive": true, "active_guide_alive": true, "guided_delivered": 0}
{"progress": "real-map-BurstGuides-m10207-f20207-p1-direct_guide-sitebait1-348d8a0c", "time": 300.0, "bait_deployed": 0.1, "policy_bait_ready": false, "encounter": 0.1, "oracle_handoff": null, "children": 8, "active_guide_id": 8, "guide_alive": true, "active_guide_alive": true, "guided_delivered": 0}
{"viewer_manifest_refresh": {"status": "deferred", "reason": "bounded-memory runs defer full-replay viewer processing"}}
{
  "schema": "real-map-intake-result-v2",
  "policy": "backup_guides.burst:BurstGuides",
  "policy_hash": "642725a431ee4778c1adcf100ffb45e7d85faf9c4e086f5923097f43202b7d9d",
  "harness_hashes": {
    "research/simple_chase/run_streaming_v2.py": "837e02b05d1ba3af71df0949cb30beb18a8b2844f090f8b383c692192c52719a",
    "research/simple_chase/sampling.py": "1efb7d309c4cc79bc87916c1bea72a7845e78d0c2cdf0aeaf9e2a758ceed48ab",
    "research/simple_chase/static_map.py": "197b16cbe9dd2e3dd06b81fe9481986a97bd92d9c2a55f33597cc9b7280faf3c",
    "debugger/streaming_recorder_v2.py": "d5ecda6bb39ec74a9ad86fb20458df5de7f466d73052558af9e2877be3d99b19"
  },
  "mode": "direct_guide",
  "map_seed": 10207,
  "fixture_seed": 20207,
  "static_map_hash": "477c6b8ae82edce17ada998ffab9d9cbf2097b171fac5416bc5f0f2b5b7b2f14",
  "site": {
    "mouth": [
      891.7801,
      688.343
    ],
    "inward": [
      0.0,
      1.0
    ],
    "cross": [
      -1.0,
      0.0
    ],
    "goal": [
      891.7801,
      693.343
    ],
    "far": [
      891.7801,
      563.343
    ],
    "hold": [
      891.7801,
      613.343
    ],
    "gap": 11.1932,
    "overlap": 27.6704,
    "runup": [
      891.7801,
      438.343
    ],
    "approach_lane_offset": 0.0,
    "offset_approach": false,
    "obstacle_indices": [
      24,
      11
    ],
    "axis": 0,
    "other_mouth": [
      891.7801,
      716.0134
    ],
    "replacement_entry": [
      891.7801,
      736.0134
    ],
    "second_access_clear": true,
    "second_access_radius": 5.01,
    "bait_depth": 5.0,
    "boundary_indices": [],
    "geometric_replacement_access_only": true
  },
  "station_bait": true,
  "requested_seconds": 300.0,
  "seconds": 300.0,
  "reason": "horizon",
  "native_render": true,
  "reproduction_of": null,
  "record_every_ticks": 1,
  "replay_frames": 3001,
  "initial_predators": 1,
  "final_predators_total": 2,
  "tracked_predators_present_final": 1,
  "ambient_predators_spawned": 1,
  "ambient_predators_present_final": 1,
  "agent_energy_refilled": true,
  "predator_state_native": false,
  "predator_dynamics_native_after_setup": true,
  "arranged_adjacent_awake_start": true,
  "bait_id": 0,
  "guide_id": 1,
  "bait_alive": true,
  "guide_alive": true,
  "deaths": [
    {
      "time": 49.6,
      "agent_id": 9,
      "role": "native_child"
    },
    {
      "time": 57.8,
      "agent_id": 5,
      "role": "native_child"
    },
    {
      "time": 57.8,
      "agent_id": 7,
      "role": "native_child"
    }
  ],
  "spawn_requests": [
    {
      "time": 0.1,
      "parent_id": 1
    },
    {
      "time": 0.2,
      "parent_id": 1
    },
    {
      "time": 0.3,
      "parent_id": 1
    },
    {
      "time": 0.4,
      "parent_id": 1
    },
    {
      "time": 0.5,
      "parent_id": 1
    },
    {
      "time": 0.6,
      "parent_id": 6
    },
    {
      "time": 0.7,
      "parent_id": 1
    },
    {
      "time": 0.8,
      "parent_id": 1
    }
  ],
  "child_births": [
    {
      "time": 0.1,
      "child_id": 2,
      "x": 296.9783,
      "y": 834.2523,
      "requesting_parent_ids": [
        1
      ],
      "native_parent_proximity_spawn": true
    },
    {
      "time": 0.2,
      "child_id": 3,
      "x": 297.2121,
      "y": 817.9298,
      "requesting_parent_ids": [
        1
      ],
      "native_parent_proximity_spawn": true
    },
    {
      "time": 0.3,
      "child_id": 4,
      "x": 307.5069,
      "y": 833.8187,
      "requesting_parent_ids": [
        1
      ],
      "native_parent_proximity_spawn": true
    },
    {
      "time": 0.4,
      "child_id": 5,
      "x": 279.0767,
      "y": 804.2398,
      "requesting_parent_ids": [
        1
      ],
      "native_parent_proximity_spawn": true
    },
    {
      "time": 0.5,
      "child_id": 6,
      "x": 285.9707,
      "y": 789.9592,
      "requesting_parent_ids": [
        1
      ],
      "native_parent_proximity_spawn": true
    },
    {
      "time": 0.6,
      "child_id": 7,
      "x": 305.7348,
      "y": 786.8965,
      "requesting_parent_ids": [
        6
      ],
      "native_parent_proximity_spawn": true
    },
    {
      "time": 0.7,
      "child_id": 8,
      "x": 247.4931,
      "y": 782.3056,
      "requesting_parent_ids": [
        1
      ],
      "native_parent_proximity_spawn": true
    },
    {
      "time": 0.8,
      "child_id": 9,
      "x": 213.8416,
      "y": 771.829,
      "requesting_parent_ids": [
        1
      ],
      "native_parent_proximity_spawn": true
    }
  ],
  "fruit_consumptions": [
    {
      "time": 1.3,
      "agent_id": 2,
      "x": 279.97,
      "y": 833.6263
    },
    {
      "time": 1.4,
      "agent_id": 4,
      "x": 247.9668,
      "y": 715.1676
    },
    {
      "time": 1.7,
      "agent_id": 9,
      "x": 224.6629,
      "y": 672.7538
    },
    {
      "time": 2.2,
      "agent_id": 4,
      "x": 302.7349,
      "y": 668.0313
    },
    {
      "time": 5.8,
      "agent_id": 1,
      "x": 450.3953,
      "y": 690.5505
    },
    {
      "time": 14.1,
      "agent_id": 4,
      "x": 545.4033,
      "y": 557.1828
    },
    {
      "time": 19.3,
      "agent_id": 3,
      "x": 497.9782,
      "y": 585.0572
    },
    {
      "time": 19.7,
      "agent_id": 1,
      "x": 459.3981,
      "y": 671.8533
    },
    {
      "time": 24.2,
      "agent_id": 7,
      "x": 689.5002,
      "y": 627.7674
    },
    {
      "time": 26.7,
      "agent_id": 7,
      "x": 523.87,
      "y": 602.5258
    },
    {
      "time": 30.9,
      "agent_id": 9,
      "x": 510.9683,
      "y": 578.8996
    },
    {
      "time": 33.2,
      "agent_id": 7,
      "x": 604.1832,
      "y": 568.5201
    },
    {
      "time": 34.2,
      "agent_id": 2,
      "x": 635.2895,
      "y": 485.7971
    },
    {
      "time": 38.9,
      "agent_id": 4,
      "x": 678.2078,
      "y": 548.6919
    },
    {
      "time": 43.6,
      "agent_id": 7,
      "x": 619.5235,
      "y": 422.5427
    },
    {
      "time": 44.6,
      "agent_id": 5,
      "x": 880.5543,
      "y": 433.6297
    },
    {
      "time": 47.7,
      "agent_id": 2,
      "x": 838.0244,
      "y": 427.7215
    },
    {
      "time": 47.9,
      "agent_id": 5,
      "x": 868.7862,
      "y": 416.3845
    },
    {
      "time": 52.3,
      "agent_id": 2,
      "x": 909.4356,
      "y": 384.3111
    },
    {
      "time": 52.3,
      "agent_id": 2,
      "x": 911.1052,
      "y": 388.0786
    },
    {
      "time": 52.3,
      "agent_id": 2,
      "x": 902.9076,
      "y": 387.1808
    },
    {
      "time": 52.4,
      "agent_id": 2,
      "x": 891.3372,
      "y": 375.2463
    },
    {
      "time": 52.4,
      "agent_id": 2,
      "x": 891.7977,
      "y": 376.4232
    },
    {
      "time": 52.8,
      "agent_id": 7,
      "x": 963.2235,
      "y": 448.9803
    },
    {
      "time": 58.2,
      "agent_id": 1,
      "x": 843.0128,
      "y": 601.9059
    },
    {
      "time": 58.4,
      "agent_id": 8,
      "x": 851.5903,
      "y": 627.4042
    },
    {
      "time": 60.4,
      "agent_id": 1,
      "x": 912.9827,
      "y": 609.0739
    },
    {
      "time": 103.5,
      "agent_id": 8,
      "x": 858.9326,
      "y": 612.0242
    },
    {
      "time": 269.3,
      "agent_id": 3,
      "x": 512.4034,
      "y": 485.8971
    }
  ],
  "parent_fruit_consumed_before_tracked_encounter": 0,
  "tracked_encounter_times": [
    0.1
  ],
  "conditional_delivery_denominator": true,
  "conditional_delivery_status": "not_applicable",
  "setup_oracle": false,
  "setup_oracle_target": null,
  "setup_oracle_ticks": 0,
  "setup_oracle_routing": null,
  "setup_oracle_route_resets": 0,
  "setup_oracle_policy_reset_before_handoff_act": false,
  "setup_oracle_handoff_time": null,
  "dynamic_action_privilege_ended_at": null,
  "target_switches": [
    {
      "time": 0.1,
      "tracked_predator_slot": 0,
      "target": 1
    },
    {
      "time": 0.4,
      "tracked_predator_slot": 0,
      "target": 2
    },
    {
      "time": 0.5,
      "tracked_predator_slot": 0,
      "target": 3
    },
    {
      "time": 0.7,
      "tracked_predator_slot": 0,
      "target": 6
    },
    {
      "time": 0.9,
      "tracked_predator_slot": 0,
      "target": 2
    },
    {
      "time": 1.1,
      "tracked_predator_slot": 0,
      "target": 8
    },
    {
      "time": 1.2,
      "tracked_predator_slot": 0,
      "target": 9
    },
    {
      "time": 1.4,
      "tracked_predator_slot": 0,
      "target": 7
    },
    {
      "time": 1.5,
      "tracked_predator_slot": 0,
      "target": 9
    },
    {
      "time": 2.0,
      "tracked_predator_slot": 0,
      "target": 1
    },
    {
      "time": 2.1,
      "tracked_predator_slot": 0,
      "target": 9
    },
    {
      "time": 2.3,
      "tracked_predator_slot": 0,
      "target": 7
    },
    {
      "time": 2.6,
      "tracked_predator_slot": 0,
      "target": 8
    },
    {
      "time": 3.0,
      "tracked_predator_slot": 0,
      "target": 2
    },
    {
      "time": 3.1,
      "tracked_predator_slot": 0,
      "target": null
    },
    {
      "time": 4.2,
      "tracked_predator_slot": 0,
      "target": 1
    },
    {
      "time": 4.3,
      "tracked_predator_slot": 0,
      "target": null
    },
    {
      "time": 4.5,
      "tracked_predator_slot": 0,
      "target": 1
    },
    {
      "time": 4.7,
      "tracked_predator_slot": 0,
      "target": null
    },
    {
      "time": 5.6,
      "tracked_predator_slot": 0,
      "target": 1
    },
    {
      "time": 5.7,
      "tracked_predator_slot": 0,
      "target": null
    },
    {
      "time": 5.9,
      "tracked_predator_slot": 0,
      "target": 1
    },
    {
      "time": 6.3,
      "tracked_predator_slot": 0,
      "target": null
    },
    {
      "time": 6.9,
      "tracked_predator_slot": 0,
      "target": 1
    },
    {
      "time": 7.9,
      "tracked_predator_slot": 0,
      "target": 3
    },
    {
      "time": 8.7,
      "tracked_predator_slot": 0,
      "target": null
    },
    {
      "time": 9.5,
      "tracked_predator_slot": 0,
      "target": 1
    },
    {
      "time": 9.6,
      "tracked_predator_slot": 0,
      "target": null
    },
    {
      "time": 9.7,
      "tracked_predator_slot": 0,
      "target": 1
    },
    {
      "time": 9.9,
      "tracked_predator_slot": 0,
      "target": 5
    },
    {
      "time": 10.2,
      "tracked_predator_slot": 0,
      "target": 1
    },
    {
      "time": 10.3,
      "tracked_predator_slot": 0,
      "target": 5
    },
    {
      "time": 10.4,
      "tracked_predator_slot": 0,
      "target": 1
    },
    {
      "time": 10.7,
      "tracked_predator_slot": 0,
      "target": 3
    },
    {
      "time": 10.8,
      "tracked_predator_slot": 0,
      "target": 1
    },
    {
      "time": 10.9,
      "tracked_predator_slot": 0,
      "target": 3
    },
    {
      "time": 11.1,
      "tracked_predator_slot": 0,
      "target": 1
    },
    {
      "time": 11.4,
      "tracked_predator_slot": 0,
      "target": 3
    },
    {
      "time": 11.9,
      "tracked_predator_slot": 0,
      "target": 5
    },
    {
      "time": 12.0,
      "tracked_predator_slot": 0,
      "target": 3
    },
    {
      "time": 12.1,
      "tracked_predator_slot": 0,
      "target": null
    },
    {
      "time": 12.2,
      "tracked_predator_slot": 0,
      "target": 1
    },
    {
      "time": 12.3,
      "tracked_predator_slot": 0,
      "target": 3
    },
    {
      "time": 12.4,
      "tracked_predator_slot": 0,
      "target": 5
    },
    {
      "time": 13.5,
      "tracked_predator_slot": 0,
      "target": null
    },
    {
      "time": 13.6,
      "tracked_predator_slot": 0,
      "target": 1
    },
    {
      "time": 14.4,
      "tracked_predator_slot": 0,
      "target": "resting"
    },
    {
      "time": 17.9,
      "tracked_predator_slot": 0,
      "target": 3
    },
    {
      "time": 18.0,
      "tracked_predator_slot": 0,
      "target": 1
    },
    {
      "time": 18.2,
      "tracked_predator_slot": 0,
      "target": 3
    },
    {
      "time": 18.3,
      "tracked_predator_slot": 0,
      "target": 1
    },
    {
      "time": 18.5,
      "tracked_predator_slot": 0,
      "target": 7
    },
    {
      "time": 18.7,
      "tracked_predator_slot": 0,
      "target": null
    },
    {
      "time": 19.0,
      "tracked_predator_slot": 0,
      "target": 3
    },
    {
      "time": 19.1,
      "tracked_predator_slot": 0,
      "target": null
    },
    {
      "time": 19.2,
      "tracked_predator_slot": 0,
      "target": 7
    },
    {
      "time": 19.3,
      "tracked_predator_slot": 0,
      "target": null
    },
    {
      "time": 19.4,
      "tracked_predator_slot": 0,
      "target": 7
    },
    {
      "time": 19.5,
      "tracked_predator_slot": 0,
      "target": null
    },
    {
      "time": 19.6,
      "tracked_predator_slot": 0,
      "target": 6
    },
    {
      "time": 19.8,
      "tracked_predator_slot": 0,
      "target": 9
    },
    {
      "time": 19.9,
      "tracked_predator_slot": 0,
      "target": 3
    },
    {
      "time": 20.0,
      "tracked_predator_slot": 0,
      "target": null
    },
    {
      "time": 20.1,
      "tracked_predator_slot": 0,
      "target": 1
    },
    {
      "time": 20.2,
      "tracked_predator_slot": 0,
      "target": 7
    },
    {
      "time": 20.3,
      "tracked_predator_slot": 0,
      "target": null
    },
    {
      "time": 20.4,
      "tracked_predator_slot": 0,
      "target": 4
    },
    {
      "time": 20.5,
      "tracked_predator_slot": 0,
      "target": 1
    },
    {
      "time": 20.8,
      "tracked_predator_slot": 0,
      "target": 7
    },
    {
      "time": 20.9,
      "tracked_predator_slot": 0,
      "target": 4
    },
    {
      "time": 21.0,
      "tracked_predator_slot": 0,
      "target": 7
    },
    {
      "time": 21.1,
      "tracked_predator_slot": 0,
      "target": 9
    },
    {
      "time": 21.2,
      "tracked_predator_slot": 0,
      "target": 4
    },
    {
      "time": 21.3,
      "tracked_predator_slot": 0,
      "target": 1
    },
    {
      "time": 21.4,
      "tracked_predator_slot": 0,
      "target": 7
    },
    {
      "time": 21.5,
      "tracked_predator_slot": 0,
      "target": 5
    },
    {
      "time": 21.6,
      "tracked_predator_slot": 0,
      "target": 3
    },
    {
      "time": 21.7,
      "tracked_predator_slot": 0,
      "target": 5
    },
    {
      "time": 21.8,
      "tracked_predator_slot": 0,
      "target": 3
    },
    {
      "time": 21.9,
      "tracked_predator_slot": 0,
      "target": 5
    },
    {
      "time": 22.0,
      "tracked_predator_slot": 0,
      "target": 3
    },
    {
      "time": 22.1,
      "tracked_predator_slot": 0,
      "target": 5
    },
    {
      "time": 22.2,
      "tracked_predator_slot": 0,
      "target": 4
    },
    {
      "time": 22.3,
      "tracked_predator_slot": 0,
      "target": 5
    },
    {
      "time": 22.4,
      "tracked_predator_slot": 0,
      "target": 1
    },
    {
      "time": 22.7,
      "tracked_predator_slot": 0,
      "target": 4
    },
    {
      "time": 23.0,
      "tracked_predator_slot": 0,
      "target": 5
    },
    {
      "time": 23.1,
      "tracked_predator_slot": 0,
      "target": 4
    },
    {
      "time": 23.2,
      "tracked_predator_slot": 0,
      "target": 5
    },
    {
      "time": 23.3,
      "tracked_predator_slot": 0,
      "target": 3
    },
    {
      "time": 23.4,
      "tracked_predator_slot": 0,
      "target": 5
    },
    {
      "time": 23.5,
      "tracked_predator_slot": 0,
      "target": 4
    },
    {
      "time": 23.6,
      "tracked_predator_slot": 0,
      "target": 5
    },
    {
      "time": 23.8,
      "tracked_predator_slot": 0,
      "target": 7
    },
    {
      "time": 23.9,
      "tracked_predator_slot": 0,
      "target": 1
    },
    {
      "time": 24.1,
      "tracked_predator_slot": 0,
      "target": 7
    },
    {
      "time": 24.2,
      "tracked_predator_slot": 0,
      "target": 6
    },
    {
      "time": 24.3,
      "tracked_predator_slot": 0,
      "target": 2
    },
    {
      "time": 24.4,
      "tracked_predator_slot": 0,
      "target": 7
    },
    {
      "time": 24.8,
      "tracked_predator_slot": 0,
      "target": 1
    },
    {
      "time": 24.9,
      "tracked_predator_slot": 0,
      "target": 8
    },
    {
      "time": 25.0,
      "tracked_predator_slot": 0,
      "target": 7
    },
    {
      "time": 25.4,
      "tracked_predator_slot": 0,
      "target": 8
    },
    {
      "time": 25.6,
      "tracked_predator_slot": 0,
      "target": 1
    },
    {
      "time": 26.0,
      "tracked_predator_slot": 0,
      "target": 9
    },
    {
      "time": 26.1,
      "tracked_predator_slot": 0,
      "target": 2
    },
    {
      "time": 26.2,
      "tracked_predator_slot": 0,
      "target": 9
    },
    {
      "time": 26.4,
      "tracked_predator_slot": 0,
      "target": 2
    },
    {
      "time": 26.5,
      "tracked_predator_slot": 0,
      "target": 9
    },
    {
      "time": 26.6,
      "tracked_predator_slot": 0,
      "target": 7
    },
    {
      "time": 27.0,
      "tracked_predator_slot": 0,
      "target": "resting"
    },
    {
      "time": 30.5,
      "tracked_predator_slot": 0,
      "target": 4
    },
    {
      "time": 30.6,
      "tracked_predator_slot": 0,
      "target": 7
    },
    {
      "time": 30.7,
      "tracked_predator_slot": 0,
      "target": 5
    },
    {
      "time": 30.8,
      "tracked_predator_slot": 0,
      "target": 7
    },
    {
      "time": 31.5,
      "tracked_predator_slot": 0,
      "target": 5
    },
    {
      "time": 32.4,
      "tracked_predator_slot": 0,
      "target": 4
    },
    {
      "time": 32.6,
      "tracked_predator_slot": 0,
      "target": 7
    },
    {
      "time": 32.7,
      "tracked_predator_slot": 0,
      "target": 4
    },
    {
      "time": 32.9,
      "tracked_predator_slot": 0,
      "target": null
    },
    {
      "time": 33.0,
      "tracked_predator_slot": 0,
      "target": 7
    },
    {
      "time": 33.1,
      "tracked_predator_slot": 0,
      "target": 4
    },
    {
      "time": 33.3,
      "tracked_predator_slot": 0,
      "target": 7
    },
    {
      "time": 33.4,
      "tracked_predator_slot": 0,
      "target": 4
    },
    {
      "time": 33.6,
      "tracked_predator_slot": 0,
      "target": 7
    },
    {
      "time": 33.7,
      "tracked_predator_slot": 0,
      "target": 1
    },
    {
      "time": 33.8,
      "tracked_predator_slot": 0,
      "target": 7
    },
    {
      "time": 33.9,
      "tracked_predator_slot": 0,
      "target": 8
    },
    {
      "time": 34.1,
      "tracked_predator_slot": 0,
      "target": 1
    },
    {
      "time": 34.3,
      "tracked_predator_slot": 0,
      "target": 2
    },
    {
      "time": 34.4,
      "tracked_predator_slot": 0,
      "target": 1
    },
    {
      "time": 34.5,
      "tracked_predator_slot": 0,
      "target": 6
    },
    {
      "time": 34.6,
      "tracked_predator_slot": 0,
      "target": 2
    },
    {
      "time": 34.7,
      "tracked_predator_slot": 0,
      "target": 6
    },
    {
      "time": 34.8,
      "tracked_predator_slot": 0,
      "target": 9
    },
    {
      "time": 34.9,
      "tracked_predator_slot": 0,
      "target": 8
    },
    {
      "time": 35.6,
      "tracked_predator_slot": 0,
      "target": 5
    },
    {
      "time": 35.7,
      "tracked_predator_slot": 0,
      "target": 1
    },
    {
      "time": 35.8,
      "tracked_predator_slot": 0,
      "target": 5
    },
    {
      "time": 35.9,
      "tracked_predator_slot": 0,
      "target": 9
    },
    {
      "time": 36.5,
      "tracked_predator_slot": 0,
      "target": 4
    },
    {
      "time": 37.0,
      "tracked_predator_slot": 0,
      "target": 7
    },
    {
      "time": 37.1,
      "tracked_predator_slot": 0,
      "target": 4
    },
    {
      "time": 37.6,
      "tracked_predator_slot": 0,
      "target": 7
    },
    {
      "time": 37.7,
      "tracked_predator_slot": 0,
      "target": 4
    },
    {
      "time": 38.6,
      "tracked_predator_slot": 0,
      "target": 6
    },
    {
      "time": 38.7,
      "tracked_predator_slot": 0,
      "target": 2
    },
    {
      "time": 38.8,
      "tracked_predator_slot": 0,
      "target": 6
    },
    {
      "time": 38.9,
      "tracked_predator_slot": 0,
      "target": 2
    },
    {
      "time": 39.0,
      "tracked_predator_slot": 0,
      "target": 5
    },
    {
      "time": 39.1,
      "tracked_predator_slot": 0,
      "target": 2
    },
    {
      "time": 39.2,
      "tracked_predator_slot": 0,
      "target": 5
    },
    {
      "time": 39.4,
      "tracked_predator_slot": 0,
      "target": 4
    },
    {
      "time": 39.5,
      "tracked_predator_slot": 0,
      "target": 7
    },
    {
      "time": 39.6,
      "tracked_predator_slot": 0,
      "target": "resting"
    },
    {
      "time": 43.1,
      "tracked_predator_slot": 0,
      "target": 6
    },
    {
      "time": 43.2,
      "tracked_predator_slot": 0,
      "target": 8
    },
    {
      "time": 43.3,
      "tracked_predator_slot": 0,
      "target": 5
    },
    {
      "time": 43.4,
      "tracked_predator_slot": 0,
      "target": 2
    },
    {
      "time": 43.5,
      "tracked_predator_slot": 0,
      "target": 5
    },
    {
      "time": 43.6,
      "tracked_predator_slot": 0,
      "target": 2
    },
    {
      "time": 43.7,
      "tracked_predator_slot": 0,
      "target": 5
    },
    {
      "time": 43.8,
      "tracked_predator_slot": 0,
      "target": 2
    },
    {
      "time": 43.9,
      "tracked_predator_slot": 0,
      "target": 8
    },
    {
      "time": 44.0,
      "tracked_predator_slot": 0,
      "target": 2
    },
    {
      "time": 44.1,
      "tracked_predator_slot": 0,
      "target": 5
    },
    {
      "time": 45.1,
      "tracked_predator_slot": 0,
      "target": 7
    },
    {
      "time": 45.2,
      "tracked_predator_slot": 0,
      "target": 6
    },
    {
      "time": 45.3,
      "tracked_predator_slot": 0,
      "target": 4
    },
    {
      "time": 45.4,
      "tracked_predator_slot": 0,
      "target": 8
    },
    {
      "time": 45.7,
      "tracked_predator_slot": 0,
      "target": 1
    },
    {
      "time": 45.8,
      "tracked_predator_slot": 0,
      "target": 6
    },
    {
      "time": 45.9,
      "tracked_predator_slot": 0,
      "target": 8
    },
    {
      "time": 46.0,
      "tracked_predator_slot": 0,
      "target": 6
    },
    {
      "time": 46.1,
      "tracked_predator_slot": 0,
      "target": 8
    },
    {
      "time": 46.2,
      "tracked_predator_slot": 0,
      "target": 4
    },
    {
      "time": 46.4,
      "tracked_predator_slot": 0,
      "target": 5
    },
    {
      "time": 46.7,
      "tracked_predator_slot": 0,
      "target": 7
    },
    {
      "time": 46.8,
      "tracked_predator_slot": 0,
      "target": 5
    },
    {
      "time": 46.9,
      "tracked_predator_slot": 0,
      "target": 7
    },
    {
      "time": 47.0,
      "tracked_predator_slot": 0,
      "target": 5
    },
    {
      "time": 47.1,
      "tracked_predator_slot": 0,
      "target": 7
    },
    {
      "time": 47.2,
      "tracked_predator_slot": 0,
      "target": 5
    },
    {
      "time": 47.3,
      "tracked_predator_slot": 0,
      "target": 8
    },
    {
      "time": 47.4,
      "tracked_predator_slot": 0,
      "target": 1
    },
    {
      "time": 47.6,
      "tracked_predator_slot": 0,
      "target": 8
    },
    {
      "time": 47.7,
      "tracked_predator_slot": 0,
      "target": 2
    },
    {
      "time": 47.9,
      "tracked_predator_slot": 0,
      "target": 9
    },
    {
      "time": 48.0,
      "tracked_predator_slot": 0,
      "target": 2
    },
    {
      "time": 48.1,
      "tracked_predator_slot": 0,
      "target": 9
    },
    {
      "time": 48.2,
      "tracked_predator_slot": 0,
      "target": 8
    },
    {
      "time": 48.3,
      "tracked_predator_slot": 0,
      "target": 1
    },
    {
      "time": 48.4,
      "tracked_predator_slot": 0,
      "target": 8
    },
    {
      "time": 48.5,
      "tracked_predator_slot": 0,
      "target": 2
    },
    {
      "time": 48.6,
      "tracked_predator_slot": 0,
      "target": 9
    },
    {
      "time": 48.7,
      "tracked_predator_slot": 0,
      "target": 5
    },
    {
      "time": 48.8,
      "tracked_predator_slot": 0,
      "target": 9
    },
    {
      "time": 48.9,
      "tracked_predator_slot": 0,
      "target": 7
    },
    {
      "time": 49.0,
      "tracked_predator_slot": 0,
      "target": 9
    },
    {
      "time": 49.1,
      "tracked_predator_slot": 0,
      "target": 5
    },
    {
      "time": 49.2,
      "tracked_predator_slot": 0,
      "target": 9
    },
    {
      "time": 49.4,
      "tracked_predator_slot": 0,
      "target": 5
    },
    {
      "time": 49.5,
      "tracked_predator_slot": 0,
      "target": 9
    },
    {
      "time": 49.6,
      "tracked_predator_slot": 0,
      "target": 2
    },
    {
      "time": 49.8,
      "tracked_predator_slot": 0,
      "target": 8
    },
    {
      "time": 50.4,
      "tracked_predator_slot": 0,
      "target": 6
    },
    {
      "time": 50.6,
      "tracked_predator_slot": 0,
      "target": 4
    },
    {
      "time": 50.9,
      "tracked_predator_slot": 0,
      "target": 6
    },
    {
      "time": 51.0,
      "tracked_predator_slot": 0,
      "target": 7
    },
    {
      "time": 51.1,
      "tracked_predator_slot": 0,
      "target": 5
    },
    {
      "time": 51.5,
      "tracked_predator_slot": 0,
      "target": 2
    },
    {
      "time": 51.6,
      "tracked_predator_slot": 0,
      "target": 5
    },
    {
      "time": 51.7,
      "tracked_predator_slot": 0,
      "target": 2
    },
    {
      "time": 52.2,
      "tracked_predator_slot": 0,
      "target": 5
    },
    {
      "time": 52.5,
      "tracked_predator_slot": 0,
      "target": null
    },
    {
      "time": 52.6,
      "tracked_predator_slot": 0,
      "target": 4
    },
    {
      "time": 52.7,
      "tracked_predator_slot": 0,
      "target": 6
    },
    {
      "time": 52.8,
      "tracked_predator_slot": 0,
      "target": 1
    },
    {
      "time": 53.0,
      "tracked_predator_slot": 0,
      "target": 7
    },
    {
      "time": 53.1,
      "tracked_predator_slot": 0,
      "target": 6
    },
    {
      "time": 53.4,
      "tracked_predator_slot": 0,
      "target": 1
    },
    {
      "time": 53.5,
      "tracked_predator_slot": 0,
      "target": 4
    },
    {
      "time": 53.6,
      "tracked_predator_slot": 0,
      "target": 1
    },
    {
      "time": 53.7,
      "tracked_predator_slot": 0,
      "target": 4
    },
    {
      "time": 53.8,
      "tracked_predator_slot": 0,
      "target": 7
    },
    {
      "time": 53.9,
      "tracked_predator_slot": 0,
      "target": 5
    },
    {
      "time": 54.0,
      "tracked_predator_slot": 0,
      "target": 7
    },
    {
      "time": 54.1,
      "tracked_predator_slot": 0,
      "target": 6
    },
    {
      "time": 54.2,
      "tracked_predator_slot": 0,
      "target": 1
    },
    {
      "time": 54.3,
      "tracked_predator_slot": 0,
      "target": 6
    },
    {
      "time": 54.5,
      "tracked_predator_slot": 0,
      "target": 4
    },
    {
      "time": 54.6,
      "tracked_predator_slot": 0,
      "target": 6
    },
    {
      "time": 54.7,
      "tracked_predator_slot": 0,
      "target": 8
    },
    {
      "time": 54.8,
      "tracked_predator_slot": 0,
      "target": 1
    },
    {
      "time": 55.1,
      "tracked_predator_slot": 0,
      "target": 5
    },
    {
      "time": 55.2,
      "tracked_predator_slot": 0,
      "target": 6
    },
    {
      "time": 55.4,
      "tracked_predator_slot": 0,
      "target": 5
    },
    {
      "time": 55.5,
      "tracked_predator_slot": 0,
      "target": 7
    },
    {
      "time": 55.6,
      "tracked_predator_slot": 0,
      "target": 5
    },
    {
      "time": 55.8,
      "tracked_predator_slot": 0,
      "target": 1
    },
    {
      "time": 55.9,
      "tracked_predator_slot": 0,
      "target": 5
    },
    {
      "time": 56.0,
      "tracked_predator_slot": 0,
      "target": 2
    },
    {
      "time": 56.1,
      "tracked_predator_slot": 0,
      "target": 5
    },
    {
      "time": 56.2,
      "tracked_predator_slot": 0,
      "target": 2
    },
    {
      "time": 56.3,
      "tracked_predator_slot": 0,
      "target": 7
    },
    {
      "time": 56.4,
      "tracked_predator_slot": 0,
      "target": 2
    },
    {
      "time": 56.5,
      "tracked_predator_slot": 0,
      "target": 7
    },
    {
      "time": 56.6,
      "tracked_predator_slot": 0,
      "target": 2
    },
    {
      "time": 56.7,
      "tracked_predator_slot": 0,
      "target": 5
    },
    {
      "time": 56.8,
      "tracked_predator_slot": 0,
      "target": 2
    },
    {
      "time": 56.9,
      "tracked_predator_slot": 0,
      "target": 7
    },
    {
      "time": 57.0,
      "tracked_predator_slot": 0,
      "target": 2
    },
    {
      "time": 57.3,
      "tracked_predator_slot": 0,
      "target": 4
    },
    {
      "time": 57.4,
      "tracked_predator_slot": 0,
      "target": 5
    },
    {
      "time": 57.5,
      "tracked_predator_slot": 0,
      "target": 2
    },
    {
      "time": 57.7,
      "tracked_predator_slot": 0,
      "target": 5
    },
    {
      "time": 57.8,
      "tracked_predator_slot": 0,
      "target": 2
    },
    {
      "time": 57.9,
      "tracked_predator_slot": 0,
      "target": 0
    },
    {
      "time": 71.0,
      "tracked_predator_slot": 0,
      "target": "resting"
    },
    {
      "time": 74.5,
      "tracked_predator_slot": 0,
      "target": 0
    },
    {
      "time": 83.7,
      "tracked_predator_slot": 0,
      "target": "resting"
    },
    {
      "time": 87.2,
      "tracked_predator_slot": 0,
      "target": 0
    },
    {
      "time": 96.4,
      "tracked_predator_slot": 0,
      "target": "resting"
    },
    {
      "time": 99.9,
      "tracked_predator_slot": 0,
      "target": 0
    },
    {
      "time": 109.1,
      "tracked_predator_slot": 0,
      "target": "resting"
    },
    {
      "time": 112.6,
      "tracked_predator_slot": 0,
      "target": 0
    },
    {
      "time": 121.6,
      "tracked_predator_slot": 0,
      "target": "resting"
    },
    {
      "time": 125.1,
      "tracked_predator_slot": 0,
      "target": 0
    },
    {
      "time": 134.3,
      "tracked_predator_slot": 0,
      "target": "resting"
    },
    {
      "time": 137.8,
      "tracked_predator_slot": 0,
      "target": 0
    },
    {
      "time": 146.8,
      "tracked_predator_slot": 0,
      "target": "resting"
    },
    {
      "time": 150.3,
      "tracked_predator_slot": 0,
      "target": 0
    },
    {
      "time": 159.6,
      "tracked_predator_slot": 0,
      "target": "resting"
    },
    {
      "time": 163.1,
      "tracked_predator_slot": 0,
      "target": 0
    },
    {
      "time": 172.4,
      "tracked_predator_slot": 0,
      "target": "resting"
    },
    {
      "time": 175.9,
      "tracked_predator_slot": 0,
      "target": 0
    },
    {
      "time": 185.1,
      "tracked_predator_slot": 0,
      "target": "resting"
    },
    {
      "time": 188.6,
      "tracked_predator_slot": 0,
      "target": 0
    },
    {
      "time": 197.9,
      "tracked_predator_slot": 0,
      "target": "resting"
    },
    {
      "time": 201.4,
      "tracked_predator_slot": 0,
      "target": 0
    },
    {
      "time": 210.7,
      "tracked_predator_slot": 0,
      "target": "resting"
    },
    {
      "time": 214.2,
      "tracked_predator_slot": 0,
      "target": 0
    },
    {
      "time": 223.5,
      "tracked_predator_slot": 0,
      "target": "resting"
    },
    {
      "time": 227.0,
      "tracked_predator_slot": 0,
      "target": 0
    },
    {
      "time": 236.3,
      "tracked_predator_slot": 0,
      "target": "resting"
    },
    {
      "time": 239.8,
      "tracked_predator_slot": 0,
      "target": 0
    },
    {
      "time": 249.0,
      "tracked_predator_slot": 0,
      "target": "resting"
    },
    {
      "time": 252.5,
      "tracked_predator_slot": 0,
      "target": 0
    },
    {
      "time": 261.8,
      "tracked_predator_slot": 0,
      "target": "resting"
    },
    {
      "time": 265.3,
      "tracked_predator_slot": 0,
      "target": 0
    },
    {
      "time": 274.6,
      "tracked_predator_slot": 0,
      "target": "resting"
    },
    {
      "time": 278.1,
      "tracked_predator_slot": 0,
      "target": 0
    },
    {
      "time": 287.4,
      "tracked_predator_slot": 0,
      "target": "resting"
    },
    {
      "time": 290.9,
      "tracked_predator_slot": 0,
      "target": 0
    }
  ],
  "guide_role_trace": [
    {
      "time": 0,
      "active_guide_id": 1
    },
    {
      "time": 0.4,
      "active_guide_id": 2
    },
    {
      "time": 0.6,
      "active_guide_id": 3
    },
    {
      "time": 0.7,
      "active_guide_id": 6
    },
    {
      "time": 1.0,
      "active_guide_id": 2
    },
    {
      "time": 1.1,
      "active_guide_id": 3
    },
    {
      "time": 1.2,
      "active_guide_id": 9
    },
    {
      "time": 1.4,
      "active_guide_id": 7
    },
    {
      "time": 1.5,
      "active_guide_id": 9
    },
    {
      "time": 2.0,
      "active_guide_id": 8
    },
    {
      "time": 2.1,
      "active_guide_id": 6
    },
    {
      "time": 2.2,
      "active_guide_id": 9
    },
    {
      "time": 2.3,
      "active_guide_id": 7
    },
    {
      "time": 2.6,
      "active_guide_id": 8
    },
    {
      "time": 2.8,
      "active_guide_id": 2
    },
    {
      "time": 3.1,
      "active_guide_id": 1
    },
    {
      "time": 3.3,
      "active_guide_id": 7
    },
    {
      "time": 3.4,
      "active_guide_id": 4
    },
    {
      "time": 3.5,
      "active_guide_id": 1
    },
    {
      "time": 7.9,
      "active_guide_id": 3
    },
    {
      "time": 8.8,
      "active_guide_id": 1
    },
    {
      "time": 9.9,
      "active_guide_id": 5
    },
    {
      "time": 10.2,
      "active_guide_id": 1
    },
    {
      "time": 10.3,
      "active_guide_id": 5
    },
    {
      "time": 10.4,
      "active_guide_id": 1
    },
    {
      "time": 10.7,
      "active_guide_id": 3
    },
    {
      "time": 11.1,
      "active_guide_id": 1
    },
    {
      "time": 11.5,
      "active_guide_id": 3
    },
    {
      "time": 11.9,
      "active_guide_id": 5
    },
    {
      "time": 12.2,
      "active_guide_id": 1
    },
    {
      "time": 12.5,
      "active_guide_id": 3
    },
    {
      "time": 12.6,
      "active_guide_id": 1
    },
    {
      "time": 12.9,
      "active_guide_id": 5
    },
    {
      "time": 13.4,
      "active_guide_id": 1
    },
    {
      "time": 14.6,
      "active_guide_id": 3
    },
    {
      "time": 15.0,
      "active_guide_id": 4
    },
    {
      "time": 15.3,
      "active_guide_id": 3
    },
    {
      "time": 18.3,
      "active_guide_id": 7
    },
    {
      "time": 18.7,
      "active_guide_id": 3
    },
    {
      "time": 19.1,
      "active_guide_id": 7
    },
    {
      "time": 19.6,
      "active_guide_id": 6
    },
    {
      "time": 19.8,
      "active_guide_id": 3
    },
    {
      "time": 20.0,
      "active_guide_id": 4
    },
    {
      "time": 20.2,
      "active_guide_id": 7
    },
    {
      "time": 20.3,
      "active_guide_id": 4
    },
    {
      "time": 20.6,
      "active_guide_id": 1
    },
    {
      "time": 20.9,
      "active_guide_id": 4
    },
    {
      "time": 21.1,
      "active_guide_id": 9
    },
    {
      "time": 21.5,
      "active_guide_id": 5
    },
    {
      "time": 21.6,
      "active_guide_id": 3
    },
    {
      "time": 21.7,
      "active_guide_id": 5
    },
    {
      "time": 21.8,
      "active_guide_id": 3
    },
    {
      "time": 21.9,
      "active_guide_id": 5
    },
    {
      "time": 22.0,
      "active_guide_id": 3
    },
    {
      "time": 22.1,
      "active_guide_id": 5
    },
    {
      "time": 22.2,
      "active_guide_id": 4
    },
    {
      "time": 22.3,
      "active_guide_id": 5
    },
    {
      "time": 22.4,
      "active_guide_id": 1
    },
    {
      "time": 22.8,
      "active_guide_id": 4
    },
    {
      "time": 22.9,
      "active_guide_id": 1
    },
    {
      "time": 23.0,
      "active_guide_id": 5
    },
    {
      "time": 23.1,
      "active_guide_id": 4
    },
    {
      "time": 23.2,
      "active_guide_id": 6
    },
    {
      "time": 23.4,
      "active_guide_id": 5
    },
    {
      "time": 23.5,
      "active_guide_id": 1
    },
    {
      "time": 23.6,
      "active_guide_id": 5
    },
    {
      "time": 23.8,
      "active_guide_id": 1
    },
    {
      "time": 24.2,
      "active_guide_id": 6
    },
    {
      "time": 24.3,
      "active_guide_id": 2
    },
    {
      "time": 24.9,
      "active_guide_id": 8
    },
    {
      "time": 25.0,
      "active_guide_id": 7
    },
    {
      "time": 25.4,
      "active_guide_id": 8
    },
    {
      "time": 25.6,
      "active_guide_id": 1
    },
    {
      "time": 26.1,
      "active_guide_id": 2
    },
    {
      "time": 26.3,
      "active_guide_id": 5
    },
    {
      "time": 26.5,
      "active_guide_id": 7
    },
    {
      "time": 27.4,
      "active_guide_id": 3
    },
    {
      "time": 30.7,
      "active_guide_id": 5
    },
    {
      "time": 30.8,
      "active_guide_id": 7
    },
    {
      "time": 31.8,
      "active_guide_id": 5
    },
    {
      "time": 32.3,
      "active_guide_id": 4
    },
    {
      "time": 32.6,
      "active_guide_id": 7
    },
    {
      "time": 32.7,
      "active_guide_id": 4
    },
    {
      "time": 32.9,
      "active_guide_id": 7
    },
    {
      "time": 33.1,
      "active_guide_id": 4
    },
    {
      "time": 33.3,
      "active_guide_id": 7
    },
    {
      "time": 33.7,
      "active_guide_id": 1
    },
    {
      "time": 33.9,
      "active_guide_id": 8
    },
    {
      "time": 34.1,
      "active_guide_id": 1
    },
    {
      "time": 34.3,
      "active_guide_id": 2
    },
    {
      "time": 34.5,
      "active_guide_id": 6
    },
    {
      "time": 34.6,
      "active_guide_id": 2
    },
    {
      "time": 34.7,
      "active_guide_id": 6
    },
    {
      "time": 34.8,
      "active_guide_id": 9
    },
    {
      "time": 34.9,
      "active_guide_id": 8
    },
    {
      "time": 35.2,
      "active_guide_id": 4
    },
    {
      "time": 35.3,
      "active_guide_id": 8
    },
    {
      "time": 35.5,
      "active_guide_id": 4
    },
    {
      "time": 35.6,
      "active_guide_id": 8
    },
    {
      "time": 35.9,
      "active_guide_id": 7
    },
    {
      "time": 36.0,
      "active_guide_id": 9
    },
    {
      "time": 36.3,
      "active_guide_id": 6
    },
    {
      "time": 36.4,
      "active_guide_id": 7
    },
    {
      "time": 36.8,
      "active_guide_id": 4
    },
    {
      "time": 37.6,
      "active_guide_id": 7
    },
    {
      "time": 37.8,
      "active_guide_id": 4
    },
    {
      "time": 38.6,
      "active_guide_id": 6
    },
    {
      "time": 38.9,
      "active_guide_id": 2
    },
    {
      "time": 39.0,
      "active_guide_id": 5
    },
    {
      "time": 39.1,
      "active_guide_id": 2
    },
    {
      "time": 39.2,
      "active_guide_id": 5
    },
    {
      "time": 39.4,
      "active_guide_id": 4
    },
    {
      "time": 39.5,
      "active_guide_id": 7
    },
    {
      "time": 39.8,
      "active_guide_id": 4
    },
    {
      "time": 39.9,
      "active_guide_id": 8
    },
    {
      "time": 40.0,
      "active_guide_id": 9
    },
    {
      "time": 40.1,
      "active_guide_id": 4
    },
    {
      "time": 40.2,
      "active_guide_id": 9
    },
    {
      "time": 40.3,
      "active_guide_id": 6
    },
    {
      "time": 40.5,
      "active_guide_id": 8
    },
    {
      "time": 40.6,
      "active_guide_id": 6
    },
    {
      "time": 41.0,
      "active_guide_id": 8
    },
    {
      "time": 41.1,
      "active_guide_id": 6
    },
    {
      "time": 41.2,
      "active_guide_id": 8
    },
    {
      "time": 41.3,
      "active_guide_id": 6
    },
    {
      "time": 41.4,
      "active_guide_id": 8
    },
    {
      "time": 41.5,
      "active_guide_id": 9
    },
    {
      "time": 41.6,
      "active_guide_id": 8
    },
    {
      "time": 41.7,
      "active_guide_id": 6
    },
    {
      "time": 41.8,
      "active_guide_id": 8
    },
    {
      "time": 41.9,
      "active_guide_id": 6
    },
    {
      "time": 42.0,
      "active_guide_id": 8
    },
    {
      "time": 42.1,
      "active_guide_id": 6
    },
    {
      "time": 42.2,
      "active_guide_id": 8
    },
    {
      "time": 42.3,
      "active_guide_id": 6
    },
    {
      "time": 42.4,
      "active_guide_id": 8
    },
    {
      "time": 42.5,
      "active_guide_id": 6
    },
    {
      "time": 42.6,
      "active_guide_id": 8
    },
    {
      "time": 42.7,
      "active_guide_id": 1
    },
    {
      "time": 42.8,
      "active_guide_id": 8
    },
    {
      "time": 42.9,
      "active_guide_id": 1
    },
    {
      "time": 43.0,
      "active_guide_id": 8
    },
    {
      "time": 43.1,
      "active_guide_id": 1
    },
    {
      "time": 43.2,
      "active_guide_id": 8
    },
    {
      "time": 43.3,
      "active_guide_id": 5
    },
    {
      "time": 43.4,
      "active_guide_id": 2
    },
    {
      "time": 43.5,
      "active_guide_id": 5
    },
    {
      "time": 43.6,
      "active_guide_id": 2
    },
    {
      "time": 43.7,
      "active_guide_id": 5
    },
    {
      "time": 43.8,
      "active_guide_id": 2
    },
    {
      "time": 43.9,
      "active_guide_id": 8
    },
    {
      "time": 44.0,
      "active_guide_id": 2
    },
    {
      "time": 44.2,
      "active_guide_id": 7
    },
    {
      "time": 44.3,
      "active_guide_id": 5
    },
    {
      "time": 45.0,
      "active_guide_id": 6
    },
    {
      "time": 45.1,
      "active_guide_id": 7
    },
    {
      "time": 45.2,
      "active_guide_id": 6
    },
    {
      "time": 45.3,
      "active_guide_id": 9
    },
    {
      "time": 45.5,
      "active_guide_id": 8
    },
    {
      "time": 45.7,
      "active_guide_id": 5
    },
    {
      "time": 45.8,
      "active_guide_id": 6
    },
    {
      "time": 45.9,
      "active_guide_id": 8
    },
    {
      "time": 46.0,
      "active_guide_id": 6
    },
    {
      "time": 46.1,
      "active_guide_id": 8
    },
    {
      "time": 46.2,
      "active_guide_id": 4
    },
    {
      "time": 46.3,
      "active_guide_id": 7
    },
    {
      "time": 46.5,
      "active_guide_id": 5
    },
    {
      "time": 46.9,
      "active_guide_id": 7
    },
    {
      "time": 47.0,
      "active_guide_id": 9
    },
    {
      "time": 47.3,
      "active_guide_id": 8
    },
    {
      "time": 47.4,
      "active_guide_id": 9
    },
    {
      "time": 47.5,
      "active_guide_id": 1
    },
    {
      "time": 47.6,
      "active_guide_id": 2
    },
    {
      "time": 47.9,
      "active_guide_id": 9
    },
    {
      "time": 48.0,
      "active_guide_id": 2
    },
    {
      "time": 48.1,
      "active_guide_id": 8
    },
    {
      "time": 48.3,
      "active_guide_id": 1
    },
    {
      "time": 48.4,
      "active_guide_id": 8
    },
    {
      "time": 48.5,
      "active_guide_id": 1
    },
    {
      "time": 48.6,
      "active_guide_id": 6
    },
    {
      "time": 48.7,
      "active_guide_id": 5
    },
    {
      "time": 48.8,
      "active_guide_id": 9
    },
    {
      "time": 48.9,
      "active_guide_id": 7
    },
    {
      "time": 49.0,
      "active_guide_id": 9
    },
    {
      "time": 49.1,
      "active_guide_id": 5
    },
    {
      "time": 49.7,
      "active_guide_id": 2
    },
    {
      "time": 49.8,
      "active_guide_id": 8
    },
    {
      "time": 50.4,
      "active_guide_id": 6
    },
    {
      "time": 50.6,
      "active_guide_id": 4
    },
    {
      "time": 50.9,
      "active_guide_id": 6
    },
    {
      "time": 51.3,
      "active_guide_id": 5
    },
    {
      "time": 51.8,
      "active_guide_id": 2
    },
    {
      "time": 52.2,
      "active_guide_id": 5
    },
    {
      "time": 52.4,
      "active_guide_id": 4
    },
    {
      "time": 52.7,
      "active_guide_id": 8
    },
    {
      "time": 52.8,
      "active_guide_id": 7
    },
    {
      "time": 53.1,
      "active_guide_id": 6
    },
    {
      "time": 53.4,
      "active_guide_id": 1
    },
    {
      "time": 53.5,
      "active_guide_id": 4
    },
    {
      "time": 53.9,
      "active_guide_id": 5
    },
    {
      "time": 54.1,
      "active_guide_id": 6
    },
    {
      "time": 54.7,
      "active_guide_id": 8
    },
    {
      "time": 54.9,
      "active_guide_id": 5
    },
    {
      "time": 55.0,
      "active_guide_id": 1
    },
    {
      "time": 55.1,
      "active_guide_id": 7
    },
    {
      "time": 55.2,
      "active_guide_id": 6
    },
    {
      "time": 55.5,
      "active_guide_id": 7
    },
    {
      "time": 55.6,
      "active_guide_id": 6
    },
    {
      "time": 55.8,
      "active_guide_id": 1
    },
    {
      "time": 55.9,
      "active_guide_id": 7
    },
    {
      "time": 56.0,
      "active_guide_id": 2
    },
    {
      "time": 56.1,
      "active_guide_id": 5
    },
    {
      "time": 56.2,
      "active_guide_id": 2
    },
    {
      "time": 56.3,
      "active_guide_id": 7
    },
    {
      "time": 56.4,
      "active_guide_id": 2
    },
    {
      "time": 56.5,
      "active_guide_id": 7
    },
    {
      "time": 56.6,
      "active_guide_id": 2
    },
    {
      "time": 56.7,
      "active_guide_id": 5
    },
    {
      "time": 56.8,
      "active_guide_id": 2
    },
    {
      "time": 56.9,
      "active_guide_id": 7
    },
    {
      "time": 57.0,
      "active_guide_id": 2
    },
    {
      "time": 57.1,
      "active_guide_id": 8
    },
    {
      "time": 57.3,
      "active_guide_id": 4
    },
    {
      "time": 57.5,
      "active_guide_id": 7
    },
    {
      "time": 57.6,
      "active_guide_id": 2
    },
    {
      "time": 57.7,
      "active_guide_id": 5
    },
    {
      "time": 57.8,
      "active_guide_id": 1
    },
    {
      "time": 58.2,
      "active_guide_id": 8
    },
    {
      "time": 58.5,
      "active_guide_id": 6
    },
    {
      "time": 58.6,
      "active_guide_id": 8
    },
    {
      "time": 58.7,
      "active_guide_id": 6
    },
    {
      "time": 58.8,
      "active_guide_id": 1
    },
    {
      "time": 59.3,
      "active_guide_id": 2
    },
    {
      "time": 59.4,
      "active_guide_id": 4
    },
    {
      "time": 59.5,
      "active_guide_id": 1
    },
    {
      "time": 59.6,
      "active_guide_id": 8
    },
    {
      "time": 59.8,
      "active_guide_id": 6
    },
    {
      "time": 59.9,
      "active_guide_id": 8
    },
    {
      "time": 60.1,
      "active_guide_id": 4
    },
    {
      "time": 60.2,
      "active_guide_id": 6
    },
    {
      "time": 60.3,
      "active_guide_id": 4
    },
    {
      "time": 60.4,
      "active_guide_id": 8
    },
    {
      "time": 60.5,
      "active_guide_id": 2
    },
    {
      "time": 60.6,
      "active_guide_id": 1
    },
    {
      "time": 60.7,
      "active_guide_id": 2
    },
    {
      "time": 60.8,
      "active_guide_id": 4
    },
    {
      "time": 60.9,
      "active_guide_id": 2
    },
    {
      "time": 61.0,
      "active_guide_id": 6
    },
    {
      "time": 61.1,
      "active_guide_id": 8
    },
    {
      "time": 61.3,
      "active_guide_id": 6
    },
    {
      "time": 61.5,
      "active_guide_id": 8
    },
    {
      "time": 61.8,
      "active_guide_id": 2
    },
    {
      "time": 61.9,
      "active_guide_id": 4
    },
    {
      "time": 62.0,
      "active_guide_id": 6
    },
    {
      "time": 62.1,
      "active_guide_id": 1
    },
    {
      "time": 62.3,
      "active_guide_id": 8
    },
    {
      "time": 62.4,
      "active_guide_id": 6
    },
    {
      "time": 62.7,
      "active_guide_id": 2
    },
    {
      "time": 63.0,
      "active_guide_id": 6
    },
    {
      "time": 63.3,
      "active_guide_id": 1
    },
    {
      "time": 63.5,
      "active_guide_id": 8
    },
    {
      "time": 63.7,
      "active_guide_id": 6
    },
    {
      "time": 64.0,
      "active_guide_id": 8
    },
    {
      "time": 64.1,
      "active_guide_id": 2
    },
    {
      "time": 64.2,
      "active_guide_id": 8
    },
    {
      "time": 64.3,
      "active_guide_id": 6
    },
    {
      "time": 64.4,
      "active_guide_id": 8
    },
    {
      "time": 64.7,
      "active_guide_id": 2
    },
    {
      "time": 64.8,
      "active_guide_id": 6
    },
    {
      "time": 65.2,
      "active_guide_id": 8
    },
    {
      "time": 65.3,
      "active_guide_id": 6
    },
    {
      "time": 65.5,
      "active_guide_id": 8
    },
    {
      "time": 66.1,
      "active_guide_id": 1
    },
    {
      "time": 66.2,
      "active_guide_id": 4
    },
    {
      "time": 68.3,
      "active_guide_id": 6
    },
    {
      "time": 68.6,
      "active_guide_id": 4
    },
    {
      "time": 68.7,
      "active_guide_id": 6
    },
    {
      "time": 70.3,
      "active_guide_id": 1
    },
    {
      "time": 71.5,
      "active_guide_id": 8
    },
    {
      "time": 74.7,
      "active_guide_id": 6
    },
    {
      "time": 75.2,
      "active_guide_id": 8
    }
  ],
  "guide_follow_trace": [
    {
      "time": 0.1,
      "active_guide_id": 1,
      "tracked_predator_slot": 0
    },
    {
      "time": 0.8,
      "active_guide_id": 6,
      "tracked_predator_slot": 0
    },
    {
      "time": 1.3,
      "active_guide_id": 9,
      "tracked_predator_slot": 0
    },
    {
      "time": 1.6,
      "active_guide_id": 9,
      "tracked_predator_slot": 0
    },
    {
      "time": 2.4,
      "active_guide_id": 7,
      "tracked_predator_slot": 0
    },
    {
      "time": 2.7,
      "active_guide_id": 8,
      "tracked_predator_slot": 0
    },
    {
      "time": 3.0,
      "active_guide_id": 2,
      "tracked_predator_slot": 0
    },
    {
      "time": 4.2,
      "active_guide_id": 1,
      "tracked_predator_slot": 0
    },
    {
      "time": 8.0,
      "active_guide_id": 3,
      "tracked_predator_slot": 0
    },
    {
      "time": 9.5,
      "active_guide_id": 1,
      "tracked_predator_slot": 0
    },
    {
      "time": 10.0,
      "active_guide_id": 5,
      "tracked_predator_slot": 0
    },
    {
      "time": 10.5,
      "active_guide_id": 1,
      "tracked_predator_slot": 0
    },
    {
      "time": 10.9,
      "active_guide_id": 3,
      "tracked_predator_slot": 0
    },
    {
      "time": 11.2,
      "active_guide_id": 1,
      "tracked_predator_slot": 0
    },
    {
      "time": 11.6,
      "active_guide_id": 3,
      "tracked_predator_slot": 0
    },
    {
      "time": 13.0,
      "active_guide_id": 5,
      "tracked_predator_slot": 0
    },
    {
      "time": 13.6,
      "active_guide_id": 1,
      "tracked_predator_slot": 0
    },
    {
      "time": 17.9,
      "active_guide_id": 3,
      "tracked_predator_slot": 0
    },
    {
      "time": 18.5,
      "active_guide_id": 7,
      "tracked_predator_slot": 0
    },
    {
      "time": 19.0,
      "active_guide_id": 3,
      "tracked_predator_slot": 0
    },
    {
      "time": 19.2,
      "active_guide_id": 7,
      "tracked_predator_slot": 0
    },
    {
      "time": 19.7,
      "active_guide_id": 6,
      "tracked_predator_slot": 0
    },
    {
      "time": 19.9,
      "active_guide_id": 3,
      "tracked_predator_slot": 0
    },
    {
      "time": 20.4,
      "active_guide_id": 4,
      "tracked_predator_slot": 0
    },
    {
      "time": 20.7,
      "active_guide_id": 1,
      "tracked_predator_slot": 0
    },
    {
      "time": 22.5,
      "active_guide_id": 1,
      "tracked_predator_slot": 0
    },
    {
      "time": 22.9,
      "active_guide_id": 4,
      "tracked_predator_slot": 0
    },
    {
      "time": 23.7,
      "active_guide_id": 5,
      "tracked_predator_slot": 0
    },
    {
      "time": 23.9,
      "active_guide_id": 1,
      "tracked_predator_slot": 0
    },
    {
      "time": 25.1,
      "active_guide_id": 7,
      "tracked_predator_slot": 0
    },
    {
      "time": 25.5,
      "active_guide_id": 8,
      "tracked_predator_slot": 0
    },
    {
      "time": 25.7,
      "active_guide_id": 1,
      "tracked_predator_slot": 0
    },
    {
      "time": 26.6,
      "active_guide_id": 7,
      "tracked_predator_slot": 0
    },
    {
      "time": 30.9,
      "active_guide_id": 7,
      "tracked_predator_slot": 0
    },
    {
      "time": 31.9,
      "active_guide_id": 5,
      "tracked_predator_slot": 0
    },
    {
      "time": 32.4,
      "active_guide_id": 4,
      "tracked_predator_slot": 0
    },
    {
      "time": 32.8,
      "active_guide_id": 4,
      "tracked_predator_slot": 0
    },
    {
      "time": 33.0,
      "active_guide_id": 7,
      "tracked_predator_slot": 0
    },
    {
      "time": 33.2,
      "active_guide_id": 4,
      "tracked_predator_slot": 0
    },
    {
      "time": 33.6,
      "active_guide_id": 7,
      "tracked_predator_slot": 0
    },
    {
      "time": 34.0,
      "active_guide_id": 8,
      "tracked_predator_slot": 0
    },
    {
      "time": 34.2,
      "active_guide_id": 1,
      "tracked_predator_slot": 0
    },
    {
      "time": 35.0,
      "active_guide_id": 8,
      "tracked_predator_slot": 0
    },
    {
      "time": 35.4,
      "active_guide_id": 8,
      "tracked_predator_slot": 0
    },
    {
      "time": 36.1,
      "active_guide_id": 9,
      "tracked_predator_slot": 0
    },
    {
      "time": 36.9,
      "active_guide_id": 4,
      "tracked_predator_slot": 0
    },
    {
      "time": 37.9,
      "active_guide_id": 4,
      "tracked_predator_slot": 0
    },
    {
      "time": 38.8,
      "active_guide_id": 6,
      "tracked_predator_slot": 0
    },
    {
      "time": 39.3,
      "active_guide_id": 5,
      "tracked_predator_slot": 0
    },
    {
      "time": 44.4,
      "active_guide_id": 5,
      "tracked_predator_slot": 0
    },
    {
      "time": 45.6,
      "active_guide_id": 8,
      "tracked_predator_slot": 0
    },
    {
      "time": 46.3,
      "active_guide_id": 4,
      "tracked_predator_slot": 0
    },
    {
      "time": 46.6,
      "active_guide_id": 5,
      "tracked_predator_slot": 0
    },
    {
      "time": 47.7,
      "active_guide_id": 2,
      "tracked_predator_slot": 0
    },
    {
      "time": 48.2,
      "active_guide_id": 8,
      "tracked_predator_slot": 0
    },
    {
      "time": 49.4,
      "active_guide_id": 5,
      "tracked_predator_slot": 0
    },
    {
      "time": 49.9,
      "active_guide_id": 8,
      "tracked_predator_slot": 0
    },
    {
      "time": 50.5,
      "active_guide_id": 6,
      "tracked_predator_slot": 0
    },
    {
      "time": 50.7,
      "active_guide_id": 4,
      "tracked_predator_slot": 0
    },
    {
      "time": 51.4,
      "active_guide_id": 5,
      "tracked_predator_slot": 0
    },
    {
      "time": 51.9,
      "active_guide_id": 2,
      "tracked_predator_slot": 0
    },
    {
      "time": 52.3,
      "active_guide_id": 5,
      "tracked_predator_slot": 0
    },
    {
      "time": 52.6,
      "active_guide_id": 4,
      "tracked_predator_slot": 0
    },
    {
      "time": 53.0,
      "active_guide_id": 7,
      "tracked_predator_slot": 0
    },
    {
      "time": 53.2,
      "active_guide_id": 6,
      "tracked_predator_slot": 0
    },
    {
      "time": 53.7,
      "active_guide_id": 4,
      "tracked_predator_slot": 0
    },
    {
      "time": 54.3,
      "active_guide_id": 6,
      "tracked_predator_slot": 0
    },
    {
      "time": 55.3,
      "active_guide_id": 6,
      "tracked_predator_slot": 0
    },
    {
      "time": 57.1,
      "active_guide_id": 2,
      "tracked_predator_slot": 0
    }
  ],
  "guide_role": "child",
  "parent_role": "gather_evade",
  "child_role": "guide",
  "active_guide_id_final": 8,
  "active_guide_alive_final": true,
  "guide_role_ids": [
    1,
    2,
    3,
    4,
    5,
    6,
    7,
    8,
    9
  ],
  "bait_deployed_at": 0.1,
  "policy_bait_ready_final": false,
  "bait_left_after_deployment": null,
  "final_bait_distance_to_goal": 0.0,
  "first_guide_predator_observation": 0.1,
  "first_predator_following_guide": 0.1,
  "first_predator_following_active_guide": null,
  "tracked_seen_by_guide": 1,
  "tracked_followed_active_guide": 0,
  "physical_entered": 1,
  "guided_delivered": 0,
  "physical_losses_after_delivery": 0,
  "target_losses_after_delivery": 0,
  "physical_entry_times": [
    57.9
  ],
  "guided_delivery_times": [
    null
  ],
  "loss_times": [
    null
  ],
  "target_loss_times": [
    null
  ],
  "tail_seconds": 30.0,
  "tail_physical_min": 1,
  "tail_contained_min": 1,
  "final_distance_from_mouth": [
    20.5755
  ],
  "max_distance_after_delivery": [
    0.0
  ],
  "policy_events": [
    {
      "time": 0.1,
      "kind": "bounded_emergency_reserve_birth",
      "parent_id": 1,
      "request_number": 1,
      "observed_distance": 55.0
    },
    {
      "time": 0.2,
      "kind": "native_backup_registered",
      "agent_id": 2
    },
    {
      "time": 0.2,
      "kind": "bounded_emergency_reserve_birth",
      "parent_id": 1,
      "request_number": 2,
      "observed_distance": 55.4231
    },
    {
      "time": 0.3,
      "kind": "native_backup_registered",
      "agent_id": 3
    },
    {
      "time": 0.3,
      "kind": "bounded_emergency_reserve_birth",
      "parent_id": 1,
      "request_number": 3,
      "observed_distance": 45.4546
    },
    {
      "time": 0.4,
      "kind": "native_backup_registered",
      "agent_id": 4
    },
    {
      "time": 0.4,
      "kind": "public_dto_active_guide",
      "agent_id": 2,
      "reason": "minimum_observed_predator_distance_hysteresis"
    },
    {
      "time": 0.4,
      "kind": "bounded_emergency_reserve_birth",
      "parent_id": 1,
      "request_number": 4,
      "observed_distance": 50.5885
    },
    {
      "time": 0.5,
      "kind": "native_backup_registered",
      "agent_id": 5
    },
    {
      "time": 0.5,
      "kind": "bounded_emergency_reserve_birth",
      "parent_id": 1,
      "request_number": 5,
      "observed_distance": 51.137
    },
    {
      "time": 0.6,
      "kind": "native_backup_registered",
      "agent_id": 6
    },
    {
      "time": 0.6,
      "kind": "public_dto_active_guide",
      "agent_id": 3,
      "reason": "minimum_observed_predator_distance_hysteresis"
    },
    {
      "time": 0.6,
      "kind": "bounded_emergency_reserve_birth",
      "parent_id": 6,
      "request_number": 6,
      "observed_distance": 52.1062
    },
    {
      "time": 0.7,
      "kind": "native_backup_registered",
      "agent_id": 7
    },
    {
      "time": 0.7,
      "kind": "public_dto_active_guide",
      "agent_id": 6,
      "reason": "minimum_observed_predator_distance_hysteresis"
    },
    {
      "time": 0.7,
      "kind": "bounded_emergency_reserve_birth",
      "parent_id": 1,
      "request_number": 7,
      "observed_distance": 48.8886
    },
    {
      "time": 0.8,
      "kind": "native_backup_registered",
      "agent_id": 8
    },
    {
      "time": 0.8,
      "kind": "bounded_emergency_reserve_birth",
      "parent_id": 1,
      "request_number": 8,
      "observed_distance": 60.901
    },
    {
      "time": 0.9,
      "kind": "native_backup_registered",
      "agent_id": 9
    },
    {
      "time": 1.0,
      "kind": "public_dto_active_guide",
      "agent_id": 2,
      "reason": "minimum_observed_predator_distance_hysteresis"
    },
    {
      "time": 1.1,
      "kind": "public_dto_active_guide",
      "agent_id": 3,
      "reason": "minimum_observed_predator_distance_hysteresis"
    },
    {
      "time": 1.2,
      "kind": "public_dto_active_guide",
      "agent_id": 9,
      "reason": "minimum_observed_predator_distance_hysteresis"
    },
    {
      "time": 1.4,
      "kind": "public_dto_active_guide",
      "agent_id": 7,
      "reason": "minimum_observed_predator_distance_hysteresis"
    },
    {
      "time": 1.5,
      "kind": "public_dto_active_guide",
      "agent_id": 9,
      "reason": "minimum_observed_predator_distance_hysteresis"
    },
    {
      "time": 2.0,
      "kind": "public_dto_active_guide",
      "agent_id": 8,
      "reason": "minimum_observed_predator_distance_hysteresis"
    },
    {
      "time": 2.1,
      "kind": "public_dto_active_guide",
      "agent_id": 6,
      "reason": "minimum_observed_predator_distance_hysteresis"
    },
    {
      "time": 2.2,
      "kind": "public_dto_active_guide",
      "agent_id": 9,
      "reason": "minimum_observed_predator_distance_hysteresis"
    },
    {
      "time": 2.3,
      "kind": "public_dto_active_guide",
      "agent_id": 7,
      "reason": "minimum_observed_predator_distance_hysteresis"
    },
    {
      "time": 2.6,
      "kind": "public_dto_active_guide",
      "agent_id": 8,
      "reason": "minimum_observed_predator_distance_hysteresis"
    },
    {
      "time": 2.8,
      "kind": "public_dto_active_guide",
      "agent_id": 2,
      "reason": "minimum_observed_predator_distance_hysteresis"
    },
    {
      "time": 3.1,
      "kind": "public_dto_active_guide",
      "agent_id": 1,
      "reason": "minimum_observed_predator_distance_hysteresis"
    },
    {
      "time": 3.3,
      "kind": "public_dto_active_guide",
      "agent_id": 7,
      "reason": "minimum_observed_predator_distance_hysteresis"
    },
    {
      "time": 3.4,
      "kind": "public_dto_active_guide",
      "agent_id": 4,
      "reason": "minimum_observed_predator_distance_hysteresis"
    },
    {
      "time": 3.5,
      "kind": "public_dto_active_guide",
      "agent_id": 1,
      "reason": "minimum_observed_predator_distance_hysteresis"
    },
    {
      "time": 7.9,
      "kind": "public_dto_active_guide",
      "agent_id": 3,
      "reason": "minimum_observed_predator_distance_hysteresis"
    },
    {
      "time": 8.8,
      "kind": "public_dto_active_guide",
      "agent_id": 1,
      "reason": "minimum_observed_predator_distance_hysteresis"
    },
    {
      "time": 9.9,
      "kind": "public_dto_active_guide",
      "agent_id": 5,
      "reason": "minimum_observed_predator_distance_hysteresis"
    },
    {
      "time": 10.2,
      "kind": "public_dto_active_guide",
      "agent_id": 1,
      "reason": "minimum_observed_predator_distance_hysteresis"
    },
    {
      "time": 10.3,
      "kind": "public_dto_active_guide",
      "agent_id": 5,
      "reason": "minimum_observed_predator_distance_hysteresis"
    },
    {
      "time": 10.4,
      "kind": "public_dto_active_guide",
      "agent_id": 1,
      "reason": "minimum_observed_predator_distance_hysteresis"
    },
    {
      "time": 10.7,
      "kind": "public_dto_active_guide",
      "agent_id": 3,
      "reason": "minimum_observed_predator_distance_hysteresis"
    },
    {
      "time": 11.1,
      "kind": "public_dto_active_guide",
      "agent_id": 1,
      "reason": "minimum_observed_predator_distance_hysteresis"
    },
    {
      "time": 11.5,
      "kind": "public_dto_active_guide",
      "agent_id": 3,
      "reason": "minimum_observed_predator_distance_hysteresis"
    },
    {
      "time": 11.9,
      "kind": "public_dto_active_guide",
      "agent_id": 5,
      "reason": "minimum_observed_predator_distance_hysteresis"
    },
    {
      "time": 12.2,
      "kind": "public_dto_active_guide",
      "agent_id": 1,
      "reason": "minimum_observed_predator_distance_hysteresis"
    },
    {
      "time": 12.5,
      "kind": "public_dto_active_guide",
      "agent_id": 3,
      "reason": "minimum_observed_predator_distance_hysteresis"
    },
    {
      "time": 12.6,
      "kind": "public_dto_active_guide",
      "agent_id": 1,
      "reason": "minimum_observed_predator_distance_hysteresis"
    },
    {
      "time": 12.9,
      "kind": "public_dto_active_guide",
      "agent_id": 5,
      "reason": "minimum_observed_predator_distance_hysteresis"
    },
    {
      "time": 13.4,
      "kind": "public_dto_active_guide",
      "agent_id": 1,
      "reason": "minimum_observed_predator_distance_hysteresis"
    },
    {
      "time": 14.6,
      "kind": "public_dto_active_guide",
      "agent_id": 3,
      "reason": "minimum_observed_predator_distance_hysteresis"
    },
    {
      "time": 15.0,
      "kind": "public_dto_active_guide",
      "agent_id": 4,
      "reason": "minimum_observed_predator_distance_hysteresis"
    },
    {
      "time": 15.3,
      "kind": "public_dto_active_guide",
      "agent_id": 3,
      "reason": "minimum_observed_predator_distance_hysteresis"
    },
    {
      "time": 18.3,
      "kind": "public_dto_active_guide",
      "agent_id": 7,
      "reason": "minimum_observed_predator_distance_hysteresis"
    },
    {
      "time": 18.7,
      "kind": "public_dto_active_guide",
      "agent_id": 3,
      "reason": "minimum_observed_predator_distance_hysteresis"
    },
    {
      "time": 19.1,
      "kind": "public_dto_active_guide",
      "agent_id": 7,
      "reason": "minimum_observed_predator_distance_hysteresis"
    },
    {
      "time": 19.6,
      "kind": "public_dto_active_guide",
      "agent_id": 6,
      "reason": "minimum_observed_predator_distance_hysteresis"
    },
    {
      "time": 19.8,
      "kind": "public_dto_active_guide",
      "agent_id": 3,
      "reason": "minimum_observed_predator_distance_hysteresis"
    },
    {
      "time": 20.0,
      "kind": "public_dto_active_guide",
      "agent_id": 4,
      "reason": "minimum_observed_predator_distance_hysteresis"
    },
    {
      "time": 20.2,
      "kind": "public_dto_active_guide",
      "agent_id": 7,
      "reason": "minimum_observed_predator_distance_hysteresis"
    },
    {
      "time": 20.3,
      "kind": "public_dto_active_guide",
      "agent_id": 4,
      "reason": "minimum_observed_predator_distance_hysteresis"
    },
    {
      "time": 20.6,
      "kind": "public_dto_active_guide",
      "agent_id": 1,
      "reason": "minimum_observed_predator_distance_hysteresis"
    },
    {
      "time": 20.9,
      "kind": "public_dto_active_guide",
      "agent_id": 4,
      "reason": "minimum_observed_predator_distance_hysteresis"
    },
    {
      "time": 21.1,
      "kind": "public_dto_active_guide",
      "agent_id": 9,
      "reason": "minimum_observed_predator_distance_hysteresis"
    },
    {
      "time": 21.5,
      "kind": "public_dto_active_guide",
      "agent_id": 5,
      "reason": "minimum_observed_predator_distance_hysteresis"
    },
    {
      "time": 21.6,
      "kind": "public_dto_active_guide",
      "agent_id": 3,
      "reason": "minimum_observed_predator_distance_hysteresis"
    },
    {
      "time": 21.7,
      "kind": "public_dto_active_guide",
      "agent_id": 5,
      "reason": "minimum_observed_predator_distance_hysteresis"
    },
    {
      "time": 21.8,
      "kind": "public_dto_active_guide",
      "agent_id": 3,
      "reason": "minimum_observed_predator_distance_hysteresis"
    },
    {
      "time": 21.9,
      "kind": "public_dto_active_guide",
      "agent_id": 5,
      "reason": "minimum_observed_predator_distance_hysteresis"
    },
    {
      "time": 22.0,
      "kind": "public_dto_active_guide",
      "agent_id": 3,
      "reason": "minimum_observed_predator_distance_hysteresis"
    },
    {
      "time": 22.1,
      "kind": "public_dto_active_guide",
      "agent_id": 5,
      "reason": "minimum_observed_predator_distance_hysteresis"
    },
    {
      "time": 22.2,
      "kind": "public_dto_active_guide",
      "agent_id": 4,
      "reason": "minimum_observed_predator_distance_hysteresis"
    },
    {
      "time": 22.3,
      "kind": "public_dto_active_guide",
      "agent_id": 5,
      "reason": "minimum_observed_predator_distance_hysteresis"
    },
    {
      "time": 22.4,
      "kind": "public_dto_active_guide",
      "agent_id": 1,
      "reason": "minimum_observed_predator_distance_hysteresis"
    },
    {
      "time": 22.8,
      "kind": "public_dto_active_guide",
      "agent_id": 4,
      "reason": "minimum_observed_predator_distance_hysteresis"
    },
    {
      "time": 22.9,
      "kind": "public_dto_active_guide",
      "agent_id": 1,
      "reason": "minimum_observed_predator_distance_hysteresis"
    },
    {
      "time": 23.0,
      "kind": "public_dto_active_guide",
      "agent_id": 5,
      "reason": "minimum_observed_predator_distance_hysteresis"
    },
    {
      "time": 23.1,
      "kind": "public_dto_active_guide",
      "agent_id": 4,
      "reason": "minimum_observed_predator_distance_hysteresis"
    },
    {
      "time": 23.2,
      "kind": "public_dto_active_guide",
      "agent_id": 6,
      "reason": "minimum_observed_predator_distance_hysteresis"
    },
    {
      "time": 23.4,
      "kind": "public_dto_active_guide",
      "agent_id": 5,
      "reason": "minimum_observed_predator_distance_hysteresis"
    },
    {
      "time": 23.5,
      "kind": "public_dto_active_guide",
      "agent_id": 1,
      "reason": "minimum_observed_predator_distance_hysteresis"
    },
    {
      "time": 23.6,
      "kind": "public_dto_active_guide",
      "agent_id": 5,
      "reason": "minimum_observed_predator_distance_hysteresis"
    },
    {
      "time": 23.8,
      "kind": "public_dto_active_guide",
      "agent_id": 1,
      "reason": "minimum_observed_predator_distance_hysteresis"
    },
    {
      "time": 24.2,
      "kind": "public_dto_active_guide",
      "agent_id": 6,
      "reason": "minimum_observed_predator_distance_hysteresis"
    },
    {
      "time": 24.3,
      "kind": "public_dto_active_guide",
      "agent_id": 2,
      "reason": "minimum_observed_predator_distance_hysteresis"
    },
    {
      "time": 24.9,
      "kind": "public_dto_active_guide",
      "agent_id": 8,
      "reason": "minimum_observed_predator_distance_hysteresis"
    },
    {
      "time": 25.0,
      "kind": "public_dto_active_guide",
      "agent_id": 7,
      "reason": "minimum_observed_predator_distance_hysteresis"
    },
    {
      "time": 25.4,
      "kind": "public_dto_active_guide",
      "agent_id": 8,
      "reason": "minimum_observed_predator_distance_hysteresis"
    },
    {
      "time": 25.6,
      "kind": "public_dto_active_guide",
      "agent_id": 1,
      "reason": "minimum_observed_predator_distance_hysteresis"
    },
    {
      "time": 26.1,
      "kind": "public_dto_active_guide",
      "agent_id": 2,
      "reason": "minimum_observed_predator_distance_hysteresis"
    },
    {
      "time": 26.3,
      "kind": "public_dto_active_guide",
      "agent_id": 5,
      "reason": "minimum_observed_predator_distance_hysteresis"
    },
    {
      "time": 26.5,
      "kind": "public_dto_active_guide",
      "agent_id": 7,
      "reason": "minimum_observed_predator_distance_hysteresis"
    },
    {
      "time": 27.4,
      "kind": "public_dto_active_guide",
      "agent_id": 3,
      "reason": "minimum_observed_predator_distance_hysteresis"
    },
    {
      "time": 30.7,
      "kind": "public_dto_active_guide",
      "agent_id": 5,
      "reason": "minimum_observed_predator_distance_hysteresis"
    },
    {
      "time": 30.8,
      "kind": "public_dto_active_guide",
      "agent_id": 7,
      "reason": "minimum_observed_predator_distance_hysteresis"
    },
    {
      "time": 31.8,
      "kind": "public_dto_active_guide",
      "agent_id": 5,
      "reason": "minimum_observed_predator_distance_hysteresis"
    },
    {
      "time": 32.3,
      "kind": "public_dto_active_guide",
      "agent_id": 4,
      "reason": "minimum_observed_predator_distance_hysteresis"
    },
    {
      "time": 32.6,
      "kind": "public_dto_active_guide",
      "agent_id": 7,
      "reason": "minimum_observed_predator_distance_hysteresis"
    },
    {
      "time": 32.7,
      "kind": "public_dto_active_guide",
      "agent_id": 4,
      "reason": "minimum_observed_predator_distance_hysteresis"
    },
    {
      "time": 32.9,
      "kind": "public_dto_active_guide",
      "agent_id": 7,
      "reason": "minimum_observed_predator_distance_hysteresis"
    },
    {
      "time": 33.1,
      "kind": "public_dto_active_guide",
      "agent_id": 4,
      "reason": "minimum_observed_predator_distance_hysteresis"
    },
    {
      "time": 33.3,
      "kind": "public_dto_active_guide",
      "agent_id": 7,
      "reason": "minimum_observed_predator_distance_hysteresis"
    },
    {
      "time": 33.7,
      "kind": "public_dto_active_guide",
      "agent_id": 1,
      "reason": "minimum_observed_predator_distance_hysteresis"
    },
    {
      "time": 33.9,
      "kind": "public_dto_active_guide",
      "agent_id": 8,
      "reason": "minimum_observed_predator_distance_hysteresis"
    },
    {
      "time": 34.1,
      "kind": "public_dto_active_guide",
      "agent_id": 1,
      "reason": "minimum_observed_predator_distance_hysteresis"
    },
    {
      "time": 34.3,
      "kind": "public_dto_active_guide",
      "agent_id": 2,
      "reason": "minimum_observed_predator_distance_hysteresis"
    },
    {
      "time": 34.5,
      "kind": "public_dto_active_guide",
      "agent_id": 6,
      "reason": "minimum_observed_predator_distance_hysteresis"
    },
    {
      "time": 34.6,
      "kind": "public_dto_active_guide",
      "agent_id": 2,
      "reason": "minimum_observed_predator_distance_hysteresis"
    },
    {
      "time": 34.7,
      "kind": "public_dto_active_guide",
      "agent_id": 6,
      "reason": "minimum_observed_predator_distance_hysteresis"
    },
    {
      "time": 34.8,
      "kind": "public_dto_active_guide",
      "agent_id": 9,
      "reason": "minimum_observed_predator_distance_hysteresis"
    },
    {
      "time": 34.9,
      "kind": "public_dto_active_guide",
      "agent_id": 8,
      "reason": "minimum_observed_predator_distance_hysteresis"
    },
    {
      "time": 35.2,
      "kind": "public_dto_active_guide",
      "agent_id": 4,
      "reason": "minimum_observed_predator_distance_hysteresis"
    },
    {
      "time": 35.3,
      "kind": "public_dto_active_guide",
      "agent_id": 8,
      "reason": "minimum_observed_predator_distance_hysteresis"
    },
    {
      "time": 35.5,
      "kind": "public_dto_active_guide",
      "agent_id": 4,
      "reason": "minimum_observed_predator_distance_hysteresis"
    },
    {
      "time": 35.6,
      "kind": "public_dto_active_guide",
      "agent_id": 8,
      "reason": "minimum_observed_predator_distance_hysteresis"
    },
    {
      "time": 35.9,
      "kind": "public_dto_active_guide",
      "agent_id": 7,
      "reason": "minimum_observed_predator_distance_hysteresis"
    },
    {
      "time": 36.0,
      "kind": "public_dto_active_guide",
      "agent_id": 9,
      "reason": "minimum_observed_predator_distance_hysteresis"
    },
    {
      "time": 36.3,
      "kind": "public_dto_active_guide",
      "agent_id": 6,
      "reason": "minimum_observed_predator_distance_hysteresis"
    },
    {
      "time": 36.4,
      "kind": "public_dto_active_guide",
      "agent_id": 7,
      "reason": "minimum_observed_predator_distance_hysteresis"
    },
    {
      "time": 36.8,
      "kind": "public_dto_active_guide",
      "agent_id": 4,
      "reason": "minimum_observed_predator_distance_hysteresis"
    },
    {
      "time": 37.6,
      "kind": "public_dto_active_guide",
      "agent_id": 7,
      "reason": "minimum_observed_predator_distance_hysteresis"
    },
    {
      "time": 37.8,
      "kind": "public_dto_active_guide",
      "agent_id": 4,
      "reason": "minimum_observed_predator_distance_hysteresis"
    },
    {
      "time": 38.6,
      "kind": "public_dto_active_guide",
      "agent_id": 6,
      "reason": "minimum_observed_predator_distance_hysteresis"
    },
    {
      "time": 38.9,
      "kind": "public_dto_active_guide",
      "agent_id": 2,
      "reason": "minimum_observed_predator_distance_hysteresis"
    },
    {
      "time": 39.0,
      "kind": "public_dto_active_guide",
      "agent_id": 5,
      "reason": "minimum_observed_predator_distance_hysteresis"
    },
    {
      "time": 39.1,
      "kind": "public_dto_active_guide",
      "agent_id": 2,
      "reason": "minimum_observed_predator_distance_hysteresis"
    },
    {
      "time": 39.2,
      "kind": "public_dto_active_guide",
      "agent_id": 5,
      "reason": "minimum_observed_predator_distance_hysteresis"
    },
    {
      "time": 39.4,
      "kind": "public_dto_active_guide",
      "agent_id": 4,
      "reason": "minimum_observed_predator_distance_hysteresis"
    },
    {
      "time": 39.5,
      "kind": "public_dto_active_guide",
      "agent_id": 7,
      "reason": "minimum_observed_predator_distance_hysteresis"
    },
    {
      "time": 39.8,
      "kind": "public_dto_active_guide",
      "agent_id": 4,
      "reason": "minimum_observed_predator_distance_hysteresis"
    },
    {
      "time": 39.9,
      "kind": "public_dto_active_guide",
      "agent_id": 8,
      "reason": "minimum_observed_predator_distance_hysteresis"
    },
    {
      "time": 40.0,
      "kind": "public_dto_active_guide",
      "agent_id": 9,
      "reason": "minimum_observed_predator_distance_hysteresis"
    },
    {
      "time": 40.1,
      "kind": "public_dto_active_guide",
      "agent_id": 4,
      "reason": "minimum_observed_predator_distance_hysteresis"
    },
    {
      "time": 40.2,
      "kind": "public_dto_active_guide",
      "agent_id": 9,
      "reason": "minimum_observed_predator_distance_hysteresis"
    },
    {
      "time": 40.3,
      "kind": "public_dto_active_guide",
      "agent_id": 6,
      "reason": "minimum_observed_predator_distance_hysteresis"
    },
    {
      "time": 40.5,
      "kind": "public_dto_active_guide",
      "agent_id": 8,
      "reason": "minimum_observed_predator_distance_hysteresis"
    },
    {
      "time": 40.6,
      "kind": "public_dto_active_guide",
      "agent_id": 6,
      "reason": "minimum_observed_predator_distance_hysteresis"
    },
    {
      "time": 41.0,
      "kind": "public_dto_active_guide",
      "agent_id": 8,
      "reason": "minimum_observed_predator_distance_hysteresis"
    },
    {
      "time": 41.1,
      "kind": "public_dto_active_guide",
      "agent_id": 6,
      "reason": "minimum_observed_predator_distance_hysteresis"
    },
    {
      "time": 41.2,
      "kind": "public_dto_active_guide",
      "agent_id": 8,
      "reason": "minimum_observed_predator_distance_hysteresis"
    },
    {
      "time": 41.3,
      "kind": "public_dto_active_guide",
      "agent_id": 6,
      "reason": "minimum_observed_predator_distance_hysteresis"
    },
    {
      "time": 41.4,
      "kind": "public_dto_active_guide",
      "agent_id": 8,
      "reason": "minimum_observed_predator_distance_hysteresis"
    },
    {
      "time": 41.5,
      "kind": "public_dto_active_guide",
      "agent_id": 9,
      "reason": "minimum_observed_predator_distance_hysteresis"
    },
    {
      "time": 41.6,
      "kind": "public_dto_active_guide",
      "agent_id": 8,
      "reason": "minimum_observed_predator_distance_hysteresis"
    },
    {
      "time": 41.7,
      "kind": "public_dto_active_guide",
      "agent_id": 6,
      "reason": "minimum_observed_predator_distance_hysteresis"
    },
    {
      "time": 41.8,
      "kind": "public_dto_active_guide",
      "agent_id": 8,
      "reason": "minimum_observed_predator_distance_hysteresis"
    },
    {
      "time": 41.9,
      "kind": "public_dto_active_guide",
      "agent_id": 6,
      "reason": "minimum_observed_predator_distance_hysteresis"
    },
    {
      "time": 42.0,
      "kind": "public_dto_active_guide",
      "agent_id": 8,
      "reason": "minimum_observed_predator_distance_hysteresis"
    },
    {
      "time": 42.1,
      "kind": "public_dto_active_guide",
      "agent_id": 6,
      "reason": "minimum_observed_predator_distance_hysteresis"
    },
    {
      "time": 42.2,
      "kind": "public_dto_active_guide",
      "agent_id": 8,
      "reason": "minimum_observed_predator_distance_hysteresis"
    },
    {
      "time": 42.3,
      "kind": "public_dto_active_guide",
      "agent_id": 6,
      "reason": "minimum_observed_predator_distance_hysteresis"
    },
    {
      "time": 42.4,
      "kind": "public_dto_active_guide",
      "agent_id": 8,
      "reason": "minimum_observed_predator_distance_hysteresis"
    },
    {
      "time": 42.5,
      "kind": "public_dto_active_guide",
      "agent_id": 6,
      "reason": "minimum_observed_predator_distance_hysteresis"
    },
    {
      "time": 42.6,
      "kind": "public_dto_active_guide",
      "agent_id": 8,
      "reason": "minimum_observed_predator_distance_hysteresis"
    },
    {
      "time": 42.7,
      "kind": "public_dto_active_guide",
      "agent_id": 1,
      "reason": "minimum_observed_predator_distance_hysteresis"
    },
    {
      "time": 42.8,
      "kind": "public_dto_active_guide",
      "agent_id": 8,
      "reason": "minimum_observed_predator_distance_hysteresis"
    },
    {
      "time": 42.9,
      "kind": "public_dto_active_guide",
      "agent_id": 1,
      "reason": "minimum_observed_predator_distance_hysteresis"
    },
    {
      "time": 43.0,
      "kind": "public_dto_active_guide",
      "agent_id": 8,
      "reason": "minimum_observed_predator_distance_hysteresis"
    },
    {
      "time": 43.1,
      "kind": "public_dto_active_guide",
      "agent_id": 1,
      "reason": "minimum_observed_predator_distance_hysteresis"
    },
    {
      "time": 43.2,
      "kind": "public_dto_active_guide",
      "agent_id": 8,
      "reason": "minimum_observed_predator_distance_hysteresis"
    },
    {
      "time": 43.3,
      "kind": "public_dto_active_guide",
      "agent_id": 5,
      "reason": "minimum_observed_predator_distance_hysteresis"
    },
    {
      "time": 43.4,
      "kind": "public_dto_active_guide",
      "agent_id": 2,
      "reason": "minimum_observed_predator_distance_hysteresis"
    },
    {
      "time": 43.5,
      "kind": "public_dto_active_guide",
      "agent_id": 5,
      "reason": "minimum_observed_predator_distance_hysteresis"
    },
    {
      "time": 43.6,
      "kind": "public_dto_active_guide",
      "agent_id": 2,
      "reason": "minimum_observed_predator_distance_hysteresis"
    },
    {
      "time": 43.7,
      "kind": "public_dto_active_guide",
      "agent_id": 5,
      "reason": "minimum_observed_predator_distance_hysteresis"
    },
    {
      "time": 43.8,
      "kind": "public_dto_active_guide",
      "agent_id": 2,
      "reason": "minimum_observed_predator_distance_hysteresis"
    },
    {
      "time": 43.9,
      "kind": "public_dto_active_guide",
      "agent_id": 8,
      "reason": "minimum_observed_predator_distance_hysteresis"
    },
    {
      "time": 44.0,
      "kind": "public_dto_active_guide",
      "agent_id": 2,
      "reason": "minimum_observed_predator_distance_hysteresis"
    },
    {
      "time": 44.2,
      "kind": "public_dto_active_guide",
      "agent_id": 7,
      "reason": "minimum_observed_predator_distance_hysteresis"
    },
    {
      "time": 44.3,
      "kind": "public_dto_active_guide",
      "agent_id": 5,
      "reason": "minimum_observed_predator_distance_hysteresis"
    },
    {
      "time": 45.0,
      "kind": "public_dto_active_guide",
      "agent_id": 6,
      "reason": "minimum_observed_predator_distance_hysteresis"
    },
    {
      "time": 45.1,
      "kind": "public_dto_active_guide",
      "agent_id": 7,
      "reason": "minimum_observed_predator_distance_hysteresis"
    },
    {
      "time": 45.2,
      "kind": "public_dto_active_guide",
      "agent_id": 6,
      "reason": "minimum_observed_predator_distance_hysteresis"
    },
    {
      "time": 45.3,
      "kind": "public_dto_active_guide",
      "agent_id": 9,
      "reason": "minimum_observed_predator_distance_hysteresis"
    },
    {
      "time": 45.5,
      "kind": "public_dto_active_guide",
      "agent_id": 8,
      "reason": "minimum_observed_predator_distance_hysteresis"
    },
    {
      "time": 45.7,
      "kind": "public_dto_active_guide",
      "agent_id": 5,
      "reason": "minimum_observed_predator_distance_hysteresis"
    },
    {
      "time": 45.8,
      "kind": "public_dto_active_guide",
      "agent_id": 6,
      "reason": "minimum_observed_predator_distance_hysteresis"
    },
    {
      "time": 45.9,
      "kind": "public_dto_active_guide",
      "agent_id": 8,
      "reason": "minimum_observed_predator_distance_hysteresis"
    },
    {
      "time": 46.0,
      "kind": "public_dto_active_guide",
      "agent_id": 6,
      "reason": "minimum_observed_predator_distance_hysteresis"
    },
    {
      "time": 46.1,
      "kind": "public_dto_active_guide",
      "agent_id": 8,
      "reason": "minimum_observed_predator_distance_hysteresis"
    },
    {
      "time": 46.2,
      "kind": "public_dto_active_guide",
      "agent_id": 4,
      "reason": "minimum_observed_predator_distance_hysteresis"
    },
    {
      "time": 46.3,
      "kind": "public_dto_active_guide",
      "agent_id": 7,
      "reason": "minimum_observed_predator_distance_hysteresis"
    },
    {
      "time": 46.5,
      "kind": "public_dto_active_guide",
      "agent_id": 5,
      "reason": "minimum_observed_predator_distance_hysteresis"
    },
    {
      "time": 46.9,
      "kind": "public_dto_active_guide",
      "agent_id": 7,
      "reason": "minimum_observed_predator_distance_hysteresis"
    },
    {
      "time": 47.0,
      "kind": "public_dto_active_guide",
      "agent_id": 9,
      "reason": "minimum_observed_predator_distance_hysteresis"
    },
    {
      "time": 47.3,
      "kind": "public_dto_active_guide",
      "agent_id": 8,
      "reason": "minimum_observed_predator_distance_hysteresis"
    },
    {
      "time": 47.4,
      "kind": "public_dto_active_guide",
      "agent_id": 9,
      "reason": "minimum_observed_predator_distance_hysteresis"
    },
    {
      "time": 47.5,
      "kind": "public_dto_active_guide",
      "agent_id": 1,
      "reason": "minimum_observed_predator_distance_hysteresis"
    },
    {
      "time": 47.6,
      "kind": "public_dto_active_guide",
      "agent_id": 2,
      "reason": "minimum_observed_predator_distance_hysteresis"
    },
    {
      "time": 47.9,
      "kind": "public_dto_active_guide",
      "agent_id": 9,
      "reason": "minimum_observed_predator_distance_hysteresis"
    },
    {
      "time": 48.0,
      "kind": "public_dto_active_guide",
      "agent_id": 2,
      "reason": "minimum_observed_predator_distance_hysteresis"
    },
    {
      "time": 48.1,
      "kind": "public_dto_active_guide",
      "agent_id": 8,
      "reason": "minimum_observed_predator_distance_hysteresis"
    },
    {
      "time": 48.3,
      "kind": "public_dto_active_guide",
      "agent_id": 1,
      "reason": "minimum_observed_predator_distance_hysteresis"
    },
    {
      "time": 48.4,
      "kind": "public_dto_active_guide",
      "agent_id": 8,
      "reason": "minimum_observed_predator_distance_hysteresis"
    },
    {
      "time": 48.5,
      "kind": "public_dto_active_guide",
      "agent_id": 1,
      "reason": "minimum_observed_predator_distance_hysteresis"
    },
    {
      "time": 48.6,
      "kind": "public_dto_active_guide",
      "agent_id": 6,
      "reason": "minimum_observed_predator_distance_hysteresis"
    },
    {
      "time": 48.7,
      "kind": "public_dto_active_guide",
      "agent_id": 5,
      "reason": "minimum_observed_predator_distance_hysteresis"
    },
    {
      "time": 48.8,
      "kind": "public_dto_active_guide",
      "agent_id": 9,
      "reason": "minimum_observed_predator_distance_hysteresis"
    },
    {
      "time": 48.9,
      "kind": "public_dto_active_guide",
      "agent_id": 7,
      "reason": "minimum_observed_predator_distance_hysteresis"
    },
    {
      "time": 49.0,
      "kind": "public_dto_active_guide",
      "agent_id": 9,
      "reason": "minimum_observed_predator_distance_hysteresis"
    },
    {
      "time": 49.1,
      "kind": "public_dto_active_guide",
      "agent_id": 5,
      "reason": "minimum_observed_predator_distance_hysteresis"
    },
    {
      "time": 49.7,
      "kind": "public_dto_active_guide",
      "agent_id": 2,
      "reason": "minimum_observed_predator_distance_hysteresis"
    },
    {
      "time": 49.8,
      "kind": "public_dto_active_guide",
      "agent_id": 8,
      "reason": "minimum_observed_predator_distance_hysteresis"
    },
    {
      "time": 50.4,
      "kind": "public_dto_active_guide",
      "agent_id": 6,
      "reason": "minimum_observed_predator_distance_hysteresis"
    },
    {
      "time": 50.6,
      "kind": "public_dto_active_guide",
      "agent_id": 4,
      "reason": "minimum_observed_predator_distance_hysteresis"
    },
    {
      "time": 50.9,
      "kind": "public_dto_active_guide",
      "agent_id": 6,
      "reason": "minimum_observed_predator_distance_hysteresis"
    },
    {
      "time": 51.3,
      "kind": "public_dto_active_guide",
      "agent_id": 5,
      "reason": "minimum_observed_predator_distance_hysteresis"
    },
    {
      "time": 51.8,
      "kind": "public_dto_active_guide",
      "agent_id": 2,
      "reason": "minimum_observed_predator_distance_hysteresis"
    },
    {
      "time": 52.2,
      "kind": "public_dto_active_guide",
      "agent_id": 5,
      "reason": "minimum_observed_predator_distance_hysteresis"
    },
    {
      "time": 52.4,
      "kind": "public_dto_active_guide",
      "agent_id": 4,
      "reason": "minimum_observed_predator_distance_hysteresis"
    },
    {
      "time": 52.7,
      "kind": "public_dto_active_guide",
      "agent_id": 8,
      "reason": "minimum_observed_predator_distance_hysteresis"
    },
    {
      "time": 52.8,
      "kind": "public_dto_active_guide",
      "agent_id": 7,
      "reason": "minimum_observed_predator_distance_hysteresis"
    },
    {
      "time": 53.1,
      "kind": "public_dto_active_guide",
      "agent_id": 6,
      "reason": "minimum_observed_predator_distance_hysteresis"
    },
    {
      "time": 53.4,
      "kind": "public_dto_active_guide",
      "agent_id": 1,
      "reason": "minimum_observed_predator_distance_hysteresis"
    },
    {
      "time": 53.5,
      "kind": "public_dto_active_guide",
      "agent_id": 4,
      "reason": "minimum_observed_predator_distance_hysteresis"
    },
    {
      "time": 53.9,
      "kind": "public_dto_active_guide",
      "agent_id": 5,
      "reason": "minimum_observed_predator_distance_hysteresis"
    },
    {
      "time": 54.1,
      "kind": "public_dto_active_guide",
      "agent_id": 6,
      "reason": "minimum_observed_predator_distance_hysteresis"
    },
    {
      "time": 54.7,
      "kind": "public_dto_active_guide",
      "agent_id": 8,
      "reason": "minimum_observed_predator_distance_hysteresis"
    },
    {
      "time": 54.9,
      "kind": "public_dto_active_guide",
      "agent_id": 5,
      "reason": "minimum_observed_predator_distance_hysteresis"
    },
    {
      "time": 55.0,
      "kind": "public_dto_active_guide",
      "agent_id": 1,
      "reason": "minimum_observed_predator_distance_hysteresis"
    },
    {
      "time": 55.1,
      "kind": "public_dto_active_guide",
      "agent_id": 7,
      "reason": "minimum_observed_predator_distance_hysteresis"
    },
    {
      "time": 55.2,
      "kind": "public_dto_active_guide",
      "agent_id": 6,
      "reason": "minimum_observed_predator_distance_hysteresis"
    },
    {
      "time": 55.5,
      "kind": "public_dto_active_guide",
      "agent_id": 7,
      "reason": "minimum_observed_predator_distance_hysteresis"
    },
    {
      "time": 55.6,
      "kind": "public_dto_active_guide",
      "agent_id": 6,
      "reason": "minimum_observed_predator_distance_hysteresis"
    },
    {
      "time": 55.8,
      "kind": "public_dto_active_guide",
      "agent_id": 1,
      "reason": "minimum_observed_predator_distance_hysteresis"
    },
    {
      "time": 55.9,
      "kind": "public_dto_active_guide",
      "agent_id": 7,
      "reason": "minimum_observed_predator_distance_hysteresis"
    },
    {
      "time": 56.0,
      "kind": "public_dto_active_guide",
      "agent_id": 2,
      "reason": "minimum_observed_predator_distance_hysteresis"
    },
    {
      "time": 56.1,
      "kind": "public_dto_active_guide",
      "agent_id": 5,
      "reason": "minimum_observed_predator_distance_hysteresis"
    },
    {
      "time": 56.2,
      "kind": "public_dto_active_guide",
      "agent_id": 2,
      "reason": "minimum_observed_predator_distance_hysteresis"
    },
    {
      "time": 56.3,
      "kind": "public_dto_active_guide",
      "agent_id": 7,
      "reason": "minimum_observed_predator_distance_hysteresis"
    },
    {
      "time": 56.4,
      "kind": "public_dto_active_guide",
      "agent_id": 2,
      "reason": "minimum_observed_predator_distance_hysteresis"
    },
    {
      "time": 56.5,
      "kind": "public_dto_active_guide",
      "agent_id": 7,
      "reason": "minimum_observed_predator_distance_hysteresis"
    },
    {
      "time": 56.6,
      "kind": "public_dto_active_guide",
      "agent_id": 2,
      "reason": "minimum_observed_predator_distance_hysteresis"
    },
    {
      "time": 56.7,
      "kind": "public_dto_active_guide",
      "agent_id": 5,
      "reason": "minimum_observed_predator_distance_hysteresis"
    },
    {
      "time": 56.8,
      "kind": "public_dto_active_guide",
      "agent_id": 2,
      "reason": "minimum_observed_predator_distance_hysteresis"
    },
    {
      "time": 56.9,
      "kind": "public_dto_active_guide",
      "agent_id": 7,
      "reason": "minimum_observed_predator_distance_hysteresis"
    },
    {
      "time": 57.0,
      "kind": "public_dto_active_guide",
      "agent_id": 2,
      "reason": "minimum_observed_predator_distance_hysteresis"
    },
    {
      "time": 57.1,
      "kind": "public_dto_active_guide",
      "agent_id": 8,
      "reason": "minimum_observed_predator_distance_hysteresis"
    },
    {
      "time": 57.3,
      "kind": "public_dto_active_guide",
      "agent_id": 4,
      "reason": "minimum_observed_predator_distance_hysteresis"
    },
    {
      "time": 57.5,
      "kind": "public_dto_active_guide",
      "agent_id": 7,
      "reason": "minimum_observed_predator_distance_hysteresis"
    },
    {
      "time": 57.6,
      "kind": "public_dto_active_guide",
      "agent_id": 2,
      "reason": "minimum_observed_predator_distance_hysteresis"
    },
    {
      "time": 57.7,
      "kind": "public_dto_active_guide",
      "agent_id": 5,
      "reason": "minimum_observed_predator_distance_hysteresis"
    },
    {
      "time": 57.8,
      "kind": "public_dto_active_guide",
      "agent_id": 1,
      "reason": "minimum_observed_predator_distance_hysteresis"
    },
    {
      "time": 58.2,
      "kind": "public_dto_active_guide",
      "agent_id": 8,
      "reason": "minimum_observed_predator_distance_hysteresis"
    },
    {
      "time": 58.5,
      "kind": "public_dto_active_guide",
      "agent_id": 6,
      "reason": "minimum_observed_predator_distance_hysteresis"
    },
    {
      "time": 58.6,
      "kind": "public_dto_active_guide",
      "agent_id": 8,
      "reason": "minimum_observed_predator_distance_hysteresis"
    },
    {
      "time": 58.7,
      "kind": "public_dto_active_guide",
      "agent_id": 6,
      "reason": "minimum_observed_predator_distance_hysteresis"
    },
    {
      "time": 58.8,
      "kind": "public_dto_active_guide",
      "agent_id": 1,
      "reason": "minimum_observed_predator_distance_hysteresis"
    },
    {
      "time": 59.3,
      "kind": "public_dto_active_guide",
      "agent_id": 2,
      "reason": "minimum_observed_predator_distance_hysteresis"
    },
    {
      "time": 59.4,
      "kind": "public_dto_active_guide",
      "agent_id": 4,
      "reason": "minimum_observed_predator_distance_hysteresis"
    },
    {
      "time": 59.5,
      "kind": "public_dto_active_guide",
      "agent_id": 1,
      "reason": "minimum_observed_predator_distance_hysteresis"
    },
    {
      "time": 59.6,
      "kind": "public_dto_active_guide",
      "agent_id": 8,
      "reason": "minimum_observed_predator_distance_hysteresis"
    },
    {
      "time": 59.8,
      "kind": "public_dto_active_guide",
      "agent_id": 6,
      "reason": "minimum_observed_predator_distance_hysteresis"
    },
    {
      "time": 59.9,
      "kind": "public_dto_active_guide",
      "agent_id": 8,
      "reason": "minimum_observed_predator_distance_hysteresis"
    },
    {
      "time": 60.1,
      "kind": "public_dto_active_guide",
      "agent_id": 4,
      "reason": "minimum_observed_predator_distance_hysteresis"
    },
    {
      "time": 60.2,
      "kind": "public_dto_active_guide",
      "agent_id": 6,
      "reason": "minimum_observed_predator_distance_hysteresis"
    },
    {
      "time": 60.3,
      "kind": "public_dto_active_guide",
      "agent_id": 4,
      "reason": "minimum_observed_predator_distance_hysteresis"
    },
    {
      "time": 60.4,
      "kind": "public_dto_active_guide",
      "agent_id": 8,
      "reason": "minimum_observed_predator_distance_hysteresis"
    },
    {
      "time": 60.5,
      "kind": "public_dto_active_guide",
      "agent_id": 2,
      "reason": "minimum_observed_predator_distance_hysteresis"
    },
    {
      "time": 60.6,
      "kind": "public_dto_active_guide",
      "agent_id": 1,
      "reason": "minimum_observed_predator_distance_hysteresis"
    },
    {
      "time": 60.7,
      "kind": "public_dto_active_guide",
      "agent_id": 2,
      "reason": "minimum_observed_predator_distance_hysteresis"
    },
    {
      "time": 60.8,
      "kind": "public_dto_active_guide",
      "agent_id": 4,
      "reason": "minimum_observed_predator_distance_hysteresis"
    },
    {
      "time": 60.9,
      "kind": "public_dto_active_guide",
      "agent_id": 2,
      "reason": "minimum_observed_predator_distance_hysteresis"
    },
    {
      "time": 61.0,
      "kind": "public_dto_active_guide",
      "agent_id": 6,
      "reason": "minimum_observed_predator_distance_hysteresis"
    },
    {
      "time": 61.1,
      "kind": "public_dto_active_guide",
      "agent_id": 8,
      "reason": "minimum_observed_predator_distance_hysteresis"
    },
    {
      "time": 61.3,
      "kind": "public_dto_active_guide",
      "agent_id": 6,
      "reason": "minimum_observed_predator_distance_hysteresis"
    },
    {
      "time": 61.5,
      "kind": "public_dto_active_guide",
      "agent_id": 8,
      "reason": "minimum_observed_predator_distance_hysteresis"
    },
    {
      "time": 61.8,
      "kind": "public_dto_active_guide",
      "agent_id": 2,
      "reason": "minimum_observed_predator_distance_hysteresis"
    },
    {
      "time": 61.9,
      "kind": "public_dto_active_guide",
      "agent_id": 4,
      "reason": "minimum_observed_predator_distance_hysteresis"
    },
    {
      "time": 62.0,
      "kind": "public_dto_active_guide",
      "agent_id": 6,
      "reason": "minimum_observed_predator_distance_hysteresis"
    },
    {
      "time": 62.1,
      "kind": "public_dto_active_guide",
      "agent_id": 1,
      "reason": "minimum_observed_predator_distance_hysteresis"
    },
    {
      "time": 62.3,
      "kind": "public_dto_active_guide",
      "agent_id": 8,
      "reason": "minimum_observed_predator_distance_hysteresis"
    },
    {
      "time": 62.4,
      "kind": "public_dto_active_guide",
      "agent_id": 6,
      "reason": "minimum_observed_predator_distance_hysteresis"
    },
    {
      "time": 62.7,
      "kind": "public_dto_active_guide",
      "agent_id": 2,
      "reason": "minimum_observed_predator_distance_hysteresis"
    },
    {
      "time": 63.0,
      "kind": "public_dto_active_guide",
      "agent_id": 6,
      "reason": "minimum_observed_predator_distance_hysteresis"
    },
    {
      "time": 63.3,
      "kind": "public_dto_active_guide",
      "agent_id": 1,
      "reason": "minimum_observed_predator_distance_hysteresis"
    },
    {
      "time": 63.5,
      "kind": "public_dto_active_guide",
      "agent_id": 8,
      "reason": "minimum_observed_predator_distance_hysteresis"
    },
    {
      "time": 63.7,
      "kind": "public_dto_active_guide",
      "agent_id": 6,
      "reason": "minimum_observed_predator_distance_hysteresis"
    },
    {
      "time": 64.0,
      "kind": "public_dto_active_guide",
      "agent_id": 8,
      "reason": "minimum_observed_predator_distance_hysteresis"
    },
    {
      "time": 64.1,
      "kind": "public_dto_active_guide",
      "agent_id": 2,
      "reason": "minimum_observed_predator_distance_hysteresis"
    },
    {
      "time": 64.2,
      "kind": "public_dto_active_guide",
      "agent_id": 8,
      "reason": "minimum_observed_predator_distance_hysteresis"
    },
    {
      "time": 64.3,
      "kind": "public_dto_active_guide",
      "agent_id": 6,
      "reason": "minimum_observed_predator_distance_hysteresis"
    },
    {
      "time": 64.4,
      "kind": "public_dto_active_guide",
      "agent_id": 8,
      "reason": "minimum_observed_predator_distance_hysteresis"
    },
    {
      "time": 64.7,
      "kind": "public_dto_active_guide",
      "agent_id": 2,
      "reason": "minimum_observed_predator_distance_hysteresis"
    },
    {
      "time": 64.8,
      "kind": "public_dto_active_guide",
      "agent_id": 6,
      "reason": "minimum_observed_predator_distance_hysteresis"
    },
    {
      "time": 65.2,
      "kind": "public_dto_active_guide",
      "agent_id": 8,
      "reason": "minimum_observed_predator_distance_hysteresis"
    },
    {
      "time": 65.3,
      "kind": "public_dto_active_guide",
      "agent_id": 6,
      "reason": "minimum_observed_predator_distance_hysteresis"
    },
    {
      "time": 65.5,
      "kind": "public_dto_active_guide",
      "agent_id": 8,
      "reason": "minimum_observed_predator_distance_hysteresis"
    },
    {
      "time": 66.1,
      "kind": "public_dto_active_guide",
      "agent_id": 1,
      "reason": "minimum_observed_predator_distance_hysteresis"
    },
    {
      "time": 66.2,
      "kind": "public_dto_active_guide",
      "agent_id": 4,
      "reason": "minimum_observed_predator_distance_hysteresis"
    },
    {
      "time": 68.3,
      "kind": "public_dto_active_guide",
      "agent_id": 6,
      "reason": "minimum_observed_predator_distance_hysteresis"
    },
    {
      "time": 68.6,
      "kind": "public_dto_active_guide",
      "agent_id": 4,
      "reason": "minimum_observed_predator_distance_hysteresis"
    },
    {
      "time": 68.7,
      "kind": "public_dto_active_guide",
      "agent_id": 6,
      "reason": "minimum_observed_predator_distance_hysteresis"
    },
    {
      "time": 70.3,
      "kind": "public_dto_active_guide",
      "agent_id": 1,
      "reason": "minimum_observed_predator_distance_hysteresis"
    },
    {
      "time": 71.5,
      "kind": "public_dto_active_guide",
      "agent_id": 8,
      "reason": "minimum_observed_predator_distance_hysteresis"
    },
    {
      "time": 74.7,
      "kind": "public_dto_active_guide",
      "agent_id": 6,
      "reason": "minimum_observed_predator_distance_hysteresis"
    },
    {
      "time": 75.2,
      "kind": "public_dto_active_guide",
      "agent_id": 8,
      "reason": "minimum_observed_predator_distance_hysteresis"
    }
  ],
  "success": false,
  "replay": "results/simple_chase/replays/real-map-BurstGuides-m10207-f20207-p1-direct_guide-sitebait1-348d8a0c.json.gz"
}
/home/Ucals/projects/NordicCupAI-wall-funneling/survival-simulator/oscar-trap-research/survival/results/simple_chase/real-map-BurstGuides-m10207-f20207-p1-direct_guide-sitebait1-348d8a0c.json
