{"progress": "real-map-BurstGuides-m10204-f20204-p1-direct_guide-sitebait1-b5954be2", "time": 10.0, "bait_deployed": 0.1, "policy_bait_ready": false, "encounter": 0.1, "oracle_handoff": null, "children": 8, "active_guide_id": 3, "guide_alive": true, "active_guide_alive": true, "guided_delivered": 0}
{"progress": "real-map-BurstGuides-m10204-f20204-p1-direct_guide-sitebait1-b5954be2", "time": 20.0, "bait_deployed": 0.1, "policy_bait_ready": false, "encounter": 0.1, "oracle_handoff": null, "children": 8, "active_guide_id": 5, "guide_alive": true, "active_guide_alive": true, "guided_delivered": 0}
{"progress": "real-map-BurstGuides-m10204-f20204-p1-direct_guide-sitebait1-b5954be2", "time": 30.0, "bait_deployed": 0.1, "policy_bait_ready": false, "encounter": 0.1, "oracle_handoff": null, "children": 8, "active_guide_id": 8, "guide_alive": true, "active_guide_alive": true, "guided_delivered": 0}
{"progress": "real-map-BurstGuides-m10204-f20204-p1-direct_guide-sitebait1-b5954be2", "time": 40.0, "bait_deployed": 0.1, "policy_bait_ready": false, "encounter": 0.1, "oracle_handoff": null, "children": 8, "active_guide_id": 8, "guide_alive": true, "active_guide_alive": true, "guided_delivered": 0}
{"progress": "real-map-BurstGuides-m10204-f20204-p1-direct_guide-sitebait1-b5954be2", "time": 50.0, "bait_deployed": 0.1, "policy_bait_ready": false, "encounter": 0.1, "oracle_handoff": null, "children": 8, "active_guide_id": 5, "guide_alive": true, "active_guide_alive": true, "guided_delivered": 0}
{"progress": "real-map-BurstGuides-m10204-f20204-p1-direct_guide-sitebait1-b5954be2", "time": 60.0, "bait_deployed": 0.1, "policy_bait_ready": false, "encounter": 0.1, "oracle_handoff": null, "children": 8, "active_guide_id": 2, "guide_alive": true, "active_guide_alive": true, "guided_delivered": 0}
{"progress": "real-map-BurstGuides-m10204-f20204-p1-direct_guide-sitebait1-b5954be2", "time": 70.0, "bait_deployed": 0.1, "policy_bait_ready": false, "encounter": 0.1, "oracle_handoff": null, "children": 8, "active_guide_id": 5, "guide_alive": true, "active_guide_alive": true, "guided_delivered": 0}
{"progress": "real-map-BurstGuides-m10204-f20204-p1-direct_guide-sitebait1-b5954be2", "time": 80.0, "bait_deployed": 0.1, "policy_bait_ready": false, "encounter": 0.1, "oracle_handoff": null, "children": 8, "active_guide_id": 1, "guide_alive": true, "active_guide_alive": true, "guided_delivered": 0}
{"progress": "real-map-BurstGuides-m10204-f20204-p1-direct_guide-sitebait1-b5954be2", "time": 90.0, "bait_deployed": 0.1, "policy_bait_ready": false, "encounter": 0.1, "oracle_handoff": null, "children": 8, "active_guide_id": 6, "guide_alive": true, "active_guide_alive": true, "guided_delivered": 0}
{"progress": "real-map-BurstGuides-m10204-f20204-p1-direct_guide-sitebait1-b5954be2", "time": 100.0, "bait_deployed": 0.1, "policy_bait_ready": false, "encounter": 0.1, "oracle_handoff": null, "children": 8, "active_guide_id": 2, "guide_alive": true, "active_guide_alive": true, "guided_delivered": 0}
{"progress": "real-map-BurstGuides-m10204-f20204-p1-direct_guide-sitebait1-b5954be2", "time": 110.0, "bait_deployed": 0.1, "policy_bait_ready": false, "encounter": 0.1, "oracle_handoff": null, "children": 8, "active_guide_id": 4, "guide_alive": true, "active_guide_alive": true, "guided_delivered": 0}
{"progress": "real-map-BurstGuides-m10204-f20204-p1-direct_guide-sitebait1-b5954be2", "time": 120.0, "bait_deployed": 0.1, "policy_bait_ready": false, "encounter": 0.1, "oracle_handoff": null, "children": 8, "active_guide_id": 2, "guide_alive": true, "active_guide_alive": true, "guided_delivered": 0}
{"progress": "real-map-BurstGuides-m10204-f20204-p1-direct_guide-sitebait1-b5954be2", "time": 130.0, "bait_deployed": 0.1, "policy_bait_ready": false, "encounter": 0.1, "oracle_handoff": null, "children": 8, "active_guide_id": 8, "guide_alive": true, "active_guide_alive": true, "guided_delivered": 0}
{"progress": "real-map-BurstGuides-m10204-f20204-p1-direct_guide-sitebait1-b5954be2", "time": 140.0, "bait_deployed": 0.1, "policy_bait_ready": false, "encounter": 0.1, "oracle_handoff": null, "children": 8, "active_guide_id": 8, "guide_alive": true, "active_guide_alive": true, "guided_delivered": 0}
{"progress": "real-map-BurstGuides-m10204-f20204-p1-direct_guide-sitebait1-b5954be2", "time": 150.0, "bait_deployed": 0.1, "policy_bait_ready": false, "encounter": 0.1, "oracle_handoff": null, "children": 8, "active_guide_id": 5, "guide_alive": true, "active_guide_alive": true, "guided_delivered": 0}
{"progress": "real-map-BurstGuides-m10204-f20204-p1-direct_guide-sitebait1-b5954be2", "time": 160.0, "bait_deployed": 0.1, "policy_bait_ready": false, "encounter": 0.1, "oracle_handoff": null, "children": 8, "active_guide_id": 9, "guide_alive": true, "active_guide_alive": true, "guided_delivered": 0}
{"progress": "real-map-BurstGuides-m10204-f20204-p1-direct_guide-sitebait1-b5954be2", "time": 170.0, "bait_deployed": 0.1, "policy_bait_ready": false, "encounter": 0.1, "oracle_handoff": null, "children": 8, "active_guide_id": 6, "guide_alive": true, "active_guide_alive": true, "guided_delivered": 0}
{"progress": "real-map-BurstGuides-m10204-f20204-p1-direct_guide-sitebait1-b5954be2", "time": 180.0, "bait_deployed": 0.1, "policy_bait_ready": false, "encounter": 0.1, "oracle_handoff": null, "children": 8, "active_guide_id": 9, "guide_alive": true, "active_guide_alive": true, "guided_delivered": 0}
{"progress": "real-map-BurstGuides-m10204-f20204-p1-direct_guide-sitebait1-b5954be2", "time": 190.0, "bait_deployed": 0.1, "policy_bait_ready": false, "encounter": 0.1, "oracle_handoff": null, "children": 8, "active_guide_id": 8, "guide_alive": true, "active_guide_alive": true, "guided_delivered": 0}
{"progress": "real-map-BurstGuides-m10204-f20204-p1-direct_guide-sitebait1-b5954be2", "time": 200.0, "bait_deployed": 0.1, "policy_bait_ready": false, "encounter": 0.1, "oracle_handoff": null, "children": 8, "active_guide_id": 8, "guide_alive": true, "active_guide_alive": true, "guided_delivered": 0}
{"progress": "real-map-BurstGuides-m10204-f20204-p1-direct_guide-sitebait1-b5954be2", "time": 210.0, "bait_deployed": 0.1, "policy_bait_ready": false, "encounter": 0.1, "oracle_handoff": null, "children": 8, "active_guide_id": 8, "guide_alive": true, "active_guide_alive": true, "guided_delivered": 0}
{"progress": "real-map-BurstGuides-m10204-f20204-p1-direct_guide-sitebait1-b5954be2", "time": 220.0, "bait_deployed": 0.1, "policy_bait_ready": false, "encounter": 0.1, "oracle_handoff": null, "children": 8, "active_guide_id": 1, "guide_alive": true, "active_guide_alive": true, "guided_delivered": 0}
{"progress": "real-map-BurstGuides-m10204-f20204-p1-direct_guide-sitebait1-b5954be2", "time": 230.0, "bait_deployed": 0.1, "policy_bait_ready": false, "encounter": 0.1, "oracle_handoff": null, "children": 8, "active_guide_id": 1, "guide_alive": true, "active_guide_alive": true, "guided_delivered": 0}
{"progress": "real-map-BurstGuides-m10204-f20204-p1-direct_guide-sitebait1-b5954be2", "time": 240.0, "bait_deployed": 0.1, "policy_bait_ready": false, "encounter": 0.1, "oracle_handoff": null, "children": 8, "active_guide_id": 1, "guide_alive": true, "active_guide_alive": true, "guided_delivered": 0}
{"progress": "real-map-BurstGuides-m10204-f20204-p1-direct_guide-sitebait1-b5954be2", "time": 250.0, "bait_deployed": 0.1, "policy_bait_ready": false, "encounter": 0.1, "oracle_handoff": null, "children": 8, "active_guide_id": 1, "guide_alive": true, "active_guide_alive": true, "guided_delivered": 0}
{"progress": "real-map-BurstGuides-m10204-f20204-p1-direct_guide-sitebait1-b5954be2", "time": 260.0, "bait_deployed": 0.1, "policy_bait_ready": false, "encounter": 0.1, "oracle_handoff": null, "children": 8, "active_guide_id": 1, "guide_alive": true, "active_guide_alive": true, "guided_delivered": 0}
{"progress": "real-map-BurstGuides-m10204-f20204-p1-direct_guide-sitebait1-b5954be2", "time": 270.0, "bait_deployed": 0.1, "policy_bait_ready": false, "encounter": 0.1, "oracle_handoff": null, "children": 8, "active_guide_id": 1, "guide_alive": true, "active_guide_alive": true, "guided_delivered": 0}
{"progress": "real-map-BurstGuides-m10204-f20204-p1-direct_guide-sitebait1-b5954be2", "time": 280.0, "bait_deployed": 0.1, "policy_bait_ready": false, "encounter": 0.1, "oracle_handoff": null, "children": 8, "active_guide_id": 1, "guide_alive": true, "active_guide_alive": true, "guided_delivered": 0}
{"progress": "real-map-BurstGuides-m10204-f20204-p1-direct_guide-sitebait1-b5954be2", "time": 290.0, "bait_deployed": 0.1, "policy_bait_ready": false, "encounter": 0.1, "oracle_handoff": null, "children": 8, "active_guide_id": 1, "guide_alive": true, "active_guide_alive": true, "guided_delivered": 0}
{"progress": "real-map-BurstGuides-m10204-f20204-p1-direct_guide-sitebait1-b5954be2", "time": 300.0, "bait_deployed": 0.1, "policy_bait_ready": false, "encounter": 0.1, "oracle_handoff": null, "children": 8, "active_guide_id": 1, "guide_alive": true, "active_guide_alive": true, "guided_delivered": 0}
{"viewer_manifest_refresh": {"status": "deferred", "reason": "bounded-memory runs defer full-replay viewer processing"}}
{
  "schema": "real-map-intake-result-v2",
  "policy": "backup_guides.burst:BurstGuides",
  "policy_hash": "642725a431ee4778c1adcf100ffb45e7d85faf9c4e086f5923097f43202b7d9d",
  "harness_hashes": {
    "research/simple_chase/run_streaming_v2.py": "837e02b05d1ba3af71df0949cb30beb18a8b2844f090f8b383c692192c52719a",
    "research/simple_chase/sampling.py": "1efb7d309c4cc79bc87916c1bea72a7845e78d0c2cdf0aeaf9e2a758ceed48ab",
    "research/simple_chase/static_map.py": "197b16cbe9dd2e3dd06b81fe9481986a97bd92d9c2a55f33597cc9b7280faf3c",
    "debugger/streaming_recorder_v2.py": "d5ecda6bb39ec74a9ad86fb20458df5de7f466d73052558af9e2877be3d99b19"
  },
  "mode": "direct_guide",
  "map_seed": 10204,
  "fixture_seed": 20204,
  "static_map_hash": "babfacd37f718d05f60a32329be54be4a9a153493a882ab3a5760587cbd3251d",
  "site": {
    "mouth": [
      1052.8174,
      175.102
    ],
    "inward": [
      0.0,
      -1.0
    ],
    "cross": [
      1.0,
      0.0
    ],
    "goal": [
      1052.8174,
      170.102
    ],
    "far": [
      1052.8174,
      300.102
    ],
    "hold": [
      1052.8174,
      250.102
    ],
    "gap": 14.232,
    "overlap": 64.2592,
    "runup": [
      1052.8174,
      425.102
    ],
    "approach_lane_offset": 0.0,
    "offset_approach": false,
    "obstacle_indices": [
      72,
      50
    ],
    "axis": 0,
    "other_mouth": [
      1052.8174,
      110.8427
    ],
    "replacement_entry": [
      1052.8174,
      90.8427
    ],
    "second_access_clear": true,
    "second_access_radius": 5.01,
    "bait_depth": 5.0,
    "boundary_indices": [],
    "geometric_replacement_access_only": true
  },
  "station_bait": true,
  "requested_seconds": 300.0,
  "seconds": 300.0,
  "reason": "horizon",
  "native_render": true,
  "reproduction_of": null,
  "record_every_ticks": 1,
  "replay_frames": 3001,
  "initial_predators": 1,
  "final_predators_total": 4,
  "tracked_predators_present_final": 1,
  "ambient_predators_spawned": 3,
  "ambient_predators_present_final": 3,
  "agent_energy_refilled": true,
  "predator_state_native": false,
  "predator_dynamics_native_after_setup": true,
  "arranged_adjacent_awake_start": true,
  "bait_id": 0,
  "guide_id": 1,
  "bait_alive": true,
  "guide_alive": true,
  "deaths": [
    {
      "time": 120.3,
      "agent_id": 2,
      "role": "native_child"
    },
    {
      "time": 120.3,
      "agent_id": 3,
      "role": "native_child"
    },
    {
      "time": 120.3,
      "agent_id": 4,
      "role": "native_child"
    },
    {
      "time": 120.3,
      "agent_id": 7,
      "role": "native_child"
    },
    {
      "time": 177.6,
      "agent_id": 5,
      "role": "native_child"
    },
    {
      "time": 177.7,
      "agent_id": 6,
      "role": "native_child"
    },
    {
      "time": 180.5,
      "agent_id": 9,
      "role": "native_child"
    },
    {
      "time": 213.5,
      "agent_id": 8,
      "role": "native_child"
    }
  ],
  "spawn_requests": [
    {
      "time": 0.1,
      "parent_id": 1
    },
    {
      "time": 0.2,
      "parent_id": 1
    },
    {
      "time": 0.3,
      "parent_id": 1
    },
    {
      "time": 0.4,
      "parent_id": 1
    },
    {
      "time": 0.5,
      "parent_id": 2
    },
    {
      "time": 0.6,
      "parent_id": 2
    },
    {
      "time": 0.7,
      "parent_id": 6
    },
    {
      "time": 0.8,
      "parent_id": 6
    }
  ],
  "child_births": [
    {
      "time": 0.1,
      "child_id": 2,
      "x": 294.4573,
      "y": 654.0747,
      "requesting_parent_ids": [
        1
      ],
      "native_parent_proximity_spawn": true
    },
    {
      "time": 0.2,
      "child_id": 3,
      "x": 289.8784,
      "y": 664.7965,
      "requesting_parent_ids": [
        1
      ],
      "native_parent_proximity_spawn": true
    },
    {
      "time": 0.3,
      "child_id": 4,
      "x": 269.7444,
      "y": 656.177,
      "requesting_parent_ids": [
        1
      ],
      "native_parent_proximity_spawn": true
    },
    {
      "time": 0.4,
      "child_id": 5,
      "x": 283.6153,
      "y": 636.9165,
      "requesting_parent_ids": [
        1
      ],
      "native_parent_proximity_spawn": true
    },
    {
      "time": 0.5,
      "child_id": 6,
      "x": 318.0359,
      "y": 624.1584,
      "requesting_parent_ids": [
        2
      ],
      "native_parent_proximity_spawn": true
    },
    {
      "time": 0.6,
      "child_id": 7,
      "x": 307.248,
      "y": 611.6593,
      "requesting_parent_ids": [
        2
      ],
      "native_parent_proximity_spawn": true
    },
    {
      "time": 0.7,
      "child_id": 8,
      "x": 326.7094,
      "y": 599.8375,
      "requesting_parent_ids": [
        6
      ],
      "native_parent_proximity_spawn": true
    },
    {
      "time": 0.8,
      "child_id": 9,
      "x": 327.1547,
      "y": 631.4754,
      "requesting_parent_ids": [
        6
      ],
      "native_parent_proximity_spawn": true
    }
  ],
  "fruit_consumptions": [
    {
      "time": 17.1,
      "agent_id": 8,
      "x": 829.8791,
      "y": 520.6971
    },
    {
      "time": 21.4,
      "agent_id": 8,
      "x": 1043.6142,
      "y": 445.9365
    },
    {
      "time": 28.5,
      "agent_id": 1,
      "x": 1009.0547,
      "y": 496.7527
    },
    {
      "time": 32.3,
      "agent_id": 8,
      "x": 935.4013,
      "y": 544.4376
    },
    {
      "time": 34.2,
      "agent_id": 8,
      "x": 1082.8772,
      "y": 637.2517
    },
    {
      "time": 34.8,
      "agent_id": 8,
      "x": 1065.9337,
      "y": 609.1372
    },
    {
      "time": 36.4,
      "agent_id": 8,
      "x": 1069.6951,
      "y": 610.882
    },
    {
      "time": 37.4,
      "agent_id": 6,
      "x": 952.6773,
      "y": 578.8068
    },
    {
      "time": 38.5,
      "agent_id": 1,
      "x": 1002.0223,
      "y": 493.2646
    },
    {
      "time": 61.1,
      "agent_id": 7,
      "x": 1099.5996,
      "y": 427.6793
    },
    {
      "time": 61.2,
      "agent_id": 7,
      "x": 1119.0229,
      "y": 427.0858
    },
    {
      "time": 61.4,
      "agent_id": 4,
      "x": 1092.2583,
      "y": 407.7339
    },
    {
      "time": 61.4,
      "agent_id": 7,
      "x": 1125.1545,
      "y": 385.1947
    },
    {
      "time": 61.4,
      "agent_id": 2,
      "x": 1101.8061,
      "y": 412.6513
    },
    {
      "time": 61.5,
      "agent_id": 2,
      "x": 1103.2121,
      "y": 389.1139
    },
    {
      "time": 68.5,
      "agent_id": 9,
      "x": 1050.4611,
      "y": 309.0069
    },
    {
      "time": 70.8,
      "agent_id": 9,
      "x": 1045.4884,
      "y": 239.813
    },
    {
      "time": 71.1,
      "agent_id": 6,
      "x": 1020.9406,
      "y": 382.5102
    },
    {
      "time": 71.5,
      "agent_id": 2,
      "x": 1052.3362,
      "y": 369.4054
    },
    {
      "time": 71.7,
      "agent_id": 7,
      "x": 1079.276,
      "y": 362.6305
    },
    {
      "time": 87.7,
      "agent_id": 6,
      "x": 1446.394,
      "y": 443.7526
    },
    {
      "time": 91.7,
      "agent_id": 6,
      "x": 1494.9295,
      "y": 247.1344
    },
    {
      "time": 99.7,
      "agent_id": 2,
      "x": 1097.1659,
      "y": 326.36
    },
    {
      "time": 100.0,
      "agent_id": 2,
      "x": 1079.1815,
      "y": 328.693
    },
    {
      "time": 102.7,
      "agent_id": 3,
      "x": 1164.7904,
      "y": 428.0216
    },
    {
      "time": 102.9,
      "agent_id": 8,
      "x": 1139.4382,
      "y": 439.2458
    },
    {
      "time": 105.2,
      "agent_id": 3,
      "x": 1072.6092,
      "y": 297.9175
    },
    {
      "time": 107.1,
      "agent_id": 6,
      "x": 1463.8488,
      "y": 211.8214
    },
    {
      "time": 108.1,
      "agent_id": 3,
      "x": 983.5411,
      "y": 268.3944
    },
    {
      "time": 108.3,
      "agent_id": 7,
      "x": 961.3904,
      "y": 309.6476
    },
    {
      "time": 133.0,
      "agent_id": 9,
      "x": 1003.6619,
      "y": 592.6156
    },
    {
      "time": 135.3,
      "agent_id": 8,
      "x": 1100.109,
      "y": 324.8272
    },
    {
      "time": 140.0,
      "agent_id": 5,
      "x": 1077.759,
      "y": 329.7611
    },
    {
      "time": 141.2,
      "agent_id": 8,
      "x": 1064.2297,
      "y": 307.5123
    },
    {
      "time": 164.1,
      "agent_id": 9,
      "x": 988.9697,
      "y": 585.3649
    },
    {
      "time": 166.8,
      "agent_id": 6,
      "x": 1456.8059,
      "y": 195.481
    },
    {
      "time": 167.6,
      "agent_id": 9,
      "x": 925.0557,
      "y": 563.5164
    },
    {
      "time": 167.9,
      "agent_id": 6,
      "x": 1347.7089,
      "y": 264.1168
    },
    {
      "time": 168.7,
      "agent_id": 6,
      "x": 1233.4034,
      "y": 280.3085
    },
    {
      "time": 170.8,
      "agent_id": 9,
      "x": 1042.2609,
      "y": 465.5018
    },
    {
      "time": 194.7,
      "agent_id": 8,
      "x": 1086.23,
      "y": 419.614
    },
    {
      "time": 195.3,
      "agent_id": 8,
      "x": 1098.8903,
      "y": 359.5098
    },
    {
      "time": 195.3,
      "agent_id": 8,
      "x": 1114.8061,
      "y": 350.3762
    },
    {
      "time": 197.1,
      "agent_id": 8,
      "x": 1127.0126,
      "y": 439.1657
    },
    {
      "time": 197.4,
      "agent_id": 8,
      "x": 1075.2246,
      "y": 411.7989
    },
    {
      "time": 199.0,
      "agent_id": 8,
      "x": 1137.433,
      "y": 375.5095
    },
    {
      "time": 210.9,
      "agent_id": 8,
      "x": 1090.0199,
      "y": 367.0025
    },
    {
      "time": 236.3,
      "agent_id": 1,
      "x": 1528.1872,
      "y": 417.274
    }
  ],
  "parent_fruit_consumed_before_tracked_encounter": 0,
  "tracked_encounter_times": [
    0.1
  ],
  "conditional_delivery_denominator": true,
  "conditional_delivery_status": "not_applicable",
  "setup_oracle": false,
  "setup_oracle_target": null,
  "setup_oracle_ticks": 0,
  "setup_oracle_routing": null,
  "setup_oracle_route_resets": 0,
  "setup_oracle_policy_reset_before_handoff_act": false,
  "setup_oracle_handoff_time": null,
  "dynamic_action_privilege_ended_at": null,
  "target_switches": [
    {
      "time": 0.1,
      "tracked_predator_slot": 0,
      "target": 1
    },
    {
      "time": 0.4,
      "tracked_predator_slot": 0,
      "target": 3
    },
    {
      "time": 0.6,
      "tracked_predator_slot": 0,
      "target": 1
    },
    {
      "time": 0.7,
      "tracked_predator_slot": 0,
      "target": 3
    },
    {
      "time": 0.9,
      "tracked_predator_slot": 0,
      "target": 9
    },
    {
      "time": 1.0,
      "tracked_predator_slot": 0,
      "target": 5
    },
    {
      "time": 2.2,
      "tracked_predator_slot": 0,
      "target": 6
    },
    {
      "time": 2.3,
      "tracked_predator_slot": 0,
      "target": 2
    },
    {
      "time": 2.4,
      "tracked_predator_slot": 0,
      "target": 5
    },
    {
      "time": 2.5,
      "tracked_predator_slot": 0,
      "target": 3
    },
    {
      "time": 2.7,
      "tracked_predator_slot": 0,
      "target": 5
    },
    {
      "time": 4.3,
      "tracked_predator_slot": 0,
      "target": 8
    },
    {
      "time": 4.4,
      "tracked_predator_slot": 0,
      "target": 2
    },
    {
      "time": 4.6,
      "tracked_predator_slot": 0,
      "target": 8
    },
    {
      "time": 4.7,
      "tracked_predator_slot": 0,
      "target": 6
    },
    {
      "time": 4.8,
      "tracked_predator_slot": 0,
      "target": 1
    },
    {
      "time": 4.9,
      "tracked_predator_slot": 0,
      "target": 4
    },
    {
      "time": 5.0,
      "tracked_predator_slot": 0,
      "target": 7
    },
    {
      "time": 5.1,
      "tracked_predator_slot": 0,
      "target": 1
    },
    {
      "time": 5.2,
      "tracked_predator_slot": 0,
      "target": 6
    },
    {
      "time": 5.3,
      "tracked_predator_slot": 0,
      "target": 7
    },
    {
      "time": 5.4,
      "tracked_predator_slot": 0,
      "target": 6
    },
    {
      "time": 5.5,
      "tracked_predator_slot": 0,
      "target": 9
    },
    {
      "time": 5.6,
      "tracked_predator_slot": 0,
      "target": 4
    },
    {
      "time": 5.7,
      "tracked_predator_slot": 0,
      "target": 2
    },
    {
      "time": 5.8,
      "tracked_predator_slot": 0,
      "target": 6
    },
    {
      "time": 5.9,
      "tracked_predator_slot": 0,
      "target": 7
    },
    {
      "time": 6.4,
      "tracked_predator_slot": 0,
      "target": 8
    },
    {
      "time": 6.5,
      "tracked_predator_slot": 0,
      "target": 6
    },
    {
      "time": 6.6,
      "tracked_predator_slot": 0,
      "target": 7
    },
    {
      "time": 6.8,
      "tracked_predator_slot": 0,
      "target": 6
    },
    {
      "time": 6.9,
      "tracked_predator_slot": 0,
      "target": 5
    },
    {
      "time": 7.0,
      "tracked_predator_slot": 0,
      "target": 7
    },
    {
      "time": 7.1,
      "tracked_predator_slot": 0,
      "target": 9
    },
    {
      "time": 7.2,
      "tracked_predator_slot": 0,
      "target": 1
    },
    {
      "time": 7.7,
      "tracked_predator_slot": 0,
      "target": 3
    },
    {
      "time": 7.8,
      "tracked_predator_slot": 0,
      "target": 5
    },
    {
      "time": 7.9,
      "tracked_predator_slot": 0,
      "target": 3
    },
    {
      "time": 8.0,
      "tracked_predator_slot": 0,
      "target": 5
    },
    {
      "time": 8.1,
      "tracked_predator_slot": 0,
      "target": 2
    },
    {
      "time": 8.2,
      "tracked_predator_slot": 0,
      "target": 3
    },
    {
      "time": 8.3,
      "tracked_predator_slot": 0,
      "target": 4
    },
    {
      "time": 8.4,
      "tracked_predator_slot": 0,
      "target": 6
    },
    {
      "time": 8.5,
      "tracked_predator_slot": 0,
      "target": 8
    },
    {
      "time": 8.6,
      "tracked_predator_slot": 0,
      "target": 9
    },
    {
      "time": 8.7,
      "tracked_predator_slot": 0,
      "target": 8
    },
    {
      "time": 8.8,
      "tracked_predator_slot": 0,
      "target": 6
    },
    {
      "time": 9.0,
      "tracked_predator_slot": 0,
      "target": 3
    },
    {
      "time": 9.1,
      "tracked_predator_slot": 0,
      "target": 1
    },
    {
      "time": 9.2,
      "tracked_predator_slot": 0,
      "target": 3
    },
    {
      "time": 9.3,
      "tracked_predator_slot": 0,
      "target": 6
    },
    {
      "time": 9.5,
      "tracked_predator_slot": 0,
      "target": 9
    },
    {
      "time": 9.6,
      "tracked_predator_slot": 0,
      "target": 8
    },
    {
      "time": 9.7,
      "tracked_predator_slot": 0,
      "target": 6
    },
    {
      "time": 9.8,
      "tracked_predator_slot": 0,
      "target": 4
    },
    {
      "time": 9.9,
      "tracked_predator_slot": 0,
      "target": 9
    },
    {
      "time": 10.0,
      "tracked_predator_slot": 0,
      "target": 5
    },
    {
      "time": 10.1,
      "tracked_predator_slot": 0,
      "target": 7
    },
    {
      "time": 10.2,
      "tracked_predator_slot": 0,
      "target": 5
    },
    {
      "time": 10.3,
      "tracked_predator_slot": 0,
      "target": 4
    },
    {
      "time": 10.5,
      "tracked_predator_slot": 0,
      "target": 5
    },
    {
      "time": 10.6,
      "tracked_predator_slot": 0,
      "target": 7
    },
    {
      "time": 10.7,
      "tracked_predator_slot": 0,
      "target": 4
    },
    {
      "time": 10.8,
      "tracked_predator_slot": 0,
      "target": 7
    },
    {
      "time": 10.9,
      "tracked_predator_slot": 0,
      "target": 4
    },
    {
      "time": 11.1,
      "tracked_predator_slot": 0,
      "target": 2
    },
    {
      "time": 11.2,
      "tracked_predator_slot": 0,
      "target": 5
    },
    {
      "time": 11.3,
      "tracked_predator_slot": 0,
      "target": 2
    },
    {
      "time": 11.4,
      "tracked_predator_slot": 0,
      "target": 4
    },
    {
      "time": 11.5,
      "tracked_predator_slot": 0,
      "target": 7
    },
    {
      "time": 11.6,
      "tracked_predator_slot": 0,
      "target": 1
    },
    {
      "time": 11.7,
      "tracked_predator_slot": 0,
      "target": 4
    },
    {
      "time": 11.8,
      "tracked_predator_slot": 0,
      "target": 2
    },
    {
      "time": 12.2,
      "tracked_predator_slot": 0,
      "target": 4
    },
    {
      "time": 12.3,
      "tracked_predator_slot": 0,
      "target": 8
    },
    {
      "time": 12.4,
      "tracked_predator_slot": 0,
      "target": 4
    },
    {
      "time": 12.5,
      "tracked_predator_slot": 0,
      "target": 6
    },
    {
      "time": 12.6,
      "tracked_predator_slot": 0,
      "target": 1
    },
    {
      "time": 12.7,
      "tracked_predator_slot": 0,
      "target": "resting"
    },
    {
      "time": 16.2,
      "tracked_predator_slot": 0,
      "target": null
    },
    {
      "time": 16.3,
      "tracked_predator_slot": 0,
      "target": 8
    },
    {
      "time": 16.7,
      "tracked_predator_slot": 0,
      "target": 9
    },
    {
      "time": 16.8,
      "tracked_predator_slot": 0,
      "target": 8
    },
    {
      "time": 16.9,
      "tracked_predator_slot": 0,
      "target": 2
    },
    {
      "time": 17.0,
      "tracked_predator_slot": 0,
      "target": 8
    },
    {
      "time": 17.1,
      "tracked_predator_slot": 0,
      "target": 4
    },
    {
      "time": 17.2,
      "tracked_predator_slot": 0,
      "target": 7
    },
    {
      "time": 17.5,
      "tracked_predator_slot": 0,
      "target": 6
    },
    {
      "time": 17.6,
      "tracked_predator_slot": 0,
      "target": 7
    },
    {
      "time": 17.7,
      "tracked_predator_slot": 0,
      "target": 4
    },
    {
      "time": 18.2,
      "tracked_predator_slot": 0,
      "target": 7
    },
    {
      "time": 18.3,
      "tracked_predator_slot": 0,
      "target": 2
    },
    {
      "time": 18.4,
      "tracked_predator_slot": 0,
      "target": 4
    },
    {
      "time": 18.5,
      "tracked_predator_slot": 0,
      "target": null
    },
    {
      "time": 18.6,
      "tracked_predator_slot": 0,
      "target": 4
    },
    {
      "time": 18.7,
      "tracked_predator_slot": 0,
      "target": 8
    },
    {
      "time": 19.0,
      "tracked_predator_slot": 0,
      "target": 9
    },
    {
      "time": 19.5,
      "tracked_predator_slot": 0,
      "target": 5
    },
    {
      "time": 19.6,
      "tracked_predator_slot": 0,
      "target": 8
    },
    {
      "time": 19.7,
      "tracked_predator_slot": 0,
      "target": 9
    },
    {
      "time": 19.9,
      "tracked_predator_slot": 0,
      "target": 5
    },
    {
      "time": 20.0,
      "tracked_predator_slot": 0,
      "target": 8
    },
    {
      "time": 20.1,
      "tracked_predator_slot": 0,
      "target": 9
    },
    {
      "time": 20.4,
      "tracked_predator_slot": 0,
      "target": 6
    },
    {
      "time": 20.5,
      "tracked_predator_slot": 0,
      "target": 4
    },
    {
      "time": 21.0,
      "tracked_predator_slot": 0,
      "target": 5
    },
    {
      "time": 21.1,
      "tracked_predator_slot": 0,
      "target": 8
    },
    {
      "time": 21.2,
      "tracked_predator_slot": 0,
      "target": 9
    },
    {
      "time": 21.3,
      "tracked_predator_slot": 0,
      "target": 4
    },
    {
      "time": 21.4,
      "tracked_predator_slot": 0,
      "target": 7
    },
    {
      "time": 21.5,
      "tracked_predator_slot": 0,
      "target": 8
    },
    {
      "time": 21.6,
      "tracked_predator_slot": 0,
      "target": 9
    },
    {
      "time": 21.7,
      "tracked_predator_slot": 0,
      "target": 6
    },
    {
      "time": 21.8,
      "tracked_predator_slot": 0,
      "target": 9
    },
    {
      "time": 22.0,
      "tracked_predator_slot": 0,
      "target": 3
    },
    {
      "time": 22.1,
      "tracked_predator_slot": 0,
      "target": 2
    },
    {
      "time": 22.2,
      "tracked_predator_slot": 0,
      "target": 1
    },
    {
      "time": 22.3,
      "tracked_predator_slot": 0,
      "target": 2
    },
    {
      "time": 22.4,
      "tracked_predator_slot": 0,
      "target": 1
    },
    {
      "time": 22.5,
      "tracked_predator_slot": 0,
      "target": 4
    },
    {
      "time": 22.6,
      "tracked_predator_slot": 0,
      "target": null
    },
    {
      "time": 23.2,
      "tracked_predator_slot": 0,
      "target": 2
    },
    {
      "time": 23.5,
      "tracked_predator_slot": 0,
      "target": 5
    },
    {
      "time": 23.6,
      "tracked_predator_slot": 0,
      "target": 2
    },
    {
      "time": 23.7,
      "tracked_predator_slot": 0,
      "target": 1
    },
    {
      "time": 23.9,
      "tracked_predator_slot": 0,
      "target": 6
    },
    {
      "time": 24.0,
      "tracked_predator_slot": 0,
      "target": 7
    },
    {
      "time": 24.1,
      "tracked_predator_slot": 0,
      "target": 3
    },
    {
      "time": 24.2,
      "tracked_predator_slot": 0,
      "target": 6
    },
    {
      "time": 24.3,
      "tracked_predator_slot": 0,
      "target": 5
    },
    {
      "time": 24.4,
      "tracked_predator_slot": 0,
      "target": 7
    },
    {
      "time": 24.6,
      "tracked_predator_slot": 0,
      "target": 1
    },
    {
      "time": 24.8,
      "tracked_predator_slot": 0,
      "target": 8
    },
    {
      "time": 25.0,
      "tracked_predator_slot": 0,
      "target": 5
    },
    {
      "time": 25.1,
      "tracked_predator_slot": 0,
      "target": 7
    },
    {
      "time": 25.2,
      "tracked_predator_slot": 0,
      "target": "resting"
    },
    {
      "time": 28.7,
      "tracked_predator_slot": 0,
      "target": 1
    },
    {
      "time": 28.8,
      "tracked_predator_slot": 0,
      "target": 7
    },
    {
      "time": 29.0,
      "tracked_predator_slot": 0,
      "target": 4
    },
    {
      "time": 29.3,
      "tracked_predator_slot": 0,
      "target": 2
    },
    {
      "time": 29.4,
      "tracked_predator_slot": 0,
      "target": 7
    },
    {
      "time": 29.7,
      "tracked_predator_slot": 0,
      "target": 3
    },
    {
      "time": 29.8,
      "tracked_predator_slot": 0,
      "target": 9
    },
    {
      "time": 29.9,
      "tracked_predator_slot": 0,
      "target": 8
    },
    {
      "time": 30.0,
      "tracked_predator_slot": 0,
      "target": 5
    },
    {
      "time": 30.1,
      "tracked_predator_slot": 0,
      "target": 7
    },
    {
      "time": 30.2,
      "tracked_predator_slot": 0,
      "target": null
    },
    {
      "time": 30.3,
      "tracked_predator_slot": 0,
      "target": 9
    },
    {
      "time": 30.4,
      "tracked_predator_slot": 0,
      "target": 7
    },
    {
      "time": 30.5,
      "tracked_predator_slot": 0,
      "target": 9
    },
    {
      "time": 30.6,
      "tracked_predator_slot": 0,
      "target": 5
    },
    {
      "time": 30.8,
      "tracked_predator_slot": 0,
      "target": 6
    },
    {
      "time": 30.9,
      "tracked_predator_slot": 0,
      "target": 4
    },
    {
      "time": 31.0,
      "tracked_predator_slot": 0,
      "target": 3
    },
    {
      "time": 31.1,
      "tracked_predator_slot": 0,
      "target": 1
    },
    {
      "time": 31.4,
      "tracked_predator_slot": 0,
      "target": 5
    },
    {
      "time": 31.5,
      "tracked_predator_slot": 0,
      "target": 1
    },
    {
      "time": 31.6,
      "tracked_predator_slot": 0,
      "target": 8
    },
    {
      "time": 31.7,
      "tracked_predator_slot": 0,
      "target": 1
    },
    {
      "time": 31.8,
      "tracked_predator_slot": 0,
      "target": 5
    },
    {
      "time": 32.0,
      "tracked_predator_slot": 0,
      "target": 3
    },
    {
      "time": 32.1,
      "tracked_predator_slot": 0,
      "target": 2
    },
    {
      "time": 32.2,
      "tracked_predator_slot": 0,
      "target": 8
    },
    {
      "time": 32.3,
      "tracked_predator_slot": 0,
      "target": 7
    },
    {
      "time": 32.5,
      "tracked_predator_slot": 0,
      "target": 9
    },
    {
      "time": 32.6,
      "tracked_predator_slot": 0,
      "target": 8
    },
    {
      "time": 32.7,
      "tracked_predator_slot": 0,
      "target": 9
    },
    {
      "time": 33.2,
      "tracked_predator_slot": 0,
      "target": 6
    },
    {
      "time": 33.4,
      "tracked_predator_slot": 0,
      "target": 8
    },
    {
      "time": 34.4,
      "tracked_predator_slot": 0,
      "target": 9
    },
    {
      "time": 34.5,
      "tracked_predator_slot": 0,
      "target": 1
    },
    {
      "time": 34.6,
      "tracked_predator_slot": 0,
      "target": 4
    },
    {
      "time": 34.7,
      "tracked_predator_slot": 0,
      "target": 5
    },
    {
      "time": 34.8,
      "tracked_predator_slot": 0,
      "target": 8
    },
    {
      "time": 35.1,
      "tracked_predator_slot": 0,
      "target": 6
    },
    {
      "time": 35.2,
      "tracked_predator_slot": 0,
      "target": 2
    },
    {
      "time": 35.3,
      "tracked_predator_slot": 0,
      "target": 4
    },
    {
      "time": 35.4,
      "tracked_predator_slot": 0,
      "target": 5
    },
    {
      "time": 35.5,
      "tracked_predator_slot": 0,
      "target": 2
    },
    {
      "time": 35.6,
      "tracked_predator_slot": 0,
      "target": 6
    },
    {
      "time": 35.7,
      "tracked_predator_slot": 0,
      "target": 7
    },
    {
      "time": 35.8,
      "tracked_predator_slot": 0,
      "target": 9
    },
    {
      "time": 35.9,
      "tracked_predator_slot": 0,
      "target": 6
    },
    {
      "time": 36.1,
      "tracked_predator_slot": 0,
      "target": 2
    },
    {
      "time": 36.3,
      "tracked_predator_slot": 0,
      "target": 5
    },
    {
      "time": 36.4,
      "tracked_predator_slot": 0,
      "target": 4
    },
    {
      "time": 36.5,
      "tracked_predator_slot": 0,
      "target": 6
    },
    {
      "time": 36.6,
      "tracked_predator_slot": 0,
      "target": 7
    },
    {
      "time": 36.8,
      "tracked_predator_slot": 0,
      "target": 6
    },
    {
      "time": 36.9,
      "tracked_predator_slot": 0,
      "target": 9
    },
    {
      "time": 37.0,
      "tracked_predator_slot": 0,
      "target": 4
    },
    {
      "time": 37.1,
      "tracked_predator_slot": 0,
      "target": 5
    },
    {
      "time": 37.2,
      "tracked_predator_slot": 0,
      "target": 7
    },
    {
      "time": 37.3,
      "tracked_predator_slot": 0,
      "target": 9
    },
    {
      "time": 37.4,
      "tracked_predator_slot": 0,
      "target": 1
    },
    {
      "time": 37.5,
      "tracked_predator_slot": 0,
      "target": 9
    },
    {
      "time": 37.6,
      "tracked_predator_slot": 0,
      "target": 5
    },
    {
      "time": 37.7,
      "tracked_predator_slot": 0,
      "target": 1
    },
    {
      "time": 37.8,
      "tracked_predator_slot": 0,
      "target": 4
    },
    {
      "time": 37.9,
      "tracked_predator_slot": 0,
      "target": "resting"
    },
    {
      "time": 41.4,
      "tracked_predator_slot": 0,
      "target": 8
    },
    {
      "time": 41.5,
      "tracked_predator_slot": 0,
      "target": 6
    },
    {
      "time": 41.7,
      "tracked_predator_slot": 0,
      "target": 4
    },
    {
      "time": 41.8,
      "tracked_predator_slot": 0,
      "target": 6
    },
    {
      "time": 42.7,
      "tracked_predator_slot": 0,
      "target": 8
    },
    {
      "time": 42.8,
      "tracked_predator_slot": 0,
      "target": 6
    },
    {
      "time": 42.9,
      "tracked_predator_slot": 0,
      "target": 1
    },
    {
      "time": 43.2,
      "tracked_predator_slot": 0,
      "target": 2
    },
    {
      "time": 43.3,
      "tracked_predator_slot": 0,
      "target": 5
    },
    {
      "time": 43.4,
      "tracked_predator_slot": 0,
      "target": 1
    },
    {
      "time": 43.6,
      "tracked_predator_slot": 0,
      "target": 2
    },
    {
      "time": 43.8,
      "tracked_predator_slot": 0,
      "target": 7
    },
    {
      "time": 44.2,
      "tracked_predator_slot": 0,
      "target": 5
    },
    {
      "time": 44.4,
      "tracked_predator_slot": 0,
      "target": 8
    },
    {
      "time": 44.6,
      "tracked_predator_slot": 0,
      "target": 3
    },
    {
      "time": 45.3,
      "tracked_predator_slot": 0,
      "target": 8
    },
    {
      "time": 45.4,
      "tracked_predator_slot": 0,
      "target": 3
    },
    {
      "time": 45.6,
      "tracked_predator_slot": 0,
      "target": 5
    },
    {
      "time": 45.9,
      "tracked_predator_slot": 0,
      "target": 3
    },
    {
      "time": 46.1,
      "tracked_predator_slot": 0,
      "target": 6
    },
    {
      "time": 46.2,
      "tracked_predator_slot": 0,
      "target": 5
    },
    {
      "time": 46.7,
      "tracked_predator_slot": 0,
      "target": 2
    },
    {
      "time": 46.8,
      "tracked_predator_slot": 0,
      "target": 1
    },
    {
      "time": 46.9,
      "tracked_predator_slot": 0,
      "target": 2
    },
    {
      "time": 47.1,
      "tracked_predator_slot": 0,
      "target": 6
    },
    {
      "time": 47.2,
      "tracked_predator_slot": 0,
      "target": 1
    },
    {
      "time": 47.3,
      "tracked_predator_slot": 0,
      "target": 9
    },
    {
      "time": 47.4,
      "tracked_predator_slot": 0,
      "target": 7
    },
    {
      "time": 47.6,
      "tracked_predator_slot": 0,
      "target": 4
    },
    {
      "time": 47.7,
      "tracked_predator_slot": 0,
      "target": 9
    },
    {
      "time": 47.9,
      "tracked_predator_slot": 0,
      "target": 4
    },
    {
      "time": 48.1,
      "tracked_predator_slot": 0,
      "target": 7
    },
    {
      "time": 48.4,
      "tracked_predator_slot": 0,
      "target": 2
    },
    {
      "time": 48.5,
      "tracked_predator_slot": 0,
      "target": 6
    },
    {
      "time": 48.6,
      "tracked_predator_slot": 0,
      "target": 8
    },
    {
      "time": 48.7,
      "tracked_predator_slot": 0,
      "target": 6
    },
    {
      "time": 48.9,
      "tracked_predator_slot": 0,
      "target": 8
    },
    {
      "time": 49.0,
      "tracked_predator_slot": 0,
      "target": 1
    },
    {
      "time": 49.1,
      "tracked_predator_slot": 0,
      "target": 7
    },
    {
      "time": 49.2,
      "tracked_predator_slot": 0,
      "target": 1
    },
    {
      "time": 49.3,
      "tracked_predator_slot": 0,
      "target": 8
    },
    {
      "time": 49.6,
      "tracked_predator_slot": 0,
      "target": 7
    },
    {
      "time": 49.8,
      "tracked_predator_slot": 0,
      "target": 6
    },
    {
      "time": 49.9,
      "tracked_predator_slot": 0,
      "target": 5
    },
    {
      "time": 50.0,
      "tracked_predator_slot": 0,
      "target": 7
    },
    {
      "time": 50.1,
      "tracked_predator_slot": 0,
      "target": 5
    },
    {
      "time": 50.2,
      "tracked_predator_slot": 0,
      "target": 3
    },
    {
      "time": 50.3,
      "tracked_predator_slot": 0,
      "target": "resting"
    },
    {
      "time": 53.8,
      "tracked_predator_slot": 0,
      "target": 7
    },
    {
      "time": 53.9,
      "tracked_predator_slot": 0,
      "target": 3
    },
    {
      "time": 54.1,
      "tracked_predator_slot": 0,
      "target": 5
    },
    {
      "time": 54.5,
      "tracked_predator_slot": 0,
      "target": 2
    },
    {
      "time": 55.0,
      "tracked_predator_slot": 0,
      "target": 8
    },
    {
      "time": 55.2,
      "tracked_predator_slot": 0,
      "target": 9
    },
    {
      "time": 55.3,
      "tracked_predator_slot": 0,
      "target": 8
    },
    {
      "time": 55.4,
      "tracked_predator_slot": 0,
      "target": 9
    },
    {
      "time": 55.7,
      "tracked_predator_slot": 0,
      "target": 2
    },
    {
      "time": 56.3,
      "tracked_predator_slot": 0,
      "target": 4
    },
    {
      "time": 56.4,
      "tracked_predator_slot": 0,
      "target": 2
    },
    {
      "time": 56.5,
      "tracked_predator_slot": 0,
      "target": 9
    },
    {
      "time": 56.6,
      "tracked_predator_slot": 0,
      "target": 2
    },
    {
      "time": 56.8,
      "tracked_predator_slot": 0,
      "target": 4
    },
    {
      "time": 56.9,
      "tracked_predator_slot": 0,
      "target": 9
    },
    {
      "time": 57.1,
      "tracked_predator_slot": 0,
      "target": 2
    },
    {
      "time": 57.4,
      "tracked_predator_slot": 0,
      "target": 9
    },
    {
      "time": 57.5,
      "tracked_predator_slot": 0,
      "target": 2
    },
    {
      "time": 57.6,
      "tracked_predator_slot": 0,
      "target": 9
    },
    {
      "time": 59.3,
      "tracked_predator_slot": 0,
      "target": 4
    },
    {
      "time": 59.4,
      "tracked_predator_slot": 0,
      "target": 2
    },
    {
      "time": 59.5,
      "tracked_predator_slot": 0,
      "target": 4
    },
    {
      "time": 59.6,
      "tracked_predator_slot": 0,
      "target": 2
    },
    {
      "time": 60.0,
      "tracked_predator_slot": 0,
      "target": 7
    },
    {
      "time": 60.8,
      "tracked_predator_slot": 0,
      "target": 4
    },
    {
      "time": 61.0,
      "tracked_predator_slot": 0,
      "target": 2
    },
    {
      "time": 61.1,
      "tracked_predator_slot": 0,
      "target": 4
    },
    {
      "time": 61.5,
      "tracked_predator_slot": 0,
      "target": 3
    },
    {
      "time": 61.8,
      "tracked_predator_slot": 0,
      "target": 9
    },
    {
      "time": 61.9,
      "tracked_predator_slot": 0,
      "target": 3
    },
    {
      "time": 62.0,
      "tracked_predator_slot": 0,
      "target": 4
    },
    {
      "time": 62.1,
      "tracked_predator_slot": 0,
      "target": 5
    },
    {
      "time": 62.3,
      "tracked_predator_slot": 0,
      "target": 8
    },
    {
      "time": 62.6,
      "tracked_predator_slot": 0,
      "target": 5
    },
    {
      "time": 62.7,
      "tracked_predator_slot": 0,
      "target": 6
    },
    {
      "time": 62.8,
      "tracked_predator_slot": 0,
      "target": 5
    },
    {
      "time": 62.9,
      "tracked_predator_slot": 0,
      "target": "resting"
    },
    {
      "time": 66.4,
      "tracked_predator_slot": 0,
      "target": 8
    },
    {
      "time": 66.5,
      "tracked_predator_slot": 0,
      "target": 2
    },
    {
      "time": 66.6,
      "tracked_predator_slot": 0,
      "target": 7
    },
    {
      "time": 67.0,
      "tracked_predator_slot": 0,
      "target": 8
    },
    {
      "time": 67.1,
      "tracked_predator_slot": 0,
      "target": 9
    },
    {
      "time": 67.4,
      "tracked_predator_slot": 0,
      "target": 7
    },
    {
      "time": 67.7,
      "tracked_predator_slot": 0,
      "target": 6
    },
    {
      "time": 68.2,
      "tracked_predator_slot": 0,
      "target": 3
    },
    {
      "time": 68.3,
      "tracked_predator_slot": 0,
      "target": 5
    },
    {
      "time": 68.7,
      "tracked_predator_slot": 0,
      "target": 9
    },
    {
      "time": 69.4,
      "tracked_predator_slot": 0,
      "target": 1
    },
    {
      "time": 69.5,
      "tracked_predator_slot": 0,
      "target": 5
    },
    {
      "time": 69.7,
      "tracked_predator_slot": 0,
      "target": 4
    },
    {
      "time": 69.8,
      "tracked_predator_slot": 0,
      "target": 3
    },
    {
      "time": 70.1,
      "tracked_predator_slot": 0,
      "target": 5
    },
    {
      "time": 70.2,
      "tracked_predator_slot": 0,
      "target": 8
    },
    {
      "time": 70.4,
      "tracked_predator_slot": 0,
      "target": 3
    },
    {
      "time": 70.5,
      "tracked_predator_slot": 0,
      "target": 8
    },
    {
      "time": 70.7,
      "tracked_predator_slot": 0,
      "target": 3
    },
    {
      "time": 70.9,
      "tracked_predator_slot": 0,
      "target": 4
    },
    {
      "time": 71.0,
      "tracked_predator_slot": 0,
      "target": 8
    },
    {
      "time": 71.3,
      "tracked_predator_slot": 0,
      "target": 6
    },
    {
      "time": 71.4,
      "tracked_predator_slot": 0,
      "target": 7
    },
    {
      "time": 71.5,
      "tracked_predator_slot": 0,
      "target": 3
    },
    {
      "time": 72.0,
      "tracked_predator_slot": 0,
      "target": 5
    },
    {
      "time": 72.2,
      "tracked_predator_slot": 0,
      "target": 4
    },
    {
      "time": 72.3,
      "tracked_predator_slot": 0,
      "target": 5
    },
    {
      "time": 72.4,
      "tracked_predator_slot": 0,
      "target": 7
    },
    {
      "time": 72.5,
      "tracked_predator_slot": 0,
      "target": 8
    },
    {
      "time": 72.6,
      "tracked_predator_slot": 0,
      "target": 4
    },
    {
      "time": 72.7,
      "tracked_predator_slot": 0,
      "target": 8
    },
    {
      "time": 72.8,
      "tracked_predator_slot": 0,
      "target": 4
    },
    {
      "time": 72.9,
      "tracked_predator_slot": 0,
      "target": 9
    },
    {
      "time": 73.0,
      "tracked_predator_slot": 0,
      "target": 7
    },
    {
      "time": 73.1,
      "tracked_predator_slot": 0,
      "target": 9
    },
    {
      "time": 73.2,
      "tracked_predator_slot": 0,
      "target": 7
    },
    {
      "time": 73.3,
      "tracked_predator_slot": 0,
      "target": 9
    },
    {
      "time": 73.5,
      "tracked_predator_slot": 0,
      "target": 8
    },
    {
      "time": 73.6,
      "tracked_predator_slot": 0,
      "target": 9
    },
    {
      "time": 73.7,
      "tracked_predator_slot": 0,
      "target": 1
    },
    {
      "time": 73.8,
      "tracked_predator_slot": 0,
      "target": 5
    },
    {
      "time": 73.9,
      "tracked_predator_slot": 0,
      "target": 9
    },
    {
      "time": 74.2,
      "tracked_predator_slot": 0,
      "target": 6
    },
    {
      "time": 74.4,
      "tracked_predator_slot": 0,
      "target": 1
    },
    {
      "time": 74.7,
      "tracked_predator_slot": 0,
      "target": 2
    },
    {
      "time": 74.8,
      "tracked_predator_slot": 0,
      "target": 3
    },
    {
      "time": 74.9,
      "tracked_predator_slot": 0,
      "target": 2
    },
    {
      "time": 75.1,
      "tracked_predator_slot": 0,
      "target": 1
    },
    {
      "time": 75.2,
      "tracked_predator_slot": 0,
      "target": 6
    },
    {
      "time": 75.3,
      "tracked_predator_slot": 0,
      "target": 2
    },
    {
      "time": 75.5,
      "tracked_predator_slot": 0,
      "target": "resting"
    },
    {
      "time": 79.0,
      "tracked_predator_slot": 0,
      "target": 9
    },
    {
      "time": 79.1,
      "tracked_predator_slot": 0,
      "target": 4
    },
    {
      "time": 79.2,
      "tracked_predator_slot": 0,
      "target": 1
    },
    {
      "time": 79.3,
      "tracked_predator_slot": 0,
      "target": 6
    },
    {
      "time": 79.4,
      "tracked_predator_slot": 0,
      "target": 1
    },
    {
      "time": 79.9,
      "tracked_predator_slot": 0,
      "target": 6
    },
    {
      "time": 80.1,
      "tracked_predator_slot": 0,
      "target": 1
    },
    {
      "time": 80.4,
      "tracked_predator_slot": 0,
      "target": 6
    },
    {
      "time": 80.5,
      "tracked_predator_slot": 0,
      "target": null
    },
    {
      "time": 91.3,
      "tracked_predator_slot": 0,
      "target": "resting"
    },
    {
      "time": 94.8,
      "tracked_predator_slot": 0,
      "target": null
    },
    {
      "time": 100.4,
      "tracked_predator_slot": 0,
      "target": 4
    },
    {
      "time": 100.7,
      "tracked_predator_slot": 0,
      "target": 8
    },
    {
      "time": 100.8,
      "tracked_predator_slot": 0,
      "target": 7
    },
    {
      "time": 100.9,
      "tracked_predator_slot": 0,
      "target": 8
    },
    {
      "time": 101.0,
      "tracked_predator_slot": 0,
      "target": 7
    },
    {
      "time": 101.1,
      "tracked_predator_slot": 0,
      "target": 8
    },
    {
      "time": 101.2,
      "tracked_predator_slot": 0,
      "target": 9
    },
    {
      "time": 101.3,
      "tracked_predator_slot": 0,
      "target": 4
    },
    {
      "time": 101.4,
      "tracked_predator_slot": 0,
      "target": 3
    },
    {
      "time": 101.5,
      "tracked_predator_slot": 0,
      "target": 8
    },
    {
      "time": 101.6,
      "tracked_predator_slot": 0,
      "target": 2
    },
    {
      "time": 101.7,
      "tracked_predator_slot": 0,
      "target": 8
    },
    {
      "time": 101.8,
      "tracked_predator_slot": 0,
      "target": 7
    },
    {
      "time": 102.1,
      "tracked_predator_slot": 0,
      "target": 2
    },
    {
      "time": 102.4,
      "tracked_predator_slot": 0,
      "target": 7
    },
    {
      "time": 102.5,
      "tracked_predator_slot": 0,
      "target": 8
    },
    {
      "time": 102.6,
      "tracked_predator_slot": 0,
      "target": 7
    },
    {
      "time": 102.8,
      "tracked_predator_slot": 0,
      "target": 2
    },
    {
      "time": 103.0,
      "tracked_predator_slot": 0,
      "target": 3
    },
    {
      "time": 103.1,
      "tracked_predator_slot": 0,
      "target": 9
    },
    {
      "time": 103.4,
      "tracked_predator_slot": 0,
      "target": 2
    },
    {
      "time": 104.6,
      "tracked_predator_slot": 0,
      "target": 4
    },
    {
      "time": 104.7,
      "tracked_predator_slot": 0,
      "target": 3
    },
    {
      "time": 104.9,
      "tracked_predator_slot": 0,
      "target": 4
    },
    {
      "time": 105.2,
      "tracked_predator_slot": 0,
      "target": 2
    },
    {
      "time": 105.3,
      "tracked_predator_slot": 0,
      "target": 8
    },
    {
      "time": 105.5,
      "tracked_predator_slot": 0,
      "target": 7
    },
    {
      "time": 105.6,
      "tracked_predator_slot": 0,
      "target": 4
    },
    {
      "time": 105.8,
      "tracked_predator_slot": 0,
      "target": 3
    },
    {
      "time": 105.9,
      "tracked_predator_slot": 0,
      "target": 4
    },
    {
      "time": 106.0,
      "tracked_predator_slot": 0,
      "target": 3
    },
    {
      "time": 106.2,
      "tracked_predator_slot": 0,
      "target": 4
    },
    {
      "time": 106.3,
      "tracked_predator_slot": 0,
      "target": 3
    },
    {
      "time": 106.4,
      "tracked_predator_slot": 0,
      "target": 4
    },
    {
      "time": 106.6,
      "tracked_predator_slot": 0,
      "target": 7
    },
    {
      "time": 106.7,
      "tracked_predator_slot": 0,
      "target": 4
    },
    {
      "time": 106.8,
      "tracked_predator_slot": 0,
      "target": 7
    },
    {
      "time": 107.0,
      "tracked_predator_slot": 0,
      "target": 3
    },
    {
      "time": 107.1,
      "tracked_predator_slot": 0,
      "target": 4
    },
    {
      "time": 107.2,
      "tracked_predator_slot": 0,
      "target": 3
    },
    {
      "time": 107.3,
      "tracked_predator_slot": 0,
      "target": 4
    },
    {
      "time": 107.4,
      "tracked_predator_slot": 0,
      "target": 7
    },
    {
      "time": 107.6,
      "tracked_predator_slot": 0,
      "target": 3
    },
    {
      "time": 107.7,
      "tracked_predator_slot": 0,
      "target": 7
    },
    {
      "time": 107.8,
      "tracked_predator_slot": 0,
      "target": 3
    },
    {
      "time": 107.9,
      "tracked_predator_slot": 0,
      "target": 7
    },
    {
      "time": 108.0,
      "tracked_predator_slot": 0,
      "target": 8
    },
    {
      "time": 108.1,
      "tracked_predator_slot": 0,
      "target": "resting"
    },
    {
      "time": 111.6,
      "tracked_predator_slot": 0,
      "target": 4
    },
    {
      "time": 111.8,
      "tracked_predator_slot": 0,
      "target": 8
    },
    {
      "time": 111.9,
      "tracked_predator_slot": 0,
      "target": 9
    },
    {
      "time": 112.0,
      "tracked_predator_slot": 0,
      "target": 5
    },
    {
      "time": 112.1,
      "tracked_predator_slot": 0,
      "target": 9
    },
    {
      "time": 112.2,
      "tracked_predator_slot": 0,
      "target": 5
    },
    {
      "time": 112.3,
      "tracked_predator_slot": 0,
      "target": 9
    },
    {
      "time": 112.4,
      "tracked_predator_slot": 0,
      "target": 5
    },
    {
      "time": 112.6,
      "tracked_predator_slot": 0,
      "target": 9
    },
    {
      "time": 113.3,
      "tracked_predator_slot": 0,
      "target": 5
    },
    {
      "time": 114.0,
      "tracked_predator_slot": 0,
      "target": 9
    },
    {
      "time": 114.1,
      "tracked_predator_slot": 0,
      "target": null
    },
    {
      "time": 114.8,
      "tracked_predator_slot": 0,
      "target": 9
    },
    {
      "time": 115.0,
      "tracked_predator_slot": 0,
      "target": 5
    },
    {
      "time": 115.5,
      "tracked_predator_slot": 0,
      "target": 9
    },
    {
      "time": 115.6,
      "tracked_predator_slot": 0,
      "target": 4
    },
    {
      "time": 115.7,
      "tracked_predator_slot": 0,
      "target": 7
    },
    {
      "time": 116.4,
      "tracked_predator_slot": 0,
      "target": 3
    },
    {
      "time": 116.5,
      "tracked_predator_slot": 0,
      "target": 2
    },
    {
      "time": 116.6,
      "tracked_predator_slot": 0,
      "target": 3
    },
    {
      "time": 116.7,
      "tracked_predator_slot": 0,
      "target": 2
    },
    {
      "time": 116.9,
      "tracked_predator_slot": 0,
      "target": 8
    },
    {
      "time": 117.0,
      "tracked_predator_slot": 0,
      "target": 2
    },
    {
      "time": 117.1,
      "tracked_predator_slot": 0,
      "target": 4
    },
    {
      "time": 117.2,
      "tracked_predator_slot": 0,
      "target": 5
    },
    {
      "time": 117.3,
      "tracked_predator_slot": 0,
      "target": 2
    },
    {
      "time": 117.4,
      "tracked_predator_slot": 0,
      "target": 7
    },
    {
      "time": 117.5,
      "tracked_predator_slot": 0,
      "target": 8
    },
    {
      "time": 117.7,
      "tracked_predator_slot": 0,
      "target": 7
    },
    {
      "time": 119.1,
      "tracked_predator_slot": 0,
      "target": 3
    },
    {
      "time": 119.6,
      "tracked_predator_slot": 0,
      "target": 8
    },
    {
      "time": 119.7,
      "tracked_predator_slot": 0,
      "target": 2
    },
    {
      "time": 120.3,
      "tracked_predator_slot": 0,
      "target": 5
    },
    {
      "time": 120.5,
      "tracked_predator_slot": 0,
      "target": 8
    },
    {
      "time": 120.7,
      "tracked_predator_slot": 0,
      "target": 5
    },
    {
      "time": 120.9,
      "tracked_predator_slot": 0,
      "target": 8
    },
    {
      "time": 121.1,
      "tracked_predator_slot": 0,
      "target": 9
    },
    {
      "time": 121.3,
      "tracked_predator_slot": 0,
      "target": 5
    },
    {
      "time": 121.4,
      "tracked_predator_slot": 0,
      "target": 9
    },
    {
      "time": 121.5,
      "tracked_predator_slot": 0,
      "target": 5
    },
    {
      "time": 121.6,
      "tracked_predator_slot": 0,
      "target": 9
    },
    {
      "time": 121.7,
      "tracked_predator_slot": 0,
      "target": 5
    },
    {
      "time": 121.8,
      "tracked_predator_slot": 0,
      "target": 9
    },
    {
      "time": 121.9,
      "tracked_predator_slot": 0,
      "target": 5
    },
    {
      "time": 122.0,
      "tracked_predator_slot": 0,
      "target": 9
    },
    {
      "time": 122.1,
      "tracked_predator_slot": 0,
      "target": 5
    },
    {
      "time": 122.2,
      "tracked_predator_slot": 0,
      "target": 9
    },
    {
      "time": 122.6,
      "tracked_predator_slot": 0,
      "target": 5
    },
    {
      "time": 123.6,
      "tracked_predator_slot": 0,
      "target": 9
    },
    {
      "time": 123.7,
      "tracked_predator_slot": 0,
      "target": null
    },
    {
      "time": 124.6,
      "tracked_predator_slot": 0,
      "target": 9
    },
    {
      "time": 124.7,
      "tracked_predator_slot": 0,
      "target": null
    },
    {
      "time": 126.1,
      "tracked_predator_slot": 0,
      "target": 5
    },
    {
      "time": 126.4,
      "tracked_predator_slot": 0,
      "target": null
    },
    {
      "time": 126.5,
      "tracked_predator_slot": 0,
      "target": 8
    },
    {
      "time": 126.6,
      "tracked_predator_slot": 0,
      "target": 5
    },
    {
      "time": 126.9,
      "tracked_predator_slot": 0,
      "target": null
    },
    {
      "time": 127.0,
      "tracked_predator_slot": 0,
      "target": 8
    },
    {
      "time": 127.4,
      "tracked_predator_slot": 0,
      "target": null
    },
    {
      "time": 127.9,
      "tracked_predator_slot": 0,
      "target": 8
    },
    {
      "time": 128.0,
      "tracked_predator_slot": 0,
      "target": null
    },
    {
      "time": 128.1,
      "tracked_predator_slot": 0,
      "target": 8
    },
    {
      "time": 128.2,
      "tracked_predator_slot": 0,
      "target": null
    },
    {
      "time": 128.4,
      "tracked_predator_slot": 0,
      "target": 5
    },
    {
      "time": 128.6,
      "tracked_predator_slot": 0,
      "target": 8
    },
    {
      "time": 128.9,
      "tracked_predator_slot": 0,
      "target": 5
    },
    {
      "time": 129.4,
      "tracked_predator_slot": 0,
      "target": 8
    },
    {
      "time": 130.2,
      "tracked_predator_slot": 0,
      "target": null
    },
    {
      "time": 130.7,
      "tracked_predator_slot": 0,
      "target": 5
    },
    {
      "time": 130.9,
      "tracked_predator_slot": 0,
      "target": 0
    },
    {
      "time": 131.0,
      "tracked_predator_slot": 0,
      "target": 5
    },
    {
      "time": 131.3,
      "tracked_predator_slot": 0,
      "target": 8
    },
    {
      "time": 131.4,
      "tracked_predator_slot": 0,
      "target": 5
    },
    {
      "time": 131.5,
      "tracked_predator_slot": 0,
      "target": 8
    },
    {
      "time": 131.8,
      "tracked_predator_slot": 0,
      "target": 5
    },
    {
      "time": 131.9,
      "tracked_predator_slot": 0,
      "target": 8
    },
    {
      "time": 132.1,
      "tracked_predator_slot": 0,
      "target": 5
    },
    {
      "time": 133.2,
      "tracked_predator_slot": 0,
      "target": 8
    },
    {
      "time": 133.8,
      "tracked_predator_slot": 0,
      "target": null
    },
    {
      "time": 133.9,
      "tracked_predator_slot": 0,
      "target": 8
    },
    {
      "time": 134.0,
      "tracked_predator_slot": 0,
      "target": 5
    },
    {
      "time": 134.1,
      "tracked_predator_slot": 0,
      "target": 8
    },
    {
      "time": 134.2,
      "tracked_predator_slot": 0,
      "target": 5
    },
    {
      "time": 134.6,
      "tracked_predator_slot": 0,
      "target": 8
    },
    {
      "time": 134.8,
      "tracked_predator_slot": 0,
      "target": 5
    },
    {
      "time": 134.9,
      "tracked_predator_slot": 0,
      "target": "resting"
    },
    {
      "time": 138.4,
      "tracked_predator_slot": 0,
      "target": 8
    },
    {
      "time": 141.5,
      "tracked_predator_slot": 0,
      "target": 5
    },
    {
      "time": 141.8,
      "tracked_predator_slot": 0,
      "target": 8
    },
    {
      "time": 141.9,
      "tracked_predator_slot": 0,
      "target": 5
    },
    {
      "time": 144.1,
      "tracked_predator_slot": 0,
      "target": null
    },
    {
      "time": 146.9,
      "tracked_predator_slot": 0,
      "target": 9
    },
    {
      "time": 147.7,
      "tracked_predator_slot": 0,
      "target": "resting"
    },
    {
      "time": 151.2,
      "tracked_predator_slot": 0,
      "target": 9
    },
    {
      "time": 153.8,
      "tracked_predator_slot": 0,
      "target": null
    },
    {
      "time": 153.9,
      "tracked_predator_slot": 0,
      "target": 9
    },
    {
      "time": 154.0,
      "tracked_predator_slot": 0,
      "target": null
    },
    {
      "time": 154.1,
      "tracked_predator_slot": 0,
      "target": 9
    },
    {
      "time": 156.9,
      "tracked_predator_slot": 0,
      "target": null
    },
    {
      "time": 157.0,
      "tracked_predator_slot": 0,
      "target": 9
    },
    {
      "time": 157.3,
      "tracked_predator_slot": 0,
      "target": null
    },
    {
      "time": 157.5,
      "tracked_predator_slot": 0,
      "target": 9
    },
    {
      "time": 157.6,
      "tracked_predator_slot": 0,
      "target": null
    },
    {
      "time": 158.1,
      "tracked_predator_slot": 0,
      "target": 9
    },
    {
      "time": 158.2,
      "tracked_predator_slot": 0,
      "target": null
    },
    {
      "time": 158.3,
      "tracked_predator_slot": 0,
      "target": 9
    },
    {
      "time": 160.2,
      "tracked_predator_slot": 0,
      "target": "resting"
    },
    {
      "time": 163.7,
      "tracked_predator_slot": 0,
      "target": 9
    },
    {
      "time": 164.2,
      "tracked_predator_slot": 0,
      "target": null
    },
    {
      "time": 164.9,
      "tracked_predator_slot": 0,
      "target": 9
    },
    {
      "time": 165.1,
      "tracked_predator_slot": 0,
      "target": null
    },
    {
      "time": 165.5,
      "tracked_predator_slot": 0,
      "target": 9
    },
    {
      "time": 167.9,
      "tracked_predator_slot": 0,
      "target": null
    },
    {
      "time": 168.2,
      "tracked_predator_slot": 0,
      "target": 9
    },
    {
      "time": 168.5,
      "tracked_predator_slot": 0,
      "target": null
    },
    {
      "time": 168.6,
      "tracked_predator_slot": 0,
      "target": 9
    },
    {
      "time": 168.8,
      "tracked_predator_slot": 0,
      "target": null
    },
    {
      "time": 169.4,
      "tracked_predator_slot": 0,
      "target": 9
    },
    {
      "time": 169.8,
      "tracked_predator_slot": 0,
      "target": null
    },
    {
      "time": 169.9,
      "tracked_predator_slot": 0,
      "target": 9
    },
    {
      "time": 172.1,
      "tracked_predator_slot": 0,
      "target": null
    },
    {
      "time": 172.5,
      "tracked_predator_slot": 0,
      "target": 9
    },
    {
      "time": 172.9,
      "tracked_predator_slot": 0,
      "target": 5
    },
    {
      "time": 173.0,
      "tracked_predator_slot": 0,
      "target": 9
    },
    {
      "time": 173.1,
      "tracked_predator_slot": 0,
      "target": "resting"
    },
    {
      "time": 176.6,
      "tracked_predator_slot": 0,
      "target": 5
    },
    {
      "time": 177.6,
      "tracked_predator_slot": 0,
      "target": 6
    },
    {
      "time": 177.7,
      "tracked_predator_slot": 0,
      "target": 8
    },
    {
      "time": 190.2,
      "tracked_predator_slot": 0,
      "target": null
    },
    {
      "time": 190.6,
      "tracked_predator_slot": 0,
      "target": "resting"
    },
    {
      "time": 194.1,
      "tracked_predator_slot": 0,
      "target": null
    },
    {
      "time": 194.3,
      "tracked_predator_slot": 0,
      "target": 8
    },
    {
      "time": 194.4,
      "tracked_predator_slot": 0,
      "target": null
    },
    {
      "time": 194.6,
      "tracked_predator_slot": 0,
      "target": 0
    },
    {
      "time": 194.7,
      "tracked_predator_slot": 0,
      "target": 8
    },
    {
      "time": 194.8,
      "tracked_predator_slot": 0,
      "target": 0
    },
    {
      "time": 195.3,
      "tracked_predator_slot": 0,
      "target": 8
    },
    {
      "time": 197.4,
      "tracked_predator_slot": 0,
      "target": null
    },
    {
      "time": 197.5,
      "tracked_predator_slot": 0,
      "target": 8
    },
    {
      "time": 197.8,
      "tracked_predator_slot": 0,
      "target": null
    },
    {
      "time": 198.1,
      "tracked_predator_slot": 0,
      "target": 8
    },
    {
      "time": 198.3,
      "tracked_predator_slot": 0,
      "target": null
    },
    {
      "time": 198.4,
      "tracked_predator_slot": 0,
      "target": 8
    },
    {
      "time": 200.1,
      "tracked_predator_slot": 0,
      "target": null
    },
    {
      "time": 202.2,
      "tracked_predator_slot": 0,
      "target": 8
    },
    {
      "time": 202.3,
      "tracked_predator_slot": 0,
      "target": null
    },
    {
      "time": 202.4,
      "tracked_predator_slot": 0,
      "target": 8
    },
    {
      "time": 202.5,
      "tracked_predator_slot": 0,
      "target": null
    },
    {
      "time": 202.6,
      "tracked_predator_slot": 0,
      "target": 8
    },
    {
      "time": 202.7,
      "tracked_predator_slot": 0,
      "target": null
    },
    {
      "time": 202.8,
      "tracked_predator_slot": 0,
      "target": 8
    },
    {
      "time": 202.9,
      "tracked_predator_slot": 0,
      "target": null
    },
    {
      "time": 203.0,
      "tracked_predator_slot": 0,
      "target": 8
    },
    {
      "time": 203.1,
      "tracked_predator_slot": 0,
      "target": null
    },
    {
      "time": 203.2,
      "tracked_predator_slot": 0,
      "target": 8
    },
    {
      "time": 203.4,
      "tracked_predator_slot": 0,
      "target": "resting"
    },
    {
      "time": 206.9,
      "tracked_predator_slot": 0,
      "target": 8
    },
    {
      "time": 213.5,
      "tracked_predator_slot": 0,
      "target": 0
    },
    {
      "time": 226.5,
      "tracked_predator_slot": 0,
      "target": "resting"
    },
    {
      "time": 230.0,
      "tracked_predator_slot": 0,
      "target": 0
    },
    {
      "time": 239.3,
      "tracked_predator_slot": 0,
      "target": "resting"
    },
    {
      "time": 242.8,
      "tracked_predator_slot": 0,
      "target": 0
    },
    {
      "time": 252.1,
      "tracked_predator_slot": 0,
      "target": "resting"
    },
    {
      "time": 255.6,
      "tracked_predator_slot": 0,
      "target": 0
    },
    {
      "time": 264.9,
      "tracked_predator_slot": 0,
      "target": "resting"
    },
    {
      "time": 268.4,
      "tracked_predator_slot": 0,
      "target": 0
    },
    {
      "time": 277.7,
      "tracked_predator_slot": 0,
      "target": "resting"
    },
    {
      "time": 281.2,
      "tracked_predator_slot": 0,
      "target": 0
    },
    {
      "time": 290.5,
      "tracked_predator_slot": 0,
      "target": "resting"
    },
    {
      "time": 294.0,
      "tracked_predator_slot": 0,
      "target": 0
    }
  ],
  "guide_role_trace": [
    {
      "time": 0,
      "active_guide_id": 1
    },
    {
      "time": 1.1,
      "active_guide_id": 5
    },
    {
      "time": 4.0,
      "active_guide_id": 1
    },
    {
      "time": 4.3,
      "active_guide_id": 7
    },
    {
      "time": 4.4,
      "active_guide_id": 2
    },
    {
      "time": 4.7,
      "active_guide_id": 6
    },
    {
      "time": 6.9,
      "active_guide_id": 5
    },
    {
      "time": 7.0,
      "active_guide_id": 2
    },
    {
      "time": 7.4,
      "active_guide_id": 1
    },
    {
      "time": 7.8,
      "active_guide_id": 5
    },
    {
      "time": 8.3,
      "active_guide_id": 4
    },
    {
      "time": 8.4,
      "active_guide_id": 6
    },
    {
      "time": 8.5,
      "active_guide_id": 2
    },
    {
      "time": 8.9,
      "active_guide_id": 1
    },
    {
      "time": 9.0,
      "active_guide_id": 3
    },
    {
      "time": 9.1,
      "active_guide_id": 1
    },
    {
      "time": 9.2,
      "active_guide_id": 3
    },
    {
      "time": 9.4,
      "active_guide_id": 6
    },
    {
      "time": 9.5,
      "active_guide_id": 8
    },
    {
      "time": 9.7,
      "active_guide_id": 3
    },
    {
      "time": 10.0,
      "active_guide_id": 1
    },
    {
      "time": 10.1,
      "active_guide_id": 3
    },
    {
      "time": 10.3,
      "active_guide_id": 4
    },
    {
      "time": 10.8,
      "active_guide_id": 1
    },
    {
      "time": 10.9,
      "active_guide_id": 4
    },
    {
      "time": 11.5,
      "active_guide_id": 3
    },
    {
      "time": 11.6,
      "active_guide_id": 1
    },
    {
      "time": 11.8,
      "active_guide_id": 2
    },
    {
      "time": 13.0,
      "active_guide_id": 1
    },
    {
      "time": 16.4,
      "active_guide_id": 8
    },
    {
      "time": 16.9,
      "active_guide_id": 2
    },
    {
      "time": 17.1,
      "active_guide_id": 4
    },
    {
      "time": 17.5,
      "active_guide_id": 6
    },
    {
      "time": 17.8,
      "active_guide_id": 4
    },
    {
      "time": 18.4,
      "active_guide_id": 2
    },
    {
      "time": 18.5,
      "active_guide_id": 8
    },
    {
      "time": 19.1,
      "active_guide_id": 6
    },
    {
      "time": 19.3,
      "active_guide_id": 9
    },
    {
      "time": 19.6,
      "active_guide_id": 8
    },
    {
      "time": 19.7,
      "active_guide_id": 6
    },
    {
      "time": 19.8,
      "active_guide_id": 9
    },
    {
      "time": 19.9,
      "active_guide_id": 5
    },
    {
      "time": 20.0,
      "active_guide_id": 8
    },
    {
      "time": 20.1,
      "active_guide_id": 1
    },
    {
      "time": 20.5,
      "active_guide_id": 4
    },
    {
      "time": 21.1,
      "active_guide_id": 2
    },
    {
      "time": 21.3,
      "active_guide_id": 4
    },
    {
      "time": 21.5,
      "active_guide_id": 2
    },
    {
      "time": 21.6,
      "active_guide_id": 9
    },
    {
      "time": 21.7,
      "active_guide_id": 6
    },
    {
      "time": 21.8,
      "active_guide_id": 1
    },
    {
      "time": 21.9,
      "active_guide_id": 9
    },
    {
      "time": 22.1,
      "active_guide_id": 2
    },
    {
      "time": 22.2,
      "active_guide_id": 1
    },
    {
      "time": 22.3,
      "active_guide_id": 7
    },
    {
      "time": 22.4,
      "active_guide_id": 2
    },
    {
      "time": 22.5,
      "active_guide_id": 4
    },
    {
      "time": 22.7,
      "active_guide_id": 8
    },
    {
      "time": 23.2,
      "active_guide_id": 2
    },
    {
      "time": 23.7,
      "active_guide_id": 1
    },
    {
      "time": 23.9,
      "active_guide_id": 6
    },
    {
      "time": 24.0,
      "active_guide_id": 7
    },
    {
      "time": 24.1,
      "active_guide_id": 3
    },
    {
      "time": 24.2,
      "active_guide_id": 6
    },
    {
      "time": 24.4,
      "active_guide_id": 7
    },
    {
      "time": 24.7,
      "active_guide_id": 1
    },
    {
      "time": 24.8,
      "active_guide_id": 8
    },
    {
      "time": 25.0,
      "active_guide_id": 5
    },
    {
      "time": 25.1,
      "active_guide_id": 7
    },
    {
      "time": 25.3,
      "active_guide_id": 6
    },
    {
      "time": 25.4,
      "active_guide_id": 1
    },
    {
      "time": 29.0,
      "active_guide_id": 4
    },
    {
      "time": 29.2,
      "active_guide_id": 1
    },
    {
      "time": 29.4,
      "active_guide_id": 7
    },
    {
      "time": 29.9,
      "active_guide_id": 8
    },
    {
      "time": 30.1,
      "active_guide_id": 7
    },
    {
      "time": 30.5,
      "active_guide_id": 9
    },
    {
      "time": 30.6,
      "active_guide_id": 5
    },
    {
      "time": 30.9,
      "active_guide_id": 4
    },
    {
      "time": 31.0,
      "active_guide_id": 3
    },
    {
      "time": 31.2,
      "active_guide_id": 1
    },
    {
      "time": 31.4,
      "active_guide_id": 5
    },
    {
      "time": 31.5,
      "active_guide_id": 1
    },
    {
      "time": 31.6,
      "active_guide_id": 8
    },
    {
      "time": 31.7,
      "active_guide_id": 1
    },
    {
      "time": 31.8,
      "active_guide_id": 5
    },
    {
      "time": 32.1,
      "active_guide_id": 2
    },
    {
      "time": 32.3,
      "active_guide_id": 7
    },
    {
      "time": 32.6,
      "active_guide_id": 4
    },
    {
      "time": 32.7,
      "active_guide_id": 9
    },
    {
      "time": 33.1,
      "active_guide_id": 6
    },
    {
      "time": 33.5,
      "active_guide_id": 8
    },
    {
      "time": 34.4,
      "active_guide_id": 9
    },
    {
      "time": 34.7,
      "active_guide_id": 5
    },
    {
      "time": 34.8,
      "active_guide_id": 8
    },
    {
      "time": 35.1,
      "active_guide_id": 6
    },
    {
      "time": 35.4,
      "active_guide_id": 5
    },
    {
      "time": 35.7,
      "active_guide_id": 8
    },
    {
      "time": 35.8,
      "active_guide_id": 9
    },
    {
      "time": 35.9,
      "active_guide_id": 8
    },
    {
      "time": 36.0,
      "active_guide_id": 6
    },
    {
      "time": 36.1,
      "active_guide_id": 2
    },
    {
      "time": 36.4,
      "active_guide_id": 4
    },
    {
      "time": 36.6,
      "active_guide_id": 7
    },
    {
      "time": 37.9,
      "active_guide_id": 4
    },
    {
      "time": 38.1,
      "active_guide_id": 8
    },
    {
      "time": 41.7,
      "active_guide_id": 4
    },
    {
      "time": 41.8,
      "active_guide_id": 6
    },
    {
      "time": 42.0,
      "active_guide_id": 2
    },
    {
      "time": 42.1,
      "active_guide_id": 6
    },
    {
      "time": 42.2,
      "active_guide_id": 2
    },
    {
      "time": 42.3,
      "active_guide_id": 5
    },
    {
      "time": 42.5,
      "active_guide_id": 8
    },
    {
      "time": 42.8,
      "active_guide_id": 3
    },
    {
      "time": 42.9,
      "active_guide_id": 9
    },
    {
      "time": 43.1,
      "active_guide_id": 8
    },
    {
      "time": 43.3,
      "active_guide_id": 5
    },
    {
      "time": 43.4,
      "active_guide_id": 1
    },
    {
      "time": 43.6,
      "active_guide_id": 2
    },
    {
      "time": 43.8,
      "active_guide_id": 4
    },
    {
      "time": 44.0,
      "active_guide_id": 7
    },
    {
      "time": 44.3,
      "active_guide_id": 5
    },
    {
      "time": 44.5,
      "active_guide_id": 7
    },
    {
      "time": 44.6,
      "active_guide_id": 3
    },
    {
      "time": 45.4,
      "active_guide_id": 8
    },
    {
      "time": 45.5,
      "active_guide_id": 3
    },
    {
      "time": 45.6,
      "active_guide_id": 5
    },
    {
      "time": 45.9,
      "active_guide_id": 3
    },
    {
      "time": 46.1,
      "active_guide_id": 6
    },
    {
      "time": 46.2,
      "active_guide_id": 5
    },
    {
      "time": 46.7,
      "active_guide_id": 2
    },
    {
      "time": 47.3,
      "active_guide_id": 9
    },
    {
      "time": 47.4,
      "active_guide_id": 7
    },
    {
      "time": 47.6,
      "active_guide_id": 4
    },
    {
      "time": 47.7,
      "active_guide_id": 9
    },
    {
      "time": 47.9,
      "active_guide_id": 3
    },
    {
      "time": 48.1,
      "active_guide_id": 7
    },
    {
      "time": 48.4,
      "active_guide_id": 2
    },
    {
      "time": 48.5,
      "active_guide_id": 6
    },
    {
      "time": 48.9,
      "active_guide_id": 8
    },
    {
      "time": 49.1,
      "active_guide_id": 7
    },
    {
      "time": 49.2,
      "active_guide_id": 1
    },
    {
      "time": 49.4,
      "active_guide_id": 8
    },
    {
      "time": 49.6,
      "active_guide_id": 7
    },
    {
      "time": 49.8,
      "active_guide_id": 6
    },
    {
      "time": 49.9,
      "active_guide_id": 5
    },
    {
      "time": 50.0,
      "active_guide_id": 3
    },
    {
      "time": 50.1,
      "active_guide_id": 5
    },
    {
      "time": 50.2,
      "active_guide_id": 3
    },
    {
      "time": 50.3,
      "active_guide_id": 6
    },
    {
      "time": 50.7,
      "active_guide_id": 3
    },
    {
      "time": 50.8,
      "active_guide_id": 7
    },
    {
      "time": 51.0,
      "active_guide_id": 1
    },
    {
      "time": 51.1,
      "active_guide_id": 3
    },
    {
      "time": 51.2,
      "active_guide_id": 1
    },
    {
      "time": 51.3,
      "active_guide_id": 3
    },
    {
      "time": 51.4,
      "active_guide_id": 1
    },
    {
      "time": 51.5,
      "active_guide_id": 3
    },
    {
      "time": 51.6,
      "active_guide_id": 1
    },
    {
      "time": 51.7,
      "active_guide_id": 3
    },
    {
      "time": 51.8,
      "active_guide_id": 1
    },
    {
      "time": 51.9,
      "active_guide_id": 3
    },
    {
      "time": 52.0,
      "active_guide_id": 1
    },
    {
      "time": 52.1,
      "active_guide_id": 3
    },
    {
      "time": 52.2,
      "active_guide_id": 1
    },
    {
      "time": 52.3,
      "active_guide_id": 3
    },
    {
      "time": 52.4,
      "active_guide_id": 1
    },
    {
      "time": 52.5,
      "active_guide_id": 3
    },
    {
      "time": 52.6,
      "active_guide_id": 1
    },
    {
      "time": 52.7,
      "active_guide_id": 3
    },
    {
      "time": 52.8,
      "active_guide_id": 1
    },
    {
      "time": 52.9,
      "active_guide_id": 3
    },
    {
      "time": 53.0,
      "active_guide_id": 1
    },
    {
      "time": 53.1,
      "active_guide_id": 3
    },
    {
      "time": 53.2,
      "active_guide_id": 1
    },
    {
      "time": 53.3,
      "active_guide_id": 3
    },
    {
      "time": 53.4,
      "active_guide_id": 1
    },
    {
      "time": 53.5,
      "active_guide_id": 3
    },
    {
      "time": 53.6,
      "active_guide_id": 1
    },
    {
      "time": 53.7,
      "active_guide_id": 3
    },
    {
      "time": 53.8,
      "active_guide_id": 1
    },
    {
      "time": 53.9,
      "active_guide_id": 7
    },
    {
      "time": 54.0,
      "active_guide_id": 3
    },
    {
      "time": 54.1,
      "active_guide_id": 1
    },
    {
      "time": 54.3,
      "active_guide_id": 5
    },
    {
      "time": 54.5,
      "active_guide_id": 8
    },
    {
      "time": 54.7,
      "active_guide_id": 2
    },
    {
      "time": 54.9,
      "active_guide_id": 8
    },
    {
      "time": 55.2,
      "active_guide_id": 1
    },
    {
      "time": 55.3,
      "active_guide_id": 8
    },
    {
      "time": 55.4,
      "active_guide_id": 1
    },
    {
      "time": 55.6,
      "active_guide_id": 9
    },
    {
      "time": 55.7,
      "active_guide_id": 2
    },
    {
      "time": 56.3,
      "active_guide_id": 4
    },
    {
      "time": 56.4,
      "active_guide_id": 2
    },
    {
      "time": 56.8,
      "active_guide_id": 4
    },
    {
      "time": 57.0,
      "active_guide_id": 9
    },
    {
      "time": 57.1,
      "active_guide_id": 2
    },
    {
      "time": 57.6,
      "active_guide_id": 9
    },
    {
      "time": 59.2,
      "active_guide_id": 4
    },
    {
      "time": 59.4,
      "active_guide_id": 2
    },
    {
      "time": 59.5,
      "active_guide_id": 4
    },
    {
      "time": 59.6,
      "active_guide_id": 2
    },
    {
      "time": 60.0,
      "active_guide_id": 7
    },
    {
      "time": 60.8,
      "active_guide_id": 9
    },
    {
      "time": 60.9,
      "active_guide_id": 4
    },
    {
      "time": 61.0,
      "active_guide_id": 2
    },
    {
      "time": 61.2,
      "active_guide_id": 4
    },
    {
      "time": 61.5,
      "active_guide_id": 3
    },
    {
      "time": 61.8,
      "active_guide_id": 9
    },
    {
      "time": 61.9,
      "active_guide_id": 2
    },
    {
      "time": 62.0,
      "active_guide_id": 4
    },
    {
      "time": 62.1,
      "active_guide_id": 5
    },
    {
      "time": 62.3,
      "active_guide_id": 8
    },
    {
      "time": 62.7,
      "active_guide_id": 6
    },
    {
      "time": 62.9,
      "active_guide_id": 8
    },
    {
      "time": 63.0,
      "active_guide_id": 2
    },
    {
      "time": 63.2,
      "active_guide_id": 8
    },
    {
      "time": 63.3,
      "active_guide_id": 2
    },
    {
      "time": 63.4,
      "active_guide_id": 8
    },
    {
      "time": 63.5,
      "active_guide_id": 2
    },
    {
      "time": 63.6,
      "active_guide_id": 8
    },
    {
      "time": 63.7,
      "active_guide_id": 7
    },
    {
      "time": 63.9,
      "active_guide_id": 2
    },
    {
      "time": 64.0,
      "active_guide_id": 8
    },
    {
      "time": 64.1,
      "active_guide_id": 2
    },
    {
      "time": 64.2,
      "active_guide_id": 8
    },
    {
      "time": 64.3,
      "active_guide_id": 2
    },
    {
      "time": 64.4,
      "active_guide_id": 8
    },
    {
      "time": 64.5,
      "active_guide_id": 2
    },
    {
      "time": 64.6,
      "active_guide_id": 8
    },
    {
      "time": 64.7,
      "active_guide_id": 2
    },
    {
      "time": 64.8,
      "active_guide_id": 8
    },
    {
      "time": 64.9,
      "active_guide_id": 2
    },
    {
      "time": 65.0,
      "active_guide_id": 8
    },
    {
      "time": 65.1,
      "active_guide_id": 2
    },
    {
      "time": 65.2,
      "active_guide_id": 8
    },
    {
      "time": 65.3,
      "active_guide_id": 2
    },
    {
      "time": 65.4,
      "active_guide_id": 8
    },
    {
      "time": 65.5,
      "active_guide_id": 2
    },
    {
      "time": 65.6,
      "active_guide_id": 9
    },
    {
      "time": 65.7,
      "active_guide_id": 2
    },
    {
      "time": 65.8,
      "active_guide_id": 8
    },
    {
      "time": 65.9,
      "active_guide_id": 2
    },
    {
      "time": 66.0,
      "active_guide_id": 8
    },
    {
      "time": 66.1,
      "active_guide_id": 2
    },
    {
      "time": 66.2,
      "active_guide_id": 8
    },
    {
      "time": 66.3,
      "active_guide_id": 2
    },
    {
      "time": 66.4,
      "active_guide_id": 8
    },
    {
      "time": 66.6,
      "active_guide_id": 3
    },
    {
      "time": 66.9,
      "active_guide_id": 7
    },
    {
      "time": 67.1,
      "active_guide_id": 9
    },
    {
      "time": 67.4,
      "active_guide_id": 7
    },
    {
      "time": 67.8,
      "active_guide_id": 6
    },
    {
      "time": 68.2,
      "active_guide_id": 3
    },
    {
      "time": 68.5,
      "active_guide_id": 5
    },
    {
      "time": 68.7,
      "active_guide_id": 8
    },
    {
      "time": 69.0,
      "active_guide_id": 6
    },
    {
      "time": 69.3,
      "active_guide_id": 1
    },
    {
      "time": 69.6,
      "active_guide_id": 5
    },
    {
      "time": 71.2,
      "active_guide_id": 6
    },
    {
      "time": 71.4,
      "active_guide_id": 7
    },
    {
      "time": 71.6,
      "active_guide_id": 6
    },
    {
      "time": 71.8,
      "active_guide_id": 3
    },
    {
      "time": 72.2,
      "active_guide_id": 4
    },
    {
      "time": 73.1,
      "active_guide_id": 1
    },
    {
      "time": 73.2,
      "active_guide_id": 6
    },
    {
      "time": 73.4,
      "active_guide_id": 9
    },
    {
      "time": 74.2,
      "active_guide_id": 6
    },
    {
      "time": 74.4,
      "active_guide_id": 1
    },
    {
      "time": 74.8,
      "active_guide_id": 3
    },
    {
      "time": 75.2,
      "active_guide_id": 6
    },
    {
      "time": 75.7,
      "active_guide_id": 7
    },
    {
      "time": 75.8,
      "active_guide_id": 8
    },
    {
      "time": 75.9,
      "active_guide_id": 4
    },
    {
      "time": 76.0,
      "active_guide_id": 8
    },
    {
      "time": 76.1,
      "active_guide_id": 4
    },
    {
      "time": 76.2,
      "active_guide_id": 9
    },
    {
      "time": 79.2,
      "active_guide_id": 1
    },
    {
      "time": 80.4,
      "active_guide_id": 6
    },
    {
      "time": 98.3,
      "active_guide_id": 2
    },
    {
      "time": 100.6,
      "active_guide_id": 4
    },
    {
      "time": 100.7,
      "active_guide_id": 8
    },
    {
      "time": 101.9,
      "active_guide_id": 7
    },
    {
      "time": 103.1,
      "active_guide_id": 9
    },
    {
      "time": 103.9,
      "active_guide_id": 2
    },
    {
      "time": 104.7,
      "active_guide_id": 3
    },
    {
      "time": 105.1,
      "active_guide_id": 9
    },
    {
      "time": 105.2,
      "active_guide_id": 2
    },
    {
      "time": 105.3,
      "active_guide_id": 8
    },
    {
      "time": 105.5,
      "active_guide_id": 2
    },
    {
      "time": 105.6,
      "active_guide_id": 4
    },
    {
      "time": 106.0,
      "active_guide_id": 7
    },
    {
      "time": 106.1,
      "active_guide_id": 3
    },
    {
      "time": 106.3,
      "active_guide_id": 5
    },
    {
      "time": 106.6,
      "active_guide_id": 9
    },
    {
      "time": 106.7,
      "active_guide_id": 4
    },
    {
      "time": 107.0,
      "active_guide_id": 5
    },
    {
      "time": 107.1,
      "active_guide_id": 4
    },
    {
      "time": 108.4,
      "active_guide_id": 3
    },
    {
      "time": 109.0,
      "active_guide_id": 4
    },
    {
      "time": 112.0,
      "active_guide_id": 2
    },
    {
      "time": 112.2,
      "active_guide_id": 8
    },
    {
      "time": 112.3,
      "active_guide_id": 9
    },
    {
      "time": 113.8,
      "active_guide_id": 5
    },
    {
      "time": 113.9,
      "active_guide_id": 9
    },
    {
      "time": 114.1,
      "active_guide_id": 2
    },
    {
      "time": 114.2,
      "active_guide_id": 9
    },
    {
      "time": 114.4,
      "active_guide_id": 5
    },
    {
      "time": 114.6,
      "active_guide_id": 9
    },
    {
      "time": 115.0,
      "active_guide_id": 5
    },
    {
      "time": 115.5,
      "active_guide_id": 9
    },
    {
      "time": 115.6,
      "active_guide_id": 4
    },
    {
      "time": 116.0,
      "active_guide_id": 7
    },
    {
      "time": 116.5,
      "active_guide_id": 2
    },
    {
      "time": 116.9,
      "active_guide_id": 8
    },
    {
      "time": 117.0,
      "active_guide_id": 5
    },
    {
      "time": 117.6,
      "active_guide_id": 8
    },
    {
      "time": 117.8,
      "active_guide_id": 7
    },
    {
      "time": 119.3,
      "active_guide_id": 3
    },
    {
      "time": 119.6,
      "active_guide_id": 8
    },
    {
      "time": 119.9,
      "active_guide_id": 2
    },
    {
      "time": 120.3,
      "active_guide_id": 5
    },
    {
      "time": 120.5,
      "active_guide_id": 8
    },
    {
      "time": 120.7,
      "active_guide_id": 5
    },
    {
      "time": 121.0,
      "active_guide_id": 8
    },
    {
      "time": 121.3,
      "active_guide_id": 5
    },
    {
      "time": 122.4,
      "active_guide_id": 9
    },
    {
      "time": 123.6,
      "active_guide_id": 8
    },
    {
      "time": 123.8,
      "active_guide_id": 9
    },
    {
      "time": 124.7,
      "active_guide_id": 5
    },
    {
      "time": 125.2,
      "active_guide_id": 9
    },
    {
      "time": 125.4,
      "active_guide_id": 5
    },
    {
      "time": 127.3,
      "active_guide_id": 8
    },
    {
      "time": 127.4,
      "active_guide_id": 5
    },
    {
      "time": 127.9,
      "active_guide_id": 8
    },
    {
      "time": 128.3,
      "active_guide_id": 5
    },
    {
      "time": 128.6,
      "active_guide_id": 8
    },
    {
      "time": 130.1,
      "active_guide_id": 5
    },
    {
      "time": 133.3,
      "active_guide_id": 8
    },
    {
      "time": 133.6,
      "active_guide_id": 5
    },
    {
      "time": 133.7,
      "active_guide_id": 8
    },
    {
      "time": 134.0,
      "active_guide_id": 5
    },
    {
      "time": 135.0,
      "active_guide_id": 8
    },
    {
      "time": 135.4,
      "active_guide_id": 5
    },
    {
      "time": 138.5,
      "active_guide_id": 8
    },
    {
      "time": 139.4,
      "active_guide_id": 5
    },
    {
      "time": 139.5,
      "active_guide_id": 8
    },
    {
      "time": 142.4,
      "active_guide_id": 5
    },
    {
      "time": 144.1,
      "active_guide_id": 8
    },
    {
      "time": 144.2,
      "active_guide_id": 5
    },
    {
      "time": 145.9,
      "active_guide_id": 8
    },
    {
      "time": 146.2,
      "active_guide_id": 5
    },
    {
      "time": 146.8,
      "active_guide_id": 9
    },
    {
      "time": 147.1,
      "active_guide_id": 8
    },
    {
      "time": 147.3,
      "active_guide_id": 9
    },
    {
      "time": 147.6,
      "active_guide_id": 5
    },
    {
      "time": 148.4,
      "active_guide_id": 8
    },
    {
      "time": 149.1,
      "active_guide_id": 5
    },
    {
      "time": 149.5,
      "active_guide_id": 8
    },
    {
      "time": 149.6,
      "active_guide_id": 5
    },
    {
      "time": 152.3,
      "active_guide_id": 9
    },
    {
      "time": 153.1,
      "active_guide_id": 8
    },
    {
      "time": 153.3,
      "active_guide_id": 9
    },
    {
      "time": 153.8,
      "active_guide_id": 5
    },
    {
      "time": 153.9,
      "active_guide_id": 9
    },
    {
      "time": 154.0,
      "active_guide_id": 5
    },
    {
      "time": 155.5,
      "active_guide_id": 9
    },
    {
      "time": 155.8,
      "active_guide_id": 8
    },
    {
      "time": 156.7,
      "active_guide_id": 9
    },
    {
      "time": 156.8,
      "active_guide_id": 8
    },
    {
      "time": 157.1,
      "active_guide_id": 9
    },
    {
      "time": 157.3,
      "active_guide_id": 5
    },
    {
      "time": 157.4,
      "active_guide_id": 9
    },
    {
      "time": 157.7,
      "active_guide_id": 5
    },
    {
      "time": 157.8,
      "active_guide_id": 9
    },
    {
      "time": 159.1,
      "active_guide_id": 5
    },
    {
      "time": 159.2,
      "active_guide_id": 9
    },
    {
      "time": 164.2,
      "active_guide_id": 8
    },
    {
      "time": 164.9,
      "active_guide_id": 9
    },
    {
      "time": 165.0,
      "active_guide_id": 5
    },
    {
      "time": 165.1,
      "active_guide_id": 8
    },
    {
      "time": 165.5,
      "active_guide_id": 5
    },
    {
      "time": 169.1,
      "active_guide_id": 8
    },
    {
      "time": 169.7,
      "active_guide_id": 6
    },
    {
      "time": 171.1,
      "active_guide_id": 9
    },
    {
      "time": 171.8,
      "active_guide_id": 6
    },
    {
      "time": 172.2,
      "active_guide_id": 8
    },
    {
      "time": 172.5,
      "active_guide_id": 9
    },
    {
      "time": 172.9,
      "active_guide_id": 8
    },
    {
      "time": 173.0,
      "active_guide_id": 6
    },
    {
      "time": 173.1,
      "active_guide_id": 5
    },
    {
      "time": 173.4,
      "active_guide_id": 8
    },
    {
      "time": 173.8,
      "active_guide_id": 6
    },
    {
      "time": 177.7,
      "active_guide_id": 9
    },
    {
      "time": 178.3,
      "active_guide_id": 8
    },
    {
      "time": 179.3,
      "active_guide_id": 9
    },
    {
      "time": 180.5,
      "active_guide_id": 8
    },
    {
      "time": 213.5,
      "active_guide_id": 1
    }
  ],
  "guide_follow_trace": [
    {
      "time": 0.1,
      "active_guide_id": 1,
      "tracked_predator_slot": 0
    },
    {
      "time": 1.2,
      "active_guide_id": 5,
      "tracked_predator_slot": 0
    },
    {
      "time": 4.5,
      "active_guide_id": 2,
      "tracked_predator_slot": 0
    },
    {
      "time": 5.2,
      "active_guide_id": 6,
      "tracked_predator_slot": 0
    },
    {
      "time": 7.5,
      "active_guide_id": 1,
      "tracked_predator_slot": 0
    },
    {
      "time": 8.0,
      "active_guide_id": 5,
      "tracked_predator_slot": 0
    },
    {
      "time": 9.6,
      "active_guide_id": 8,
      "tracked_predator_slot": 0
    },
    {
      "time": 10.4,
      "active_guide_id": 4,
      "tracked_predator_slot": 0
    },
    {
      "time": 11.0,
      "active_guide_id": 4,
      "tracked_predator_slot": 0
    },
    {
      "time": 11.9,
      "active_guide_id": 2,
      "tracked_predator_slot": 0
    },
    {
      "time": 16.5,
      "active_guide_id": 8,
      "tracked_predator_slot": 0
    },
    {
      "time": 17.9,
      "active_guide_id": 4,
      "tracked_predator_slot": 0
    },
    {
      "time": 18.7,
      "active_guide_id": 8,
      "tracked_predator_slot": 0
    },
    {
      "time": 19.4,
      "active_guide_id": 9,
      "tracked_predator_slot": 0
    },
    {
      "time": 20.6,
      "active_guide_id": 4,
      "tracked_predator_slot": 0
    },
    {
      "time": 23.3,
      "active_guide_id": 2,
      "tracked_predator_slot": 0
    },
    {
      "time": 23.8,
      "active_guide_id": 1,
      "tracked_predator_slot": 0
    },
    {
      "time": 24.5,
      "active_guide_id": 7,
      "tracked_predator_slot": 0
    },
    {
      "time": 24.9,
      "active_guide_id": 8,
      "tracked_predator_slot": 0
    },
    {
      "time": 28.7,
      "active_guide_id": 1,
      "tracked_predator_slot": 0
    },
    {
      "time": 29.1,
      "active_guide_id": 4,
      "tracked_predator_slot": 0
    },
    {
      "time": 29.5,
      "active_guide_id": 7,
      "tracked_predator_slot": 0
    },
    {
      "time": 30.4,
      "active_guide_id": 7,
      "tracked_predator_slot": 0
    },
    {
      "time": 30.7,
      "active_guide_id": 5,
      "tracked_predator_slot": 0
    },
    {
      "time": 31.3,
      "active_guide_id": 1,
      "tracked_predator_slot": 0
    },
    {
      "time": 31.9,
      "active_guide_id": 5,
      "tracked_predator_slot": 0
    },
    {
      "time": 32.4,
      "active_guide_id": 7,
      "tracked_predator_slot": 0
    },
    {
      "time": 32.8,
      "active_guide_id": 9,
      "tracked_predator_slot": 0
    },
    {
      "time": 33.2,
      "active_guide_id": 6,
      "tracked_predator_slot": 0
    },
    {
      "time": 33.6,
      "active_guide_id": 8,
      "tracked_predator_slot": 0
    },
    {
      "time": 34.9,
      "active_guide_id": 8,
      "tracked_predator_slot": 0
    },
    {
      "time": 36.2,
      "active_guide_id": 2,
      "tracked_predator_slot": 0
    },
    {
      "time": 36.7,
      "active_guide_id": 7,
      "tracked_predator_slot": 0
    },
    {
      "time": 41.4,
      "active_guide_id": 8,
      "tracked_predator_slot": 0
    },
    {
      "time": 41.9,
      "active_guide_id": 6,
      "tracked_predator_slot": 0
    },
    {
      "time": 42.2,
      "active_guide_id": 6,
      "tracked_predator_slot": 0
    },
    {
      "time": 42.7,
      "active_guide_id": 8,
      "tracked_predator_slot": 0
    },
    {
      "time": 43.5,
      "active_guide_id": 1,
      "tracked_predator_slot": 0
    },
    {
      "time": 43.7,
      "active_guide_id": 2,
      "tracked_predator_slot": 0
    },
    {
      "time": 44.1,
      "active_guide_id": 7,
      "tracked_predator_slot": 0
    },
    {
      "time": 44.7,
      "active_guide_id": 3,
      "tracked_predator_slot": 0
    },
    {
      "time": 45.7,
      "active_guide_id": 5,
      "tracked_predator_slot": 0
    },
    {
      "time": 46.0,
      "active_guide_id": 3,
      "tracked_predator_slot": 0
    },
    {
      "time": 46.3,
      "active_guide_id": 5,
      "tracked_predator_slot": 0
    },
    {
      "time": 46.9,
      "active_guide_id": 2,
      "tracked_predator_slot": 0
    },
    {
      "time": 47.5,
      "active_guide_id": 7,
      "tracked_predator_slot": 0
    },
    {
      "time": 47.8,
      "active_guide_id": 9,
      "tracked_predator_slot": 0
    },
    {
      "time": 48.2,
      "active_guide_id": 7,
      "tracked_predator_slot": 0
    },
    {
      "time": 48.7,
      "active_guide_id": 6,
      "tracked_predator_slot": 0
    },
    {
      "time": 49.5,
      "active_guide_id": 8,
      "tracked_predator_slot": 0
    },
    {
      "time": 49.7,
      "active_guide_id": 7,
      "tracked_predator_slot": 0
    },
    {
      "time": 54.4,
      "active_guide_id": 5,
      "tracked_predator_slot": 0
    },
    {
      "time": 54.8,
      "active_guide_id": 2,
      "tracked_predator_slot": 0
    },
    {
      "time": 55.0,
      "active_guide_id": 8,
      "tracked_predator_slot": 0
    },
    {
      "time": 55.8,
      "active_guide_id": 2,
      "tracked_predator_slot": 0
    },
    {
      "time": 56.6,
      "active_guide_id": 2,
      "tracked_predator_slot": 0
    },
    {
      "time": 57.2,
      "active_guide_id": 2,
      "tracked_predator_slot": 0
    },
    {
      "time": 57.7,
      "active_guide_id": 9,
      "tracked_predator_slot": 0
    },
    {
      "time": 59.3,
      "active_guide_id": 4,
      "tracked_predator_slot": 0
    },
    {
      "time": 59.7,
      "active_guide_id": 2,
      "tracked_predator_slot": 0
    },
    {
      "time": 60.1,
      "active_guide_id": 7,
      "tracked_predator_slot": 0
    },
    {
      "time": 61.3,
      "active_guide_id": 4,
      "tracked_predator_slot": 0
    },
    {
      "time": 61.6,
      "active_guide_id": 3,
      "tracked_predator_slot": 0
    },
    {
      "time": 62.2,
      "active_guide_id": 5,
      "tracked_predator_slot": 0
    },
    {
      "time": 62.4,
      "active_guide_id": 8,
      "tracked_predator_slot": 0
    },
    {
      "time": 67.2,
      "active_guide_id": 9,
      "tracked_predator_slot": 0
    },
    {
      "time": 67.5,
      "active_guide_id": 7,
      "tracked_predator_slot": 0
    },
    {
      "time": 67.9,
      "active_guide_id": 6,
      "tracked_predator_slot": 0
    },
    {
      "time": 68.6,
      "active_guide_id": 5,
      "tracked_predator_slot": 0
    },
    {
      "time": 69.4,
      "active_guide_id": 1,
      "tracked_predator_slot": 0
    },
    {
      "time": 70.1,
      "active_guide_id": 5,
      "tracked_predator_slot": 0
    },
    {
      "time": 71.3,
      "active_guide_id": 6,
      "tracked_predator_slot": 0
    },
    {
      "time": 71.9,
      "active_guide_id": 3,
      "tracked_predator_slot": 0
    },
    {
      "time": 72.6,
      "active_guide_id": 4,
      "tracked_predator_slot": 0
    },
    {
      "time": 73.6,
      "active_guide_id": 9,
      "tracked_predator_slot": 0
    },
    {
      "time": 74.3,
      "active_guide_id": 6,
      "tracked_predator_slot": 0
    },
    {
      "time": 74.5,
      "active_guide_id": 1,
      "tracked_predator_slot": 0
    },
    {
      "time": 79.0,
      "active_guide_id": 9,
      "tracked_predator_slot": 0
    },
    {
      "time": 79.4,
      "active_guide_id": 1,
      "tracked_predator_slot": 0
    },
    {
      "time": 100.9,
      "active_guide_id": 8,
      "tracked_predator_slot": 0
    },
    {
      "time": 102.0,
      "active_guide_id": 7,
      "tracked_predator_slot": 0
    },
    {
      "time": 103.2,
      "active_guide_id": 9,
      "tracked_predator_slot": 0
    },
    {
      "time": 104.0,
      "active_guide_id": 2,
      "tracked_predator_slot": 0
    },
    {
      "time": 104.8,
      "active_guide_id": 3,
      "tracked_predator_slot": 0
    },
    {
      "time": 105.4,
      "active_guide_id": 8,
      "tracked_predator_slot": 0
    },
    {
      "time": 105.7,
      "active_guide_id": 4,
      "tracked_predator_slot": 0
    },
    {
      "time": 106.3,
      "active_guide_id": 3,
      "tracked_predator_slot": 0
    },
    {
      "time": 107.3,
      "active_guide_id": 4,
      "tracked_predator_slot": 0
    },
    {
      "time": 111.6,
      "active_guide_id": 4,
      "tracked_predator_slot": 0
    },
    {
      "time": 112.6,
      "active_guide_id": 9,
      "tracked_predator_slot": 0
    },
    {
      "time": 113.9,
      "active_guide_id": 5,
      "tracked_predator_slot": 0
    },
    {
      "time": 114.0,
      "active_guide_id": 9,
      "tracked_predator_slot": 0
    },
    {
      "time": 114.8,
      "active_guide_id": 9,
      "tracked_predator_slot": 0
    },
    {
      "time": 115.1,
      "active_guide_id": 5,
      "tracked_predator_slot": 0
    },
    {
      "time": 116.1,
      "active_guide_id": 7,
      "tracked_predator_slot": 0
    },
    {
      "time": 116.7,
      "active_guide_id": 2,
      "tracked_predator_slot": 0
    },
    {
      "time": 117.2,
      "active_guide_id": 5,
      "tracked_predator_slot": 0
    },
    {
      "time": 117.9,
      "active_guide_id": 7,
      "tracked_predator_slot": 0
    },
    {
      "time": 119.4,
      "active_guide_id": 3,
      "tracked_predator_slot": 0
    },
    {
      "time": 120.0,
      "active_guide_id": 2,
      "tracked_predator_slot": 0
    },
    {
      "time": 120.4,
      "active_guide_id": 5,
      "tracked_predator_slot": 0
    },
    {
      "time": 120.6,
      "active_guide_id": 8,
      "tracked_predator_slot": 0
    },
    {
      "time": 120.8,
      "active_guide_id": 5,
      "tracked_predator_slot": 0
    },
    {
      "time": 121.5,
      "active_guide_id": 5,
      "tracked_predator_slot": 0
    },
    {
      "time": 122.5,
      "active_guide_id": 9,
      "tracked_predator_slot": 0
    },
    {
      "time": 124.6,
      "active_guide_id": 9,
      "tracked_predator_slot": 0
    },
    {
      "time": 126.1,
      "active_guide_id": 5,
      "tracked_predator_slot": 0
    },
    {
      "time": 128.1,
      "active_guide_id": 8,
      "tracked_predator_slot": 0
    },
    {
      "time": 128.4,
      "active_guide_id": 5,
      "tracked_predator_slot": 0
    },
    {
      "time": 128.7,
      "active_guide_id": 8,
      "tracked_predator_slot": 0
    },
    {
      "time": 130.7,
      "active_guide_id": 5,
      "tracked_predator_slot": 0
    },
    {
      "time": 133.4,
      "active_guide_id": 8,
      "tracked_predator_slot": 0
    },
    {
      "time": 133.9,
      "active_guide_id": 8,
      "tracked_predator_slot": 0
    },
    {
      "time": 134.2,
      "active_guide_id": 5,
      "tracked_predator_slot": 0
    },
    {
      "time": 138.6,
      "active_guide_id": 8,
      "tracked_predator_slot": 0
    },
    {
      "time": 139.6,
      "active_guide_id": 8,
      "tracked_predator_slot": 0
    },
    {
      "time": 142.5,
      "active_guide_id": 5,
      "tracked_predator_slot": 0
    },
    {
      "time": 146.9,
      "active_guide_id": 9,
      "tracked_predator_slot": 0
    },
    {
      "time": 147.4,
      "active_guide_id": 9,
      "tracked_predator_slot": 0
    },
    {
      "time": 152.4,
      "active_guide_id": 9,
      "tracked_predator_slot": 0
    },
    {
      "time": 153.4,
      "active_guide_id": 9,
      "tracked_predator_slot": 0
    },
    {
      "time": 155.6,
      "active_guide_id": 9,
      "tracked_predator_slot": 0
    },
    {
      "time": 156.8,
      "active_guide_id": 9,
      "tracked_predator_slot": 0
    },
    {
      "time": 157.2,
      "active_guide_id": 9,
      "tracked_predator_slot": 0
    },
    {
      "time": 157.5,
      "active_guide_id": 9,
      "tracked_predator_slot": 0
    },
    {
      "time": 158.1,
      "active_guide_id": 9,
      "tracked_predator_slot": 0
    },
    {
      "time": 159.3,
      "active_guide_id": 9,
      "tracked_predator_slot": 0
    },
    {
      "time": 165.0,
      "active_guide_id": 9,
      "tracked_predator_slot": 0
    },
    {
      "time": 171.2,
      "active_guide_id": 9,
      "tracked_predator_slot": 0
    },
    {
      "time": 172.6,
      "active_guide_id": 9,
      "tracked_predator_slot": 0
    },
    {
      "time": 177.6,
      "active_guide_id": 6,
      "tracked_predator_slot": 0
    },
    {
      "time": 178.4,
      "active_guide_id": 8,
      "tracked_predator_slot": 0
    },
    {
      "time": 180.6,
      "active_guide_id": 8,
      "tracked_predator_slot": 0
    }
  ],
  "guide_role": "parent",
  "parent_role": "guide",
  "child_role": "gather_evade",
  "active_guide_id_final": 1,
  "active_guide_alive_final": true,
  "guide_role_ids": [
    1,
    2,
    3,
    4,
    5,
    6,
    7,
    8,
    9
  ],
  "bait_deployed_at": 0.1,
  "policy_bait_ready_final": false,
  "bait_left_after_deployment": null,
  "final_bait_distance_to_goal": 0.0,
  "first_guide_predator_observation": 0.1,
  "first_predator_following_guide": 0.1,
  "first_predator_following_active_guide": null,
  "tracked_seen_by_guide": 1,
  "tracked_followed_active_guide": 0,
  "physical_entered": 1,
  "guided_delivered": 0,
  "physical_losses_after_delivery": 0,
  "target_losses_after_delivery": 0,
  "physical_entry_times": [
    213.7
  ],
  "guided_delivery_times": [
    null
  ],
  "loss_times": [
    null
  ],
  "target_loss_times": [
    null
  ],
  "tail_seconds": 30.0,
  "tail_physical_min": 1,
  "tail_contained_min": 1,
  "final_distance_from_mouth": [
    13.0799
  ],
  "max_distance_after_delivery": [
    0.0
  ],
  "policy_events": [
    {
      "time": 0.1,
      "kind": "bounded_emergency_reserve_birth",
      "parent_id": 1,
      "request_number": 1,
      "observed_distance": 55.0
    },
    {
      "time": 0.2,
      "kind": "native_backup_registered",
      "agent_id": 2
    },
    {
      "time": 0.2,
      "kind": "bounded_emergency_reserve_birth",
      "parent_id": 1,
      "request_number": 2,
      "observed_distance": 56.7775
    },
    {
      "time": 0.3,
      "kind": "native_backup_registered",
      "agent_id": 3
    },
    {
      "time": 0.3,
      "kind": "bounded_emergency_reserve_birth",
      "parent_id": 1,
      "request_number": 3,
      "observed_distance": 52.6289
    },
    {
      "time": 0.4,
      "kind": "native_backup_registered",
      "agent_id": 4
    },
    {
      "time": 0.4,
      "kind": "bounded_emergency_reserve_birth",
      "parent_id": 1,
      "request_number": 4,
      "observed_distance": 47.6973
    },
    {
      "time": 0.5,
      "kind": "native_backup_registered",
      "agent_id": 5
    },
    {
      "time": 0.5,
      "kind": "bounded_emergency_reserve_birth",
      "parent_id": 2,
      "request_number": 5,
      "observed_distance": 44.6969
    },
    {
      "time": 0.6,
      "kind": "native_backup_registered",
      "agent_id": 6
    },
    {
      "time": 0.6,
      "kind": "bounded_emergency_reserve_birth",
      "parent_id": 2,
      "request_number": 6,
      "observed_distance": 41.701
    },
    {
      "time": 0.7,
      "kind": "native_backup_registered",
      "agent_id": 7
    },
    {
      "time": 0.7,
      "kind": "bounded_emergency_reserve_birth",
      "parent_id": 6,
      "request_number": 7,
      "observed_distance": 48.5583
    },
    {
      "time": 0.8,
      "kind": "native_backup_registered",
      "agent_id": 8
    },
    {
      "time": 0.8,
      "kind": "bounded_emergency_reserve_birth",
      "parent_id": 6,
      "request_number": 8,
      "observed_distance": 49.1476
    },
    {
      "time": 0.9,
      "kind": "native_backup_registered",
      "agent_id": 9
    },
    {
      "time": 1.1,
      "kind": "public_dto_active_guide",
      "agent_id": 5,
      "reason": "minimum_observed_predator_distance_hysteresis"
    },
    {
      "time": 4.0,
      "kind": "public_dto_active_guide",
      "agent_id": 1,
      "reason": "minimum_observed_predator_distance_hysteresis"
    },
    {
      "time": 4.3,
      "kind": "public_dto_active_guide",
      "agent_id": 7,
      "reason": "minimum_observed_predator_distance_hysteresis"
    },
    {
      "time": 4.4,
      "kind": "public_dto_active_guide",
      "agent_id": 2,
      "reason": "minimum_observed_predator_distance_hysteresis"
    },
    {
      "time": 4.7,
      "kind": "public_dto_active_guide",
      "agent_id": 6,
      "reason": "minimum_observed_predator_distance_hysteresis"
    },
    {
      "time": 6.9,
      "kind": "public_dto_active_guide",
      "agent_id": 5,
      "reason": "minimum_observed_predator_distance_hysteresis"
    },
    {
      "time": 7.0,
      "kind": "public_dto_active_guide",
      "agent_id": 2,
      "reason": "minimum_observed_predator_distance_hysteresis"
    },
    {
      "time": 7.4,
      "kind": "public_dto_active_guide",
      "agent_id": 1,
      "reason": "minimum_observed_predator_distance_hysteresis"
    },
    {
      "time": 7.8,
      "kind": "public_dto_active_guide",
      "agent_id": 5,
      "reason": "minimum_observed_predator_distance_hysteresis"
    },
    {
      "time": 8.3,
      "kind": "public_dto_active_guide",
      "agent_id": 4,
      "reason": "minimum_observed_predator_distance_hysteresis"
    },
    {
      "time": 8.4,
      "kind": "public_dto_active_guide",
      "agent_id": 6,
      "reason": "minimum_observed_predator_distance_hysteresis"
    },
    {
      "time": 8.5,
      "kind": "public_dto_active_guide",
      "agent_id": 2,
      "reason": "minimum_observed_predator_distance_hysteresis"
    },
    {
      "time": 8.9,
      "kind": "public_dto_active_guide",
      "agent_id": 1,
      "reason": "minimum_observed_predator_distance_hysteresis"
    },
    {
      "time": 9.0,
      "kind": "public_dto_active_guide",
      "agent_id": 3,
      "reason": "minimum_observed_predator_distance_hysteresis"
    },
    {
      "time": 9.1,
      "kind": "public_dto_active_guide",
      "agent_id": 1,
      "reason": "minimum_observed_predator_distance_hysteresis"
    },
    {
      "time": 9.2,
      "kind": "public_dto_active_guide",
      "agent_id": 3,
      "reason": "minimum_observed_predator_distance_hysteresis"
    },
    {
      "time": 9.4,
      "kind": "public_dto_active_guide",
      "agent_id": 6,
      "reason": "minimum_observed_predator_distance_hysteresis"
    },
    {
      "time": 9.5,
      "kind": "public_dto_active_guide",
      "agent_id": 8,
      "reason": "minimum_observed_predator_distance_hysteresis"
    },
    {
      "time": 9.7,
      "kind": "public_dto_active_guide",
      "agent_id": 3,
      "reason": "minimum_observed_predator_distance_hysteresis"
    },
    {
      "time": 10.0,
      "kind": "public_dto_active_guide",
      "agent_id": 1,
      "reason": "minimum_observed_predator_distance_hysteresis"
    },
    {
      "time": 10.1,
      "kind": "public_dto_active_guide",
      "agent_id": 3,
      "reason": "minimum_observed_predator_distance_hysteresis"
    },
    {
      "time": 10.3,
      "kind": "public_dto_active_guide",
      "agent_id": 4,
      "reason": "minimum_observed_predator_distance_hysteresis"
    },
    {
      "time": 10.8,
      "kind": "public_dto_active_guide",
      "agent_id": 1,
      "reason": "minimum_observed_predator_distance_hysteresis"
    },
    {
      "time": 10.9,
      "kind": "public_dto_active_guide",
      "agent_id": 4,
      "reason": "minimum_observed_predator_distance_hysteresis"
    },
    {
      "time": 11.5,
      "kind": "public_dto_active_guide",
      "agent_id": 3,
      "reason": "minimum_observed_predator_distance_hysteresis"
    },
    {
      "time": 11.6,
      "kind": "public_dto_active_guide",
      "agent_id": 1,
      "reason": "minimum_observed_predator_distance_hysteresis"
    },
    {
      "time": 11.8,
      "kind": "public_dto_active_guide",
      "agent_id": 2,
      "reason": "minimum_observed_predator_distance_hysteresis"
    },
    {
      "time": 13.0,
      "kind": "public_dto_active_guide",
      "agent_id": 1,
      "reason": "minimum_observed_predator_distance_hysteresis"
    },
    {
      "time": 16.4,
      "kind": "public_dto_active_guide",
      "agent_id": 8,
      "reason": "minimum_observed_predator_distance_hysteresis"
    },
    {
      "time": 16.9,
      "kind": "public_dto_active_guide",
      "agent_id": 2,
      "reason": "minimum_observed_predator_distance_hysteresis"
    },
    {
      "time": 17.1,
      "kind": "public_dto_active_guide",
      "agent_id": 4,
      "reason": "minimum_observed_predator_distance_hysteresis"
    },
    {
      "time": 17.5,
      "kind": "public_dto_active_guide",
      "agent_id": 6,
      "reason": "minimum_observed_predator_distance_hysteresis"
    },
    {
      "time": 17.8,
      "kind": "public_dto_active_guide",
      "agent_id": 4,
      "reason": "minimum_observed_predator_distance_hysteresis"
    },
    {
      "time": 18.4,
      "kind": "public_dto_active_guide",
      "agent_id": 2,
      "reason": "minimum_observed_predator_distance_hysteresis"
    },
    {
      "time": 18.5,
      "kind": "public_dto_active_guide",
      "agent_id": 8,
      "reason": "minimum_observed_predator_distance_hysteresis"
    },
    {
      "time": 19.1,
      "kind": "public_dto_active_guide",
      "agent_id": 6,
      "reason": "minimum_observed_predator_distance_hysteresis"
    },
    {
      "time": 19.3,
      "kind": "public_dto_active_guide",
      "agent_id": 9,
      "reason": "minimum_observed_predator_distance_hysteresis"
    },
    {
      "time": 19.6,
      "kind": "public_dto_active_guide",
      "agent_id": 8,
      "reason": "minimum_observed_predator_distance_hysteresis"
    },
    {
      "time": 19.7,
      "kind": "public_dto_active_guide",
      "agent_id": 6,
      "reason": "minimum_observed_predator_distance_hysteresis"
    },
    {
      "time": 19.8,
      "kind": "public_dto_active_guide",
      "agent_id": 9,
      "reason": "minimum_observed_predator_distance_hysteresis"
    },
    {
      "time": 19.9,
      "kind": "public_dto_active_guide",
      "agent_id": 5,
      "reason": "minimum_observed_predator_distance_hysteresis"
    },
    {
      "time": 20.0,
      "kind": "public_dto_active_guide",
      "agent_id": 8,
      "reason": "minimum_observed_predator_distance_hysteresis"
    },
    {
      "time": 20.1,
      "kind": "public_dto_active_guide",
      "agent_id": 1,
      "reason": "minimum_observed_predator_distance_hysteresis"
    },
    {
      "time": 20.5,
      "kind": "public_dto_active_guide",
      "agent_id": 4,
      "reason": "minimum_observed_predator_distance_hysteresis"
    },
    {
      "time": 21.1,
      "kind": "public_dto_active_guide",
      "agent_id": 2,
      "reason": "minimum_observed_predator_distance_hysteresis"
    },
    {
      "time": 21.3,
      "kind": "public_dto_active_guide",
      "agent_id": 4,
      "reason": "minimum_observed_predator_distance_hysteresis"
    },
    {
      "time": 21.5,
      "kind": "public_dto_active_guide",
      "agent_id": 2,
      "reason": "minimum_observed_predator_distance_hysteresis"
    },
    {
      "time": 21.6,
      "kind": "public_dto_active_guide",
      "agent_id": 9,
      "reason": "minimum_observed_predator_distance_hysteresis"
    },
    {
      "time": 21.7,
      "kind": "public_dto_active_guide",
      "agent_id": 6,
      "reason": "minimum_observed_predator_distance_hysteresis"
    },
    {
      "time": 21.8,
      "kind": "public_dto_active_guide",
      "agent_id": 1,
      "reason": "minimum_observed_predator_distance_hysteresis"
    },
    {
      "time": 21.9,
      "kind": "public_dto_active_guide",
      "agent_id": 9,
      "reason": "minimum_observed_predator_distance_hysteresis"
    },
    {
      "time": 22.1,
      "kind": "public_dto_active_guide",
      "agent_id": 2,
      "reason": "minimum_observed_predator_distance_hysteresis"
    },
    {
      "time": 22.2,
      "kind": "public_dto_active_guide",
      "agent_id": 1,
      "reason": "minimum_observed_predator_distance_hysteresis"
    },
    {
      "time": 22.3,
      "kind": "public_dto_active_guide",
      "agent_id": 7,
      "reason": "minimum_observed_predator_distance_hysteresis"
    },
    {
      "time": 22.4,
      "kind": "public_dto_active_guide",
      "agent_id": 2,
      "reason": "minimum_observed_predator_distance_hysteresis"
    },
    {
      "time": 22.5,
      "kind": "public_dto_active_guide",
      "agent_id": 4,
      "reason": "minimum_observed_predator_distance_hysteresis"
    },
    {
      "time": 22.7,
      "kind": "public_dto_active_guide",
      "agent_id": 8,
      "reason": "minimum_observed_predator_distance_hysteresis"
    },
    {
      "time": 23.2,
      "kind": "public_dto_active_guide",
      "agent_id": 2,
      "reason": "minimum_observed_predator_distance_hysteresis"
    },
    {
      "time": 23.7,
      "kind": "public_dto_active_guide",
      "agent_id": 1,
      "reason": "minimum_observed_predator_distance_hysteresis"
    },
    {
      "time": 23.9,
      "kind": "public_dto_active_guide",
      "agent_id": 6,
      "reason": "minimum_observed_predator_distance_hysteresis"
    },
    {
      "time": 24.0,
      "kind": "public_dto_active_guide",
      "agent_id": 7,
      "reason": "minimum_observed_predator_distance_hysteresis"
    },
    {
      "time": 24.1,
      "kind": "public_dto_active_guide",
      "agent_id": 3,
      "reason": "minimum_observed_predator_distance_hysteresis"
    },
    {
      "time": 24.2,
      "kind": "public_dto_active_guide",
      "agent_id": 6,
      "reason": "minimum_observed_predator_distance_hysteresis"
    },
    {
      "time": 24.4,
      "kind": "public_dto_active_guide",
      "agent_id": 7,
      "reason": "minimum_observed_predator_distance_hysteresis"
    },
    {
      "time": 24.7,
      "kind": "public_dto_active_guide",
      "agent_id": 1,
      "reason": "minimum_observed_predator_distance_hysteresis"
    },
    {
      "time": 24.8,
      "kind": "public_dto_active_guide",
      "agent_id": 8,
      "reason": "minimum_observed_predator_distance_hysteresis"
    },
    {
      "time": 25.0,
      "kind": "public_dto_active_guide",
      "agent_id": 5,
      "reason": "minimum_observed_predator_distance_hysteresis"
    },
    {
      "time": 25.1,
      "kind": "public_dto_active_guide",
      "agent_id": 7,
      "reason": "minimum_observed_predator_distance_hysteresis"
    },
    {
      "time": 25.3,
      "kind": "public_dto_active_guide",
      "agent_id": 6,
      "reason": "minimum_observed_predator_distance_hysteresis"
    },
    {
      "time": 25.4,
      "kind": "public_dto_active_guide",
      "agent_id": 1,
      "reason": "minimum_observed_predator_distance_hysteresis"
    },
    {
      "time": 29.0,
      "kind": "public_dto_active_guide",
      "agent_id": 4,
      "reason": "minimum_observed_predator_distance_hysteresis"
    },
    {
      "time": 29.2,
      "kind": "public_dto_active_guide",
      "agent_id": 1,
      "reason": "minimum_observed_predator_distance_hysteresis"
    },
    {
      "time": 29.4,
      "kind": "public_dto_active_guide",
      "agent_id": 7,
      "reason": "minimum_observed_predator_distance_hysteresis"
    },
    {
      "time": 29.9,
      "kind": "public_dto_active_guide",
      "agent_id": 8,
      "reason": "minimum_observed_predator_distance_hysteresis"
    },
    {
      "time": 30.1,
      "kind": "public_dto_active_guide",
      "agent_id": 7,
      "reason": "minimum_observed_predator_distance_hysteresis"
    },
    {
      "time": 30.5,
      "kind": "public_dto_active_guide",
      "agent_id": 9,
      "reason": "minimum_observed_predator_distance_hysteresis"
    },
    {
      "time": 30.6,
      "kind": "public_dto_active_guide",
      "agent_id": 5,
      "reason": "minimum_observed_predator_distance_hysteresis"
    },
    {
      "time": 30.9,
      "kind": "public_dto_active_guide",
      "agent_id": 4,
      "reason": "minimum_observed_predator_distance_hysteresis"
    },
    {
      "time": 31.0,
      "kind": "public_dto_active_guide",
      "agent_id": 3,
      "reason": "minimum_observed_predator_distance_hysteresis"
    },
    {
      "time": 31.2,
      "kind": "public_dto_active_guide",
      "agent_id": 1,
      "reason": "minimum_observed_predator_distance_hysteresis"
    },
    {
      "time": 31.4,
      "kind": "public_dto_active_guide",
      "agent_id": 5,
      "reason": "minimum_observed_predator_distance_hysteresis"
    },
    {
      "time": 31.5,
      "kind": "public_dto_active_guide",
      "agent_id": 1,
      "reason": "minimum_observed_predator_distance_hysteresis"
    },
    {
      "time": 31.6,
      "kind": "public_dto_active_guide",
      "agent_id": 8,
      "reason": "minimum_observed_predator_distance_hysteresis"
    },
    {
      "time": 31.7,
      "kind": "public_dto_active_guide",
      "agent_id": 1,
      "reason": "minimum_observed_predator_distance_hysteresis"
    },
    {
      "time": 31.8,
      "kind": "public_dto_active_guide",
      "agent_id": 5,
      "reason": "minimum_observed_predator_distance_hysteresis"
    },
    {
      "time": 32.1,
      "kind": "public_dto_active_guide",
      "agent_id": 2,
      "reason": "minimum_observed_predator_distance_hysteresis"
    },
    {
      "time": 32.3,
      "kind": "public_dto_active_guide",
      "agent_id": 7,
      "reason": "minimum_observed_predator_distance_hysteresis"
    },
    {
      "time": 32.6,
      "kind": "public_dto_active_guide",
      "agent_id": 4,
      "reason": "minimum_observed_predator_distance_hysteresis"
    },
    {
      "time": 32.7,
      "kind": "public_dto_active_guide",
      "agent_id": 9,
      "reason": "minimum_observed_predator_distance_hysteresis"
    },
    {
      "time": 33.1,
      "kind": "public_dto_active_guide",
      "agent_id": 6,
      "reason": "minimum_observed_predator_distance_hysteresis"
    },
    {
      "time": 33.5,
      "kind": "public_dto_active_guide",
      "agent_id": 8,
      "reason": "minimum_observed_predator_distance_hysteresis"
    },
    {
      "time": 34.4,
      "kind": "public_dto_active_guide",
      "agent_id": 9,
      "reason": "minimum_observed_predator_distance_hysteresis"
    },
    {
      "time": 34.7,
      "kind": "public_dto_active_guide",
      "agent_id": 5,
      "reason": "minimum_observed_predator_distance_hysteresis"
    },
    {
      "time": 34.8,
      "kind": "public_dto_active_guide",
      "agent_id": 8,
      "reason": "minimum_observed_predator_distance_hysteresis"
    },
    {
      "time": 35.1,
      "kind": "public_dto_active_guide",
      "agent_id": 6,
      "reason": "minimum_observed_predator_distance_hysteresis"
    },
    {
      "time": 35.4,
      "kind": "public_dto_active_guide",
      "agent_id": 5,
      "reason": "minimum_observed_predator_distance_hysteresis"
    },
    {
      "time": 35.7,
      "kind": "public_dto_active_guide",
      "agent_id": 8,
      "reason": "minimum_observed_predator_distance_hysteresis"
    },
    {
      "time": 35.8,
      "kind": "public_dto_active_guide",
      "agent_id": 9,
      "reason": "minimum_observed_predator_distance_hysteresis"
    },
    {
      "time": 35.9,
      "kind": "public_dto_active_guide",
      "agent_id": 8,
      "reason": "minimum_observed_predator_distance_hysteresis"
    },
    {
      "time": 36.0,
      "kind": "public_dto_active_guide",
      "agent_id": 6,
      "reason": "minimum_observed_predator_distance_hysteresis"
    },
    {
      "time": 36.1,
      "kind": "public_dto_active_guide",
      "agent_id": 2,
      "reason": "minimum_observed_predator_distance_hysteresis"
    },
    {
      "time": 36.4,
      "kind": "public_dto_active_guide",
      "agent_id": 4,
      "reason": "minimum_observed_predator_distance_hysteresis"
    },
    {
      "time": 36.6,
      "kind": "public_dto_active_guide",
      "agent_id": 7,
      "reason": "minimum_observed_predator_distance_hysteresis"
    },
    {
      "time": 37.9,
      "kind": "public_dto_active_guide",
      "agent_id": 4,
      "reason": "minimum_observed_predator_distance_hysteresis"
    },
    {
      "time": 38.1,
      "kind": "public_dto_active_guide",
      "agent_id": 8,
      "reason": "minimum_observed_predator_distance_hysteresis"
    },
    {
      "time": 41.7,
      "kind": "public_dto_active_guide",
      "agent_id": 4,
      "reason": "minimum_observed_predator_distance_hysteresis"
    },
    {
      "time": 41.8,
      "kind": "public_dto_active_guide",
      "agent_id": 6,
      "reason": "minimum_observed_predator_distance_hysteresis"
    },
    {
      "time": 42.0,
      "kind": "public_dto_active_guide",
      "agent_id": 2,
      "reason": "minimum_observed_predator_distance_hysteresis"
    },
    {
      "time": 42.1,
      "kind": "public_dto_active_guide",
      "agent_id": 6,
      "reason": "minimum_observed_predator_distance_hysteresis"
    },
    {
      "time": 42.2,
      "kind": "public_dto_active_guide",
      "agent_id": 2,
      "reason": "minimum_observed_predator_distance_hysteresis"
    },
    {
      "time": 42.3,
      "kind": "public_dto_active_guide",
      "agent_id": 5,
      "reason": "minimum_observed_predator_distance_hysteresis"
    },
    {
      "time": 42.5,
      "kind": "public_dto_active_guide",
      "agent_id": 8,
      "reason": "minimum_observed_predator_distance_hysteresis"
    },
    {
      "time": 42.8,
      "kind": "public_dto_active_guide",
      "agent_id": 3,
      "reason": "minimum_observed_predator_distance_hysteresis"
    },
    {
      "time": 42.9,
      "kind": "public_dto_active_guide",
      "agent_id": 9,
      "reason": "minimum_observed_predator_distance_hysteresis"
    },
    {
      "time": 43.1,
      "kind": "public_dto_active_guide",
      "agent_id": 8,
      "reason": "minimum_observed_predator_distance_hysteresis"
    },
    {
      "time": 43.3,
      "kind": "public_dto_active_guide",
      "agent_id": 5,
      "reason": "minimum_observed_predator_distance_hysteresis"
    },
    {
      "time": 43.4,
      "kind": "public_dto_active_guide",
      "agent_id": 1,
      "reason": "minimum_observed_predator_distance_hysteresis"
    },
    {
      "time": 43.6,
      "kind": "public_dto_active_guide",
      "agent_id": 2,
      "reason": "minimum_observed_predator_distance_hysteresis"
    },
    {
      "time": 43.8,
      "kind": "public_dto_active_guide",
      "agent_id": 4,
      "reason": "minimum_observed_predator_distance_hysteresis"
    },
    {
      "time": 44.0,
      "kind": "public_dto_active_guide",
      "agent_id": 7,
      "reason": "minimum_observed_predator_distance_hysteresis"
    },
    {
      "time": 44.3,
      "kind": "public_dto_active_guide",
      "agent_id": 5,
      "reason": "minimum_observed_predator_distance_hysteresis"
    },
    {
      "time": 44.5,
      "kind": "public_dto_active_guide",
      "agent_id": 7,
      "reason": "minimum_observed_predator_distance_hysteresis"
    },
    {
      "time": 44.6,
      "kind": "public_dto_active_guide",
      "agent_id": 3,
      "reason": "minimum_observed_predator_distance_hysteresis"
    },
    {
      "time": 45.4,
      "kind": "public_dto_active_guide",
      "agent_id": 8,
      "reason": "minimum_observed_predator_distance_hysteresis"
    },
    {
      "time": 45.5,
      "kind": "public_dto_active_guide",
      "agent_id": 3,
      "reason": "minimum_observed_predator_distance_hysteresis"
    },
    {
      "time": 45.6,
      "kind": "public_dto_active_guide",
      "agent_id": 5,
      "reason": "minimum_observed_predator_distance_hysteresis"
    },
    {
      "time": 45.9,
      "kind": "public_dto_active_guide",
      "agent_id": 3,
      "reason": "minimum_observed_predator_distance_hysteresis"
    },
    {
      "time": 46.1,
      "kind": "public_dto_active_guide",
      "agent_id": 6,
      "reason": "minimum_observed_predator_distance_hysteresis"
    },
    {
      "time": 46.2,
      "kind": "public_dto_active_guide",
      "agent_id": 5,
      "reason": "minimum_observed_predator_distance_hysteresis"
    },
    {
      "time": 46.7,
      "kind": "public_dto_active_guide",
      "agent_id": 2,
      "reason": "minimum_observed_predator_distance_hysteresis"
    },
    {
      "time": 47.3,
      "kind": "public_dto_active_guide",
      "agent_id": 9,
      "reason": "minimum_observed_predator_distance_hysteresis"
    },
    {
      "time": 47.4,
      "kind": "public_dto_active_guide",
      "agent_id": 7,
      "reason": "minimum_observed_predator_distance_hysteresis"
    },
    {
      "time": 47.6,
      "kind": "public_dto_active_guide",
      "agent_id": 4,
      "reason": "minimum_observed_predator_distance_hysteresis"
    },
    {
      "time": 47.7,
      "kind": "public_dto_active_guide",
      "agent_id": 9,
      "reason": "minimum_observed_predator_distance_hysteresis"
    },
    {
      "time": 47.9,
      "kind": "public_dto_active_guide",
      "agent_id": 3,
      "reason": "minimum_observed_predator_distance_hysteresis"
    },
    {
      "time": 48.1,
      "kind": "public_dto_active_guide",
      "agent_id": 7,
      "reason": "minimum_observed_predator_distance_hysteresis"
    },
    {
      "time": 48.4,
      "kind": "public_dto_active_guide",
      "agent_id": 2,
      "reason": "minimum_observed_predator_distance_hysteresis"
    },
    {
      "time": 48.5,
      "kind": "public_dto_active_guide",
      "agent_id": 6,
      "reason": "minimum_observed_predator_distance_hysteresis"
    },
    {
      "time": 48.9,
      "kind": "public_dto_active_guide",
      "agent_id": 8,
      "reason": "minimum_observed_predator_distance_hysteresis"
    },
    {
      "time": 49.1,
      "kind": "public_dto_active_guide",
      "agent_id": 7,
      "reason": "minimum_observed_predator_distance_hysteresis"
    },
    {
      "time": 49.2,
      "kind": "public_dto_active_guide",
      "agent_id": 1,
      "reason": "minimum_observed_predator_distance_hysteresis"
    },
    {
      "time": 49.4,
      "kind": "public_dto_active_guide",
      "agent_id": 8,
      "reason": "minimum_observed_predator_distance_hysteresis"
    },
    {
      "time": 49.6,
      "kind": "public_dto_active_guide",
      "agent_id": 7,
      "reason": "minimum_observed_predator_distance_hysteresis"
    },
    {
      "time": 49.8,
      "kind": "public_dto_active_guide",
      "agent_id": 6,
      "reason": "minimum_observed_predator_distance_hysteresis"
    },
    {
      "time": 49.9,
      "kind": "public_dto_active_guide",
      "agent_id": 5,
      "reason": "minimum_observed_predator_distance_hysteresis"
    },
    {
      "time": 50.0,
      "kind": "public_dto_active_guide",
      "agent_id": 3,
      "reason": "minimum_observed_predator_distance_hysteresis"
    },
    {
      "time": 50.1,
      "kind": "public_dto_active_guide",
      "agent_id": 5,
      "reason": "minimum_observed_predator_distance_hysteresis"
    },
    {
      "time": 50.2,
      "kind": "public_dto_active_guide",
      "agent_id": 3,
      "reason": "minimum_observed_predator_distance_hysteresis"
    },
    {
      "time": 50.3,
      "kind": "public_dto_active_guide",
      "agent_id": 6,
      "reason": "minimum_observed_predator_distance_hysteresis"
    },
    {
      "time": 50.7,
      "kind": "public_dto_active_guide",
      "agent_id": 3,
      "reason": "minimum_observed_predator_distance_hysteresis"
    },
    {
      "time": 50.8,
      "kind": "public_dto_active_guide",
      "agent_id": 7,
      "reason": "minimum_observed_predator_distance_hysteresis"
    },
    {
      "time": 51.0,
      "kind": "public_dto_active_guide",
      "agent_id": 1,
      "reason": "minimum_observed_predator_distance_hysteresis"
    },
    {
      "time": 51.1,
      "kind": "public_dto_active_guide",
      "agent_id": 3,
      "reason": "minimum_observed_predator_distance_hysteresis"
    },
    {
      "time": 51.2,
      "kind": "public_dto_active_guide",
      "agent_id": 1,
      "reason": "minimum_observed_predator_distance_hysteresis"
    },
    {
      "time": 51.3,
      "kind": "public_dto_active_guide",
      "agent_id": 3,
      "reason": "minimum_observed_predator_distance_hysteresis"
    },
    {
      "time": 51.4,
      "kind": "public_dto_active_guide",
      "agent_id": 1,
      "reason": "minimum_observed_predator_distance_hysteresis"
    },
    {
      "time": 51.5,
      "kind": "public_dto_active_guide",
      "agent_id": 3,
      "reason": "minimum_observed_predator_distance_hysteresis"
    },
    {
      "time": 51.6,
      "kind": "public_dto_active_guide",
      "agent_id": 1,
      "reason": "minimum_observed_predator_distance_hysteresis"
    },
    {
      "time": 51.7,
      "kind": "public_dto_active_guide",
      "agent_id": 3,
      "reason": "minimum_observed_predator_distance_hysteresis"
    },
    {
      "time": 51.8,
      "kind": "public_dto_active_guide",
      "agent_id": 1,
      "reason": "minimum_observed_predator_distance_hysteresis"
    },
    {
      "time": 51.9,
      "kind": "public_dto_active_guide",
      "agent_id": 3,
      "reason": "minimum_observed_predator_distance_hysteresis"
    },
    {
      "time": 52.0,
      "kind": "public_dto_active_guide",
      "agent_id": 1,
      "reason": "minimum_observed_predator_distance_hysteresis"
    },
    {
      "time": 52.1,
      "kind": "public_dto_active_guide",
      "agent_id": 3,
      "reason": "minimum_observed_predator_distance_hysteresis"
    },
    {
      "time": 52.2,
      "kind": "public_dto_active_guide",
      "agent_id": 1,
      "reason": "minimum_observed_predator_distance_hysteresis"
    },
    {
      "time": 52.3,
      "kind": "public_dto_active_guide",
      "agent_id": 3,
      "reason": "minimum_observed_predator_distance_hysteresis"
    },
    {
      "time": 52.4,
      "kind": "public_dto_active_guide",
      "agent_id": 1,
      "reason": "minimum_observed_predator_distance_hysteresis"
    },
    {
      "time": 52.5,
      "kind": "public_dto_active_guide",
      "agent_id": 3,
      "reason": "minimum_observed_predator_distance_hysteresis"
    },
    {
      "time": 52.6,
      "kind": "public_dto_active_guide",
      "agent_id": 1,
      "reason": "minimum_observed_predator_distance_hysteresis"
    },
    {
      "time": 52.7,
      "kind": "public_dto_active_guide",
      "agent_id": 3,
      "reason": "minimum_observed_predator_distance_hysteresis"
    },
    {
      "time": 52.8,
      "kind": "public_dto_active_guide",
      "agent_id": 1,
      "reason": "minimum_observed_predator_distance_hysteresis"
    },
    {
      "time": 52.9,
      "kind": "public_dto_active_guide",
      "agent_id": 3,
      "reason": "minimum_observed_predator_distance_hysteresis"
    },
    {
      "time": 53.0,
      "kind": "public_dto_active_guide",
      "agent_id": 1,
      "reason": "minimum_observed_predator_distance_hysteresis"
    },
    {
      "time": 53.1,
      "kind": "public_dto_active_guide",
      "agent_id": 3,
      "reason": "minimum_observed_predator_distance_hysteresis"
    },
    {
      "time": 53.2,
      "kind": "public_dto_active_guide",
      "agent_id": 1,
      "reason": "minimum_observed_predator_distance_hysteresis"
    },
    {
      "time": 53.3,
      "kind": "public_dto_active_guide",
      "agent_id": 3,
      "reason": "minimum_observed_predator_distance_hysteresis"
    },
    {
      "time": 53.4,
      "kind": "public_dto_active_guide",
      "agent_id": 1,
      "reason": "minimum_observed_predator_distance_hysteresis"
    },
    {
      "time": 53.5,
      "kind": "public_dto_active_guide",
      "agent_id": 3,
      "reason": "minimum_observed_predator_distance_hysteresis"
    },
    {
      "time": 53.6,
      "kind": "public_dto_active_guide",
      "agent_id": 1,
      "reason": "minimum_observed_predator_distance_hysteresis"
    },
    {
      "time": 53.7,
      "kind": "public_dto_active_guide",
      "agent_id": 3,
      "reason": "minimum_observed_predator_distance_hysteresis"
    },
    {
      "time": 53.8,
      "kind": "public_dto_active_guide",
      "agent_id": 1,
      "reason": "minimum_observed_predator_distance_hysteresis"
    },
    {
      "time": 53.9,
      "kind": "public_dto_active_guide",
      "agent_id": 7,
      "reason": "minimum_observed_predator_distance_hysteresis"
    },
    {
      "time": 54.0,
      "kind": "public_dto_active_guide",
      "agent_id": 3,
      "reason": "minimum_observed_predator_distance_hysteresis"
    },
    {
      "time": 54.1,
      "kind": "public_dto_active_guide",
      "agent_id": 1,
      "reason": "minimum_observed_predator_distance_hysteresis"
    },
    {
      "time": 54.3,
      "kind": "public_dto_active_guide",
      "agent_id": 5,
      "reason": "minimum_observed_predator_distance_hysteresis"
    },
    {
      "time": 54.5,
      "kind": "public_dto_active_guide",
      "agent_id": 8,
      "reason": "minimum_observed_predator_distance_hysteresis"
    },
    {
      "time": 54.7,
      "kind": "public_dto_active_guide",
      "agent_id": 2,
      "reason": "minimum_observed_predator_distance_hysteresis"
    },
    {
      "time": 54.9,
      "kind": "public_dto_active_guide",
      "agent_id": 8,
      "reason": "minimum_observed_predator_distance_hysteresis"
    },
    {
      "time": 55.2,
      "kind": "public_dto_active_guide",
      "agent_id": 1,
      "reason": "minimum_observed_predator_distance_hysteresis"
    },
    {
      "time": 55.3,
      "kind": "public_dto_active_guide",
      "agent_id": 8,
      "reason": "minimum_observed_predator_distance_hysteresis"
    },
    {
      "time": 55.4,
      "kind": "public_dto_active_guide",
      "agent_id": 1,
      "reason": "minimum_observed_predator_distance_hysteresis"
    },
    {
      "time": 55.6,
      "kind": "public_dto_active_guide",
      "agent_id": 9,
      "reason": "minimum_observed_predator_distance_hysteresis"
    },
    {
      "time": 55.7,
      "kind": "public_dto_active_guide",
      "agent_id": 2,
      "reason": "minimum_observed_predator_distance_hysteresis"
    },
    {
      "time": 56.3,
      "kind": "public_dto_active_guide",
      "agent_id": 4,
      "reason": "minimum_observed_predator_distance_hysteresis"
    },
    {
      "time": 56.4,
      "kind": "public_dto_active_guide",
      "agent_id": 2,
      "reason": "minimum_observed_predator_distance_hysteresis"
    },
    {
      "time": 56.8,
      "kind": "public_dto_active_guide",
      "agent_id": 4,
      "reason": "minimum_observed_predator_distance_hysteresis"
    },
    {
      "time": 57.0,
      "kind": "public_dto_active_guide",
      "agent_id": 9,
      "reason": "minimum_observed_predator_distance_hysteresis"
    },
    {
      "time": 57.1,
      "kind": "public_dto_active_guide",
      "agent_id": 2,
      "reason": "minimum_observed_predator_distance_hysteresis"
    },
    {
      "time": 57.6,
      "kind": "public_dto_active_guide",
      "agent_id": 9,
      "reason": "minimum_observed_predator_distance_hysteresis"
    },
    {
      "time": 59.2,
      "kind": "public_dto_active_guide",
      "agent_id": 4,
      "reason": "minimum_observed_predator_distance_hysteresis"
    },
    {
      "time": 59.4,
      "kind": "public_dto_active_guide",
      "agent_id": 2,
      "reason": "minimum_observed_predator_distance_hysteresis"
    },
    {
      "time": 59.5,
      "kind": "public_dto_active_guide",
      "agent_id": 4,
      "reason": "minimum_observed_predator_distance_hysteresis"
    },
    {
      "time": 59.6,
      "kind": "public_dto_active_guide",
      "agent_id": 2,
      "reason": "minimum_observed_predator_distance_hysteresis"
    },
    {
      "time": 60.0,
      "kind": "public_dto_active_guide",
      "agent_id": 7,
      "reason": "minimum_observed_predator_distance_hysteresis"
    },
    {
      "time": 60.8,
      "kind": "public_dto_active_guide",
      "agent_id": 9,
      "reason": "minimum_observed_predator_distance_hysteresis"
    },
    {
      "time": 60.9,
      "kind": "public_dto_active_guide",
      "agent_id": 4,
      "reason": "minimum_observed_predator_distance_hysteresis"
    },
    {
      "time": 61.0,
      "kind": "public_dto_active_guide",
      "agent_id": 2,
      "reason": "minimum_observed_predator_distance_hysteresis"
    },
    {
      "time": 61.2,
      "kind": "public_dto_active_guide",
      "agent_id": 4,
      "reason": "minimum_observed_predator_distance_hysteresis"
    },
    {
      "time": 61.5,
      "kind": "public_dto_active_guide",
      "agent_id": 3,
      "reason": "minimum_observed_predator_distance_hysteresis"
    },
    {
      "time": 61.8,
      "kind": "public_dto_active_guide",
      "agent_id": 9,
      "reason": "minimum_observed_predator_distance_hysteresis"
    },
    {
      "time": 61.9,
      "kind": "public_dto_active_guide",
      "agent_id": 2,
      "reason": "minimum_observed_predator_distance_hysteresis"
    },
    {
      "time": 62.0,
      "kind": "public_dto_active_guide",
      "agent_id": 4,
      "reason": "minimum_observed_predator_distance_hysteresis"
    },
    {
      "time": 62.1,
      "kind": "public_dto_active_guide",
      "agent_id": 5,
      "reason": "minimum_observed_predator_distance_hysteresis"
    },
    {
      "time": 62.3,
      "kind": "public_dto_active_guide",
      "agent_id": 8,
      "reason": "minimum_observed_predator_distance_hysteresis"
    },
    {
      "time": 62.7,
      "kind": "public_dto_active_guide",
      "agent_id": 6,
      "reason": "minimum_observed_predator_distance_hysteresis"
    },
    {
      "time": 62.9,
      "kind": "public_dto_active_guide",
      "agent_id": 8,
      "reason": "minimum_observed_predator_distance_hysteresis"
    },
    {
      "time": 63.0,
      "kind": "public_dto_active_guide",
      "agent_id": 2,
      "reason": "minimum_observed_predator_distance_hysteresis"
    },
    {
      "time": 63.2,
      "kind": "public_dto_active_guide",
      "agent_id": 8,
      "reason": "minimum_observed_predator_distance_hysteresis"
    },
    {
      "time": 63.3,
      "kind": "public_dto_active_guide",
      "agent_id": 2,
      "reason": "minimum_observed_predator_distance_hysteresis"
    },
    {
      "time": 63.4,
      "kind": "public_dto_active_guide",
      "agent_id": 8,
      "reason": "minimum_observed_predator_distance_hysteresis"
    },
    {
      "time": 63.5,
      "kind": "public_dto_active_guide",
      "agent_id": 2,
      "reason": "minimum_observed_predator_distance_hysteresis"
    },
    {
      "time": 63.6,
      "kind": "public_dto_active_guide",
      "agent_id": 8,
      "reason": "minimum_observed_predator_distance_hysteresis"
    },
    {
      "time": 63.7,
      "kind": "public_dto_active_guide",
      "agent_id": 7,
      "reason": "minimum_observed_predator_distance_hysteresis"
    },
    {
      "time": 63.9,
      "kind": "public_dto_active_guide",
      "agent_id": 2,
      "reason": "minimum_observed_predator_distance_hysteresis"
    },
    {
      "time": 64.0,
      "kind": "public_dto_active_guide",
      "agent_id": 8,
      "reason": "minimum_observed_predator_distance_hysteresis"
    },
    {
      "time": 64.1,
      "kind": "public_dto_active_guide",
      "agent_id": 2,
      "reason": "minimum_observed_predator_distance_hysteresis"
    },
    {
      "time": 64.2,
      "kind": "public_dto_active_guide",
      "agent_id": 8,
      "reason": "minimum_observed_predator_distance_hysteresis"
    },
    {
      "time": 64.3,
      "kind": "public_dto_active_guide",
      "agent_id": 2,
      "reason": "minimum_observed_predator_distance_hysteresis"
    },
    {
      "time": 64.4,
      "kind": "public_dto_active_guide",
      "agent_id": 8,
      "reason": "minimum_observed_predator_distance_hysteresis"
    },
    {
      "time": 64.5,
      "kind": "public_dto_active_guide",
      "agent_id": 2,
      "reason": "minimum_observed_predator_distance_hysteresis"
    },
    {
      "time": 64.6,
      "kind": "public_dto_active_guide",
      "agent_id": 8,
      "reason": "minimum_observed_predator_distance_hysteresis"
    },
    {
      "time": 64.7,
      "kind": "public_dto_active_guide",
      "agent_id": 2,
      "reason": "minimum_observed_predator_distance_hysteresis"
    },
    {
      "time": 64.8,
      "kind": "public_dto_active_guide",
      "agent_id": 8,
      "reason": "minimum_observed_predator_distance_hysteresis"
    },
    {
      "time": 64.9,
      "kind": "public_dto_active_guide",
      "agent_id": 2,
      "reason": "minimum_observed_predator_distance_hysteresis"
    },
    {
      "time": 65.0,
      "kind": "public_dto_active_guide",
      "agent_id": 8,
      "reason": "minimum_observed_predator_distance_hysteresis"
    },
    {
      "time": 65.1,
      "kind": "public_dto_active_guide",
      "agent_id": 2,
      "reason": "minimum_observed_predator_distance_hysteresis"
    },
    {
      "time": 65.2,
      "kind": "public_dto_active_guide",
      "agent_id": 8,
      "reason": "minimum_observed_predator_distance_hysteresis"
    },
    {
      "time": 65.3,
      "kind": "public_dto_active_guide",
      "agent_id": 2,
      "reason": "minimum_observed_predator_distance_hysteresis"
    },
    {
      "time": 65.4,
      "kind": "public_dto_active_guide",
      "agent_id": 8,
      "reason": "minimum_observed_predator_distance_hysteresis"
    },
    {
      "time": 65.5,
      "kind": "public_dto_active_guide",
      "agent_id": 2,
      "reason": "minimum_observed_predator_distance_hysteresis"
    },
    {
      "time": 65.6,
      "kind": "public_dto_active_guide",
      "agent_id": 9,
      "reason": "minimum_observed_predator_distance_hysteresis"
    },
    {
      "time": 65.7,
      "kind": "public_dto_active_guide",
      "agent_id": 2,
      "reason": "minimum_observed_predator_distance_hysteresis"
    },
    {
      "time": 65.8,
      "kind": "public_dto_active_guide",
      "agent_id": 8,
      "reason": "minimum_observed_predator_distance_hysteresis"
    },
    {
      "time": 65.9,
      "kind": "public_dto_active_guide",
      "agent_id": 2,
      "reason": "minimum_observed_predator_distance_hysteresis"
    },
    {
      "time": 66.0,
      "kind": "public_dto_active_guide",
      "agent_id": 8,
      "reason": "minimum_observed_predator_distance_hysteresis"
    },
    {
      "time": 66.1,
      "kind": "public_dto_active_guide",
      "agent_id": 2,
      "reason": "minimum_observed_predator_distance_hysteresis"
    },
    {
      "time": 66.2,
      "kind": "public_dto_active_guide",
      "agent_id": 8,
      "reason": "minimum_observed_predator_distance_hysteresis"
    },
    {
      "time": 66.3,
      "kind": "public_dto_active_guide",
      "agent_id": 2,
      "reason": "minimum_observed_predator_distance_hysteresis"
    },
    {
      "time": 66.4,
      "kind": "public_dto_active_guide",
      "agent_id": 8,
      "reason": "minimum_observed_predator_distance_hysteresis"
    },
    {
      "time": 66.6,
      "kind": "public_dto_active_guide",
      "agent_id": 3,
      "reason": "minimum_observed_predator_distance_hysteresis"
    },
    {
      "time": 66.9,
      "kind": "public_dto_active_guide",
      "agent_id": 7,
      "reason": "minimum_observed_predator_distance_hysteresis"
    },
    {
      "time": 67.1,
      "kind": "public_dto_active_guide",
      "agent_id": 9,
      "reason": "minimum_observed_predator_distance_hysteresis"
    },
    {
      "time": 67.4,
      "kind": "public_dto_active_guide",
      "agent_id": 7,
      "reason": "minimum_observed_predator_distance_hysteresis"
    },
    {
      "time": 67.8,
      "kind": "public_dto_active_guide",
      "agent_id": 6,
      "reason": "minimum_observed_predator_distance_hysteresis"
    },
    {
      "time": 68.2,
      "kind": "public_dto_active_guide",
      "agent_id": 3,
      "reason": "minimum_observed_predator_distance_hysteresis"
    },
    {
      "time": 68.5,
      "kind": "public_dto_active_guide",
      "agent_id": 5,
      "reason": "minimum_observed_predator_distance_hysteresis"
    },
    {
      "time": 68.7,
      "kind": "public_dto_active_guide",
      "agent_id": 8,
      "reason": "minimum_observed_predator_distance_hysteresis"
    },
    {
      "time": 69.0,
      "kind": "public_dto_active_guide",
      "agent_id": 6,
      "reason": "minimum_observed_predator_distance_hysteresis"
    },
    {
      "time": 69.3,
      "kind": "public_dto_active_guide",
      "agent_id": 1,
      "reason": "minimum_observed_predator_distance_hysteresis"
    },
    {
      "time": 69.6,
      "kind": "public_dto_active_guide",
      "agent_id": 5,
      "reason": "minimum_observed_predator_distance_hysteresis"
    },
    {
      "time": 71.2,
      "kind": "public_dto_active_guide",
      "agent_id": 6,
      "reason": "minimum_observed_predator_distance_hysteresis"
    },
    {
      "time": 71.4,
      "kind": "public_dto_active_guide",
      "agent_id": 7,
      "reason": "minimum_observed_predator_distance_hysteresis"
    },
    {
      "time": 71.6,
      "kind": "public_dto_active_guide",
      "agent_id": 6,
      "reason": "minimum_observed_predator_distance_hysteresis"
    },
    {
      "time": 71.8,
      "kind": "public_dto_active_guide",
      "agent_id": 3,
      "reason": "minimum_observed_predator_distance_hysteresis"
    },
    {
      "time": 72.2,
      "kind": "public_dto_active_guide",
      "agent_id": 4,
      "reason": "minimum_observed_predator_distance_hysteresis"
    },
    {
      "time": 73.1,
      "kind": "public_dto_active_guide",
      "agent_id": 1,
      "reason": "minimum_observed_predator_distance_hysteresis"
    },
    {
      "time": 73.2,
      "kind": "public_dto_active_guide",
      "agent_id": 6,
      "reason": "minimum_observed_predator_distance_hysteresis"
    },
    {
      "time": 73.4,
      "kind": "public_dto_active_guide",
      "agent_id": 9,
      "reason": "minimum_observed_predator_distance_hysteresis"
    },
    {
      "time": 74.2,
      "kind": "public_dto_active_guide",
      "agent_id": 6,
      "reason": "minimum_observed_predator_distance_hysteresis"
    },
    {
      "time": 74.4,
      "kind": "public_dto_active_guide",
      "agent_id": 1,
      "reason": "minimum_observed_predator_distance_hysteresis"
    },
    {
      "time": 74.8,
      "kind": "public_dto_active_guide",
      "agent_id": 3,
      "reason": "minimum_observed_predator_distance_hysteresis"
    },
    {
      "time": 75.2,
      "kind": "public_dto_active_guide",
      "agent_id": 6,
      "reason": "minimum_observed_predator_distance_hysteresis"
    },
    {
      "time": 75.7,
      "kind": "public_dto_active_guide",
      "agent_id": 7,
      "reason": "minimum_observed_predator_distance_hysteresis"
    },
    {
      "time": 75.8,
      "kind": "public_dto_active_guide",
      "agent_id": 8,
      "reason": "minimum_observed_predator_distance_hysteresis"
    },
    {
      "time": 75.9,
      "kind": "public_dto_active_guide",
      "agent_id": 4,
      "reason": "minimum_observed_predator_distance_hysteresis"
    },
    {
      "time": 76.0,
      "kind": "public_dto_active_guide",
      "agent_id": 8,
      "reason": "minimum_observed_predator_distance_hysteresis"
    },
    {
      "time": 76.1,
      "kind": "public_dto_active_guide",
      "agent_id": 4,
      "reason": "minimum_observed_predator_distance_hysteresis"
    },
    {
      "time": 76.2,
      "kind": "public_dto_active_guide",
      "agent_id": 9,
      "reason": "minimum_observed_predator_distance_hysteresis"
    },
    {
      "time": 79.2,
      "kind": "public_dto_active_guide",
      "agent_id": 1,
      "reason": "minimum_observed_predator_distance_hysteresis"
    },
    {
      "time": 80.4,
      "kind": "public_dto_active_guide",
      "agent_id": 6,
      "reason": "minimum_observed_predator_distance_hysteresis"
    },
    {
      "time": 98.3,
      "kind": "public_dto_active_guide",
      "agent_id": 2,
      "reason": "minimum_observed_predator_distance_hysteresis"
    },
    {
      "time": 100.6,
      "kind": "public_dto_active_guide",
      "agent_id": 4,
      "reason": "minimum_observed_predator_distance_hysteresis"
    },
    {
      "time": 100.7,
      "kind": "public_dto_active_guide",
      "agent_id": 8,
      "reason": "minimum_observed_predator_distance_hysteresis"
    },
    {
      "time": 101.9,
      "kind": "public_dto_active_guide",
      "agent_id": 7,
      "reason": "minimum_observed_predator_distance_hysteresis"
    },
    {
      "time": 103.1,
      "kind": "public_dto_active_guide",
      "agent_id": 9,
      "reason": "minimum_observed_predator_distance_hysteresis"
    },
    {
      "time": 103.9,
      "kind": "public_dto_active_guide",
      "agent_id": 2,
      "reason": "minimum_observed_predator_distance_hysteresis"
    },
    {
      "time": 104.7,
      "kind": "public_dto_active_guide",
      "agent_id": 3,
      "reason": "minimum_observed_predator_distance_hysteresis"
    },
    {
      "time": 105.1,
      "kind": "public_dto_active_guide",
      "agent_id": 9,
      "reason": "minimum_observed_predator_distance_hysteresis"
    },
    {
      "time": 105.2,
      "kind": "public_dto_active_guide",
      "agent_id": 2,
      "reason": "minimum_observed_predator_distance_hysteresis"
    },
    {
      "time": 105.3,
      "kind": "public_dto_active_guide",
      "agent_id": 8,
      "reason": "minimum_observed_predator_distance_hysteresis"
    },
    {
      "time": 105.5,
      "kind": "public_dto_active_guide",
      "agent_id": 2,
      "reason": "minimum_observed_predator_distance_hysteresis"
    },
    {
      "time": 105.6,
      "kind": "public_dto_active_guide",
      "agent_id": 4,
      "reason": "minimum_observed_predator_distance_hysteresis"
    },
    {
      "time": 106.0,
      "kind": "public_dto_active_guide",
      "agent_id": 7,
      "reason": "minimum_observed_predator_distance_hysteresis"
    },
    {
      "time": 106.1,
      "kind": "public_dto_active_guide",
      "agent_id": 3,
      "reason": "minimum_observed_predator_distance_hysteresis"
    },
    {
      "time": 106.3,
      "kind": "public_dto_active_guide",
      "agent_id": 5,
      "reason": "minimum_observed_predator_distance_hysteresis"
    },
    {
      "time": 106.6,
      "kind": "public_dto_active_guide",
      "agent_id": 9,
      "reason": "minimum_observed_predator_distance_hysteresis"
    },
    {
      "time": 106.7,
      "kind": "public_dto_active_guide",
      "agent_id": 4,
      "reason": "minimum_observed_predator_distance_hysteresis"
    },
    {
      "time": 107.0,
      "kind": "public_dto_active_guide",
      "agent_id": 5,
      "reason": "minimum_observed_predator_distance_hysteresis"
    },
    {
      "time": 107.1,
      "kind": "public_dto_active_guide",
      "agent_id": 4,
      "reason": "minimum_observed_predator_distance_hysteresis"
    },
    {
      "time": 108.4,
      "kind": "public_dto_active_guide",
      "agent_id": 3,
      "reason": "minimum_observed_predator_distance_hysteresis"
    },
    {
      "time": 109.0,
      "kind": "public_dto_active_guide",
      "agent_id": 4,
      "reason": "minimum_observed_predator_distance_hysteresis"
    },
    {
      "time": 112.0,
      "kind": "public_dto_active_guide",
      "agent_id": 2,
      "reason": "minimum_observed_predator_distance_hysteresis"
    },
    {
      "time": 112.2,
      "kind": "public_dto_active_guide",
      "agent_id": 8,
      "reason": "minimum_observed_predator_distance_hysteresis"
    },
    {
      "time": 112.3,
      "kind": "public_dto_active_guide",
      "agent_id": 9,
      "reason": "minimum_observed_predator_distance_hysteresis"
    },
    {
      "time": 113.8,
      "kind": "public_dto_active_guide",
      "agent_id": 5,
      "reason": "minimum_observed_predator_distance_hysteresis"
    },
    {
      "time": 113.9,
      "kind": "public_dto_active_guide",
      "agent_id": 9,
      "reason": "minimum_observed_predator_distance_hysteresis"
    },
    {
      "time": 114.1,
      "kind": "public_dto_active_guide",
      "agent_id": 2,
      "reason": "minimum_observed_predator_distance_hysteresis"
    },
    {
      "time": 114.2,
      "kind": "public_dto_active_guide",
      "agent_id": 9,
      "reason": "minimum_observed_predator_distance_hysteresis"
    },
    {
      "time": 114.4,
      "kind": "public_dto_active_guide",
      "agent_id": 5,
      "reason": "minimum_observed_predator_distance_hysteresis"
    },
    {
      "time": 114.6,
      "kind": "public_dto_active_guide",
      "agent_id": 9,
      "reason": "minimum_observed_predator_distance_hysteresis"
    },
    {
      "time": 115.0,
      "kind": "public_dto_active_guide",
      "agent_id": 5,
      "reason": "minimum_observed_predator_distance_hysteresis"
    },
    {
      "time": 115.5,
      "kind": "public_dto_active_guide",
      "agent_id": 9,
      "reason": "minimum_observed_predator_distance_hysteresis"
    },
    {
      "time": 115.6,
      "kind": "public_dto_active_guide",
      "agent_id": 4,
      "reason": "minimum_observed_predator_distance_hysteresis"
    },
    {
      "time": 116.0,
      "kind": "public_dto_active_guide",
      "agent_id": 7,
      "reason": "minimum_observed_predator_distance_hysteresis"
    },
    {
      "time": 116.5,
      "kind": "public_dto_active_guide",
      "agent_id": 2,
      "reason": "minimum_observed_predator_distance_hysteresis"
    },
    {
      "time": 116.9,
      "kind": "public_dto_active_guide",
      "agent_id": 8,
      "reason": "minimum_observed_predator_distance_hysteresis"
    },
    {
      "time": 117.0,
      "kind": "public_dto_active_guide",
      "agent_id": 5,
      "reason": "minimum_observed_predator_distance_hysteresis"
    },
    {
      "time": 117.6,
      "kind": "public_dto_active_guide",
      "agent_id": 8,
      "reason": "minimum_observed_predator_distance_hysteresis"
    },
    {
      "time": 117.8,
      "kind": "public_dto_active_guide",
      "agent_id": 7,
      "reason": "minimum_observed_predator_distance_hysteresis"
    },
    {
      "time": 119.3,
      "kind": "public_dto_active_guide",
      "agent_id": 3,
      "reason": "minimum_observed_predator_distance_hysteresis"
    },
    {
      "time": 119.6,
      "kind": "public_dto_active_guide",
      "agent_id": 8,
      "reason": "minimum_observed_predator_distance_hysteresis"
    },
    {
      "time": 119.9,
      "kind": "public_dto_active_guide",
      "agent_id": 2,
      "reason": "minimum_observed_predator_distance_hysteresis"
    },
    {
      "time": 120.3,
      "kind": "public_dto_active_guide",
      "agent_id": 5,
      "reason": "minimum_observed_predator_distance_hysteresis"
    },
    {
      "time": 120.5,
      "kind": "public_dto_active_guide",
      "agent_id": 8,
      "reason": "minimum_observed_predator_distance_hysteresis"
    },
    {
      "time": 120.7,
      "kind": "public_dto_active_guide",
      "agent_id": 5,
      "reason": "minimum_observed_predator_distance_hysteresis"
    },
    {
      "time": 121.0,
      "kind": "public_dto_active_guide",
      "agent_id": 8,
      "reason": "minimum_observed_predator_distance_hysteresis"
    },
    {
      "time": 121.3,
      "kind": "public_dto_active_guide",
      "agent_id": 5,
      "reason": "minimum_observed_predator_distance_hysteresis"
    },
    {
      "time": 122.4,
      "kind": "public_dto_active_guide",
      "agent_id": 9,
      "reason": "minimum_observed_predator_distance_hysteresis"
    },
    {
      "time": 123.6,
      "kind": "public_dto_active_guide",
      "agent_id": 8,
      "reason": "minimum_observed_predator_distance_hysteresis"
    },
    {
      "time": 123.8,
      "kind": "public_dto_active_guide",
      "agent_id": 9,
      "reason": "minimum_observed_predator_distance_hysteresis"
    },
    {
      "time": 124.7,
      "kind": "public_dto_active_guide",
      "agent_id": 5,
      "reason": "minimum_observed_predator_distance_hysteresis"
    },
    {
      "time": 125.2,
      "kind": "public_dto_active_guide",
      "agent_id": 9,
      "reason": "minimum_observed_predator_distance_hysteresis"
    },
    {
      "time": 125.4,
      "kind": "public_dto_active_guide",
      "agent_id": 5,
      "reason": "minimum_observed_predator_distance_hysteresis"
    },
    {
      "time": 127.3,
      "kind": "public_dto_active_guide",
      "agent_id": 8,
      "reason": "minimum_observed_predator_distance_hysteresis"
    },
    {
      "time": 127.4,
      "kind": "public_dto_active_guide",
      "agent_id": 5,
      "reason": "minimum_observed_predator_distance_hysteresis"
    },
    {
      "time": 127.9,
      "kind": "public_dto_active_guide",
      "agent_id": 8,
      "reason": "minimum_observed_predator_distance_hysteresis"
    },
    {
      "time": 128.3,
      "kind": "public_dto_active_guide",
      "agent_id": 5,
      "reason": "minimum_observed_predator_distance_hysteresis"
    },
    {
      "time": 128.6,
      "kind": "public_dto_active_guide",
      "agent_id": 8,
      "reason": "minimum_observed_predator_distance_hysteresis"
    },
    {
      "time": 130.1,
      "kind": "public_dto_active_guide",
      "agent_id": 5,
      "reason": "minimum_observed_predator_distance_hysteresis"
    },
    {
      "time": 133.3,
      "kind": "public_dto_active_guide",
      "agent_id": 8,
      "reason": "minimum_observed_predator_distance_hysteresis"
    },
    {
      "time": 133.6,
      "kind": "public_dto_active_guide",
      "agent_id": 5,
      "reason": "minimum_observed_predator_distance_hysteresis"
    },
    {
      "time": 133.7,
      "kind": "public_dto_active_guide",
      "agent_id": 8,
      "reason": "minimum_observed_predator_distance_hysteresis"
    },
    {
      "time": 134.0,
      "kind": "public_dto_active_guide",
      "agent_id": 5,
      "reason": "minimum_observed_predator_distance_hysteresis"
    },
    {
      "time": 135.0,
      "kind": "public_dto_active_guide",
      "agent_id": 8,
      "reason": "minimum_observed_predator_distance_hysteresis"
    },
    {
      "time": 135.4,
      "kind": "public_dto_active_guide",
      "agent_id": 5,
      "reason": "minimum_observed_predator_distance_hysteresis"
    },
    {
      "time": 138.5,
      "kind": "public_dto_active_guide",
      "agent_id": 8,
      "reason": "minimum_observed_predator_distance_hysteresis"
    },
    {
      "time": 139.4,
      "kind": "public_dto_active_guide",
      "agent_id": 5,
      "reason": "minimum_observed_predator_distance_hysteresis"
    },
    {
      "time": 139.5,
      "kind": "public_dto_active_guide",
      "agent_id": 8,
      "reason": "minimum_observed_predator_distance_hysteresis"
    },
    {
      "time": 142.4,
      "kind": "public_dto_active_guide",
      "agent_id": 5,
      "reason": "minimum_observed_predator_distance_hysteresis"
    },
    {
      "time": 144.1,
      "kind": "public_dto_active_guide",
      "agent_id": 8,
      "reason": "minimum_observed_predator_distance_hysteresis"
    },
    {
      "time": 144.2,
      "kind": "public_dto_active_guide",
      "agent_id": 5,
      "reason": "minimum_observed_predator_distance_hysteresis"
    },
    {
      "time": 145.9,
      "kind": "public_dto_active_guide",
      "agent_id": 8,
      "reason": "minimum_observed_predator_distance_hysteresis"
    },
    {
      "time": 146.2,
      "kind": "public_dto_active_guide",
      "agent_id": 5,
      "reason": "minimum_observed_predator_distance_hysteresis"
    },
    {
      "time": 146.8,
      "kind": "public_dto_active_guide",
      "agent_id": 9,
      "reason": "minimum_observed_predator_distance_hysteresis"
    },
    {
      "time": 147.1,
      "kind": "public_dto_active_guide",
      "agent_id": 8,
      "reason": "minimum_observed_predator_distance_hysteresis"
    },
    {
      "time": 147.3,
      "kind": "public_dto_active_guide",
      "agent_id": 9,
      "reason": "minimum_observed_predator_distance_hysteresis"
    },
    {
      "time": 147.6,
      "kind": "public_dto_active_guide",
      "agent_id": 5,
      "reason": "minimum_observed_predator_distance_hysteresis"
    },
    {
      "time": 148.4,
      "kind": "public_dto_active_guide",
      "agent_id": 8,
      "reason": "minimum_observed_predator_distance_hysteresis"
    },
    {
      "time": 149.1,
      "kind": "public_dto_active_guide",
      "agent_id": 5,
      "reason": "minimum_observed_predator_distance_hysteresis"
    },
    {
      "time": 149.5,
      "kind": "public_dto_active_guide",
      "agent_id": 8,
      "reason": "minimum_observed_predator_distance_hysteresis"
    },
    {
      "time": 149.6,
      "kind": "public_dto_active_guide",
      "agent_id": 5,
      "reason": "minimum_observed_predator_distance_hysteresis"
    },
    {
      "time": 152.3,
      "kind": "public_dto_active_guide",
      "agent_id": 9,
      "reason": "minimum_observed_predator_distance_hysteresis"
    },
    {
      "time": 153.1,
      "kind": "public_dto_active_guide",
      "agent_id": 8,
      "reason": "minimum_observed_predator_distance_hysteresis"
    },
    {
      "time": 153.3,
      "kind": "public_dto_active_guide",
      "agent_id": 9,
      "reason": "minimum_observed_predator_distance_hysteresis"
    },
    {
      "time": 153.8,
      "kind": "public_dto_active_guide",
      "agent_id": 5,
      "reason": "minimum_observed_predator_distance_hysteresis"
    },
    {
      "time": 153.9,
      "kind": "public_dto_active_guide",
      "agent_id": 9,
      "reason": "minimum_observed_predator_distance_hysteresis"
    },
    {
      "time": 154.0,
      "kind": "public_dto_active_guide",
      "agent_id": 5,
      "reason": "minimum_observed_predator_distance_hysteresis"
    },
    {
      "time": 155.5,
      "kind": "public_dto_active_guide",
      "agent_id": 9,
      "reason": "minimum_observed_predator_distance_hysteresis"
    },
    {
      "time": 155.8,
      "kind": "public_dto_active_guide",
      "agent_id": 8,
      "reason": "minimum_observed_predator_distance_hysteresis"
    },
    {
      "time": 156.7,
      "kind": "public_dto_active_guide",
      "agent_id": 9,
      "reason": "minimum_observed_predator_distance_hysteresis"
    },
    {
      "time": 156.8,
      "kind": "public_dto_active_guide",
      "agent_id": 8,
      "reason": "minimum_observed_predator_distance_hysteresis"
    },
    {
      "time": 157.1,
      "kind": "public_dto_active_guide",
      "agent_id": 9,
      "reason": "minimum_observed_predator_distance_hysteresis"
    },
    {
      "time": 157.3,
      "kind": "public_dto_active_guide",
      "agent_id": 5,
      "reason": "minimum_observed_predator_distance_hysteresis"
    },
    {
      "time": 157.4,
      "kind": "public_dto_active_guide",
      "agent_id": 9,
      "reason": "minimum_observed_predator_distance_hysteresis"
    },
    {
      "time": 157.7,
      "kind": "public_dto_active_guide",
      "agent_id": 5,
      "reason": "minimum_observed_predator_distance_hysteresis"
    },
    {
      "time": 157.8,
      "kind": "public_dto_active_guide",
      "agent_id": 9,
      "reason": "minimum_observed_predator_distance_hysteresis"
    },
    {
      "time": 159.1,
      "kind": "public_dto_active_guide",
      "agent_id": 5,
      "reason": "minimum_observed_predator_distance_hysteresis"
    },
    {
      "time": 159.2,
      "kind": "public_dto_active_guide",
      "agent_id": 9,
      "reason": "minimum_observed_predator_distance_hysteresis"
    },
    {
      "time": 164.2,
      "kind": "public_dto_active_guide",
      "agent_id": 8,
      "reason": "minimum_observed_predator_distance_hysteresis"
    },
    {
      "time": 164.9,
      "kind": "public_dto_active_guide",
      "agent_id": 9,
      "reason": "minimum_observed_predator_distance_hysteresis"
    },
    {
      "time": 165.0,
      "kind": "public_dto_active_guide",
      "agent_id": 5,
      "reason": "minimum_observed_predator_distance_hysteresis"
    },
    {
      "time": 165.1,
      "kind": "public_dto_active_guide",
      "agent_id": 8,
      "reason": "minimum_observed_predator_distance_hysteresis"
    },
    {
      "time": 165.5,
      "kind": "public_dto_active_guide",
      "agent_id": 5,
      "reason": "minimum_observed_predator_distance_hysteresis"
    },
    {
      "time": 169.1,
      "kind": "public_dto_active_guide",
      "agent_id": 8,
      "reason": "minimum_observed_predator_distance_hysteresis"
    },
    {
      "time": 169.7,
      "kind": "public_dto_active_guide",
      "agent_id": 6,
      "reason": "minimum_observed_predator_distance_hysteresis"
    },
    {
      "time": 171.1,
      "kind": "public_dto_active_guide",
      "agent_id": 9,
      "reason": "minimum_observed_predator_distance_hysteresis"
    },
    {
      "time": 171.8,
      "kind": "public_dto_active_guide",
      "agent_id": 6,
      "reason": "minimum_observed_predator_distance_hysteresis"
    },
    {
      "time": 172.2,
      "kind": "public_dto_active_guide",
      "agent_id": 8,
      "reason": "minimum_observed_predator_distance_hysteresis"
    },
    {
      "time": 172.5,
      "kind": "public_dto_active_guide",
      "agent_id": 9,
      "reason": "minimum_observed_predator_distance_hysteresis"
    },
    {
      "time": 172.9,
      "kind": "public_dto_active_guide",
      "agent_id": 8,
      "reason": "minimum_observed_predator_distance_hysteresis"
    },
    {
      "time": 173.0,
      "kind": "public_dto_active_guide",
      "agent_id": 6,
      "reason": "minimum_observed_predator_distance_hysteresis"
    },
    {
      "time": 173.1,
      "kind": "public_dto_active_guide",
      "agent_id": 5,
      "reason": "minimum_observed_predator_distance_hysteresis"
    },
    {
      "time": 173.4,
      "kind": "public_dto_active_guide",
      "agent_id": 8,
      "reason": "minimum_observed_predator_distance_hysteresis"
    },
    {
      "time": 173.8,
      "kind": "public_dto_active_guide",
      "agent_id": 6,
      "reason": "minimum_observed_predator_distance_hysteresis"
    },
    {
      "time": 177.7,
      "kind": "public_dto_active_guide",
      "agent_id": 9,
      "reason": "minimum_observed_predator_distance_hysteresis"
    },
    {
      "time": 178.3,
      "kind": "public_dto_active_guide",
      "agent_id": 8,
      "reason": "minimum_observed_predator_distance_hysteresis"
    },
    {
      "time": 179.3,
      "kind": "public_dto_active_guide",
      "agent_id": 9,
      "reason": "minimum_observed_predator_distance_hysteresis"
    },
    {
      "time": 180.5,
      "kind": "public_dto_active_guide",
      "agent_id": 8,
      "reason": "minimum_observed_predator_distance_hysteresis"
    },
    {
      "time": 213.5,
      "kind": "public_dto_active_guide",
      "agent_id": 1,
      "reason": "minimum_observed_predator_distance_hysteresis"
    }
  ],
  "success": false,
  "replay": "results/simple_chase/replays/real-map-BurstGuides-m10204-f20204-p1-direct_guide-sitebait1-b5954be2.json.gz"
}
/home/Ucals/projects/NordicCupAI-wall-funneling/survival-simulator/oscar-trap-research/survival/results/simple_chase/real-map-BurstGuides-m10204-f20204-p1-direct_guide-sitebait1-b5954be2.json
