{"progress": "real-map-BurstGuides-m10201-f20201-p1-direct_guide-sitebait1-0d59a968", "time": 10.0, "bait_deployed": 0.1, "policy_bait_ready": false, "encounter": 0.1, "oracle_handoff": null, "children": 8, "active_guide_id": 4, "guide_alive": true, "active_guide_alive": true, "guided_delivered": 0}
{"progress": "real-map-BurstGuides-m10201-f20201-p1-direct_guide-sitebait1-0d59a968", "time": 20.0, "bait_deployed": 0.1, "policy_bait_ready": false, "encounter": 0.1, "oracle_handoff": null, "children": 8, "active_guide_id": 4, "guide_alive": true, "active_guide_alive": true, "guided_delivered": 0}
{"progress": "real-map-BurstGuides-m10201-f20201-p1-direct_guide-sitebait1-0d59a968", "time": 30.0, "bait_deployed": 0.1, "policy_bait_ready": false, "encounter": 0.1, "oracle_handoff": null, "children": 8, "active_guide_id": 6, "guide_alive": false, "active_guide_alive": true, "guided_delivered": 0}
{"progress": "real-map-BurstGuides-m10201-f20201-p1-direct_guide-sitebait1-0d59a968", "time": 40.0, "bait_deployed": 0.1, "policy_bait_ready": false, "encounter": 0.1, "oracle_handoff": null, "children": 8, "active_guide_id": 6, "guide_alive": false, "active_guide_alive": true, "guided_delivered": 0}
{"progress": "real-map-BurstGuides-m10201-f20201-p1-direct_guide-sitebait1-0d59a968", "time": 50.0, "bait_deployed": 0.1, "policy_bait_ready": false, "encounter": 0.1, "oracle_handoff": null, "children": 8, "active_guide_id": 6, "guide_alive": false, "active_guide_alive": true, "guided_delivered": 0}
{"progress": "real-map-BurstGuides-m10201-f20201-p1-direct_guide-sitebait1-0d59a968", "time": 60.0, "bait_deployed": 0.1, "policy_bait_ready": false, "encounter": 0.1, "oracle_handoff": null, "children": 8, "active_guide_id": 6, "guide_alive": false, "active_guide_alive": true, "guided_delivered": 0}
{"progress": "real-map-BurstGuides-m10201-f20201-p1-direct_guide-sitebait1-0d59a968", "time": 70.0, "bait_deployed": 0.1, "policy_bait_ready": false, "encounter": 0.1, "oracle_handoff": null, "children": 8, "active_guide_id": 4, "guide_alive": false, "active_guide_alive": true, "guided_delivered": 0}
{"progress": "real-map-BurstGuides-m10201-f20201-p1-direct_guide-sitebait1-0d59a968", "time": 80.0, "bait_deployed": 0.1, "policy_bait_ready": false, "encounter": 0.1, "oracle_handoff": null, "children": 8, "active_guide_id": 6, "guide_alive": false, "active_guide_alive": true, "guided_delivered": 0}
{"progress": "real-map-BurstGuides-m10201-f20201-p1-direct_guide-sitebait1-0d59a968", "time": 90.0, "bait_deployed": 0.1, "policy_bait_ready": false, "encounter": 0.1, "oracle_handoff": null, "children": 8, "active_guide_id": 4, "guide_alive": false, "active_guide_alive": true, "guided_delivered": 0}
{"progress": "real-map-BurstGuides-m10201-f20201-p1-direct_guide-sitebait1-0d59a968", "time": 100.0, "bait_deployed": 0.1, "policy_bait_ready": false, "encounter": 0.1, "oracle_handoff": null, "children": 8, "active_guide_id": 8, "guide_alive": false, "active_guide_alive": true, "guided_delivered": 0}
{"progress": "real-map-BurstGuides-m10201-f20201-p1-direct_guide-sitebait1-0d59a968", "time": 110.0, "bait_deployed": 0.1, "policy_bait_ready": false, "encounter": 0.1, "oracle_handoff": null, "children": 8, "active_guide_id": 4, "guide_alive": false, "active_guide_alive": true, "guided_delivered": 0}
{"progress": "real-map-BurstGuides-m10201-f20201-p1-direct_guide-sitebait1-0d59a968", "time": 120.0, "bait_deployed": 0.1, "policy_bait_ready": false, "encounter": 0.1, "oracle_handoff": null, "children": 8, "active_guide_id": 8, "guide_alive": false, "active_guide_alive": true, "guided_delivered": 0}
{"progress": "real-map-BurstGuides-m10201-f20201-p1-direct_guide-sitebait1-0d59a968", "time": 130.0, "bait_deployed": 0.1, "policy_bait_ready": false, "encounter": 0.1, "oracle_handoff": null, "children": 8, "active_guide_id": 8, "guide_alive": false, "active_guide_alive": true, "guided_delivered": 0}
{"progress": "real-map-BurstGuides-m10201-f20201-p1-direct_guide-sitebait1-0d59a968", "time": 140.0, "bait_deployed": 0.1, "policy_bait_ready": false, "encounter": 0.1, "oracle_handoff": null, "children": 8, "active_guide_id": 8, "guide_alive": false, "active_guide_alive": true, "guided_delivered": 0}
{"progress": "real-map-BurstGuides-m10201-f20201-p1-direct_guide-sitebait1-0d59a968", "time": 150.0, "bait_deployed": 0.1, "policy_bait_ready": false, "encounter": 0.1, "oracle_handoff": null, "children": 8, "active_guide_id": 6, "guide_alive": false, "active_guide_alive": true, "guided_delivered": 0}
{"progress": "real-map-BurstGuides-m10201-f20201-p1-direct_guide-sitebait1-0d59a968", "time": 160.0, "bait_deployed": 0.1, "policy_bait_ready": false, "encounter": 0.1, "oracle_handoff": null, "children": 8, "active_guide_id": 6, "guide_alive": false, "active_guide_alive": true, "guided_delivered": 0}
{"progress": "real-map-BurstGuides-m10201-f20201-p1-direct_guide-sitebait1-0d59a968", "time": 170.0, "bait_deployed": 0.1, "policy_bait_ready": false, "encounter": 0.1, "oracle_handoff": null, "children": 8, "active_guide_id": 6, "guide_alive": false, "active_guide_alive": true, "guided_delivered": 0}
{"progress": "real-map-BurstGuides-m10201-f20201-p1-direct_guide-sitebait1-0d59a968", "time": 180.0, "bait_deployed": 0.1, "policy_bait_ready": false, "encounter": 0.1, "oracle_handoff": null, "children": 8, "active_guide_id": 9, "guide_alive": false, "active_guide_alive": true, "guided_delivered": 0}
{"progress": "real-map-BurstGuides-m10201-f20201-p1-direct_guide-sitebait1-0d59a968", "time": 190.0, "bait_deployed": 0.1, "policy_bait_ready": false, "encounter": 0.1, "oracle_handoff": null, "children": 8, "active_guide_id": 7, "guide_alive": false, "active_guide_alive": true, "guided_delivered": 0}
{"progress": "real-map-BurstGuides-m10201-f20201-p1-direct_guide-sitebait1-0d59a968", "time": 200.0, "bait_deployed": 0.1, "policy_bait_ready": false, "encounter": 0.1, "oracle_handoff": null, "children": 8, "active_guide_id": 7, "guide_alive": false, "active_guide_alive": true, "guided_delivered": 0}
{"progress": "real-map-BurstGuides-m10201-f20201-p1-direct_guide-sitebait1-0d59a968", "time": 210.0, "bait_deployed": 0.1, "policy_bait_ready": false, "encounter": 0.1, "oracle_handoff": null, "children": 8, "active_guide_id": 7, "guide_alive": false, "active_guide_alive": true, "guided_delivered": 0}
{"progress": "real-map-BurstGuides-m10201-f20201-p1-direct_guide-sitebait1-0d59a968", "time": 220.0, "bait_deployed": 0.1, "policy_bait_ready": false, "encounter": 0.1, "oracle_handoff": null, "children": 8, "active_guide_id": 7, "guide_alive": false, "active_guide_alive": true, "guided_delivered": 0}
{"progress": "real-map-BurstGuides-m10201-f20201-p1-direct_guide-sitebait1-0d59a968", "time": 230.0, "bait_deployed": 0.1, "policy_bait_ready": false, "encounter": 0.1, "oracle_handoff": null, "children": 8, "active_guide_id": 7, "guide_alive": false, "active_guide_alive": true, "guided_delivered": 0}
{"progress": "real-map-BurstGuides-m10201-f20201-p1-direct_guide-sitebait1-0d59a968", "time": 240.0, "bait_deployed": 0.1, "policy_bait_ready": false, "encounter": 0.1, "oracle_handoff": null, "children": 8, "active_guide_id": 7, "guide_alive": false, "active_guide_alive": true, "guided_delivered": 0}
{"progress": "real-map-BurstGuides-m10201-f20201-p1-direct_guide-sitebait1-0d59a968", "time": 250.0, "bait_deployed": 0.1, "policy_bait_ready": false, "encounter": 0.1, "oracle_handoff": null, "children": 8, "active_guide_id": 7, "guide_alive": false, "active_guide_alive": true, "guided_delivered": 0}
{"progress": "real-map-BurstGuides-m10201-f20201-p1-direct_guide-sitebait1-0d59a968", "time": 260.0, "bait_deployed": 0.1, "policy_bait_ready": false, "encounter": 0.1, "oracle_handoff": null, "children": 8, "active_guide_id": 7, "guide_alive": false, "active_guide_alive": true, "guided_delivered": 0}
{"progress": "real-map-BurstGuides-m10201-f20201-p1-direct_guide-sitebait1-0d59a968", "time": 270.0, "bait_deployed": 0.1, "policy_bait_ready": false, "encounter": 0.1, "oracle_handoff": null, "children": 8, "active_guide_id": 7, "guide_alive": false, "active_guide_alive": true, "guided_delivered": 0}
{"progress": "real-map-BurstGuides-m10201-f20201-p1-direct_guide-sitebait1-0d59a968", "time": 280.0, "bait_deployed": 0.1, "policy_bait_ready": false, "encounter": 0.1, "oracle_handoff": null, "children": 8, "active_guide_id": 7, "guide_alive": false, "active_guide_alive": false, "guided_delivered": 0}
{"progress": "real-map-BurstGuides-m10201-f20201-p1-direct_guide-sitebait1-0d59a968", "time": 290.0, "bait_deployed": 0.1, "policy_bait_ready": false, "encounter": 0.1, "oracle_handoff": null, "children": 8, "active_guide_id": 7, "guide_alive": false, "active_guide_alive": false, "guided_delivered": 0}
{"progress": "real-map-BurstGuides-m10201-f20201-p1-direct_guide-sitebait1-0d59a968", "time": 300.0, "bait_deployed": 0.1, "policy_bait_ready": false, "encounter": 0.1, "oracle_handoff": null, "children": 8, "active_guide_id": 7, "guide_alive": false, "active_guide_alive": false, "guided_delivered": 0}
{"viewer_manifest_refresh": {"status": "deferred", "reason": "bounded-memory runs defer full-replay viewer processing"}}
{
  "schema": "real-map-intake-result-v2",
  "policy": "backup_guides.burst:BurstGuides",
  "policy_hash": "642725a431ee4778c1adcf100ffb45e7d85faf9c4e086f5923097f43202b7d9d",
  "harness_hashes": {
    "research/simple_chase/run_streaming_v2.py": "837e02b05d1ba3af71df0949cb30beb18a8b2844f090f8b383c692192c52719a",
    "research/simple_chase/sampling.py": "1efb7d309c4cc79bc87916c1bea72a7845e78d0c2cdf0aeaf9e2a758ceed48ab",
    "research/simple_chase/static_map.py": "197b16cbe9dd2e3dd06b81fe9481986a97bd92d9c2a55f33597cc9b7280faf3c",
    "debugger/streaming_recorder_v2.py": "d5ecda6bb39ec74a9ad86fb20458df5de7f466d73052558af9e2877be3d99b19"
  },
  "mode": "direct_guide",
  "map_seed": 10201,
  "fixture_seed": 20201,
  "static_map_hash": "784d69e168f7b87b886f6bdcb02bfb640e59eacc9c4ef223822d5b37541aad48",
  "site": {
    "mouth": [
      137.4208,
      513.9684
    ],
    "inward": [
      0.0,
      1.0
    ],
    "cross": [
      -1.0,
      0.0
    ],
    "goal": [
      137.4208,
      518.9684
    ],
    "far": [
      137.4208,
      388.9684
    ],
    "hold": [
      137.4208,
      438.9684
    ],
    "gap": 15.2838,
    "overlap": 70.437,
    "runup": [
      137.4208,
      368.9684
    ],
    "approach_lane_offset": 0.0,
    "offset_approach": false,
    "obstacle_indices": [
      9,
      49
    ],
    "axis": 0,
    "other_mouth": [
      137.4208,
      584.4054
    ],
    "replacement_entry": [
      137.4208,
      604.4054
    ],
    "second_access_clear": true,
    "second_access_radius": 5.01,
    "bait_depth": 5.0,
    "boundary_indices": [],
    "geometric_replacement_access_only": true
  },
  "station_bait": true,
  "requested_seconds": 300.0,
  "seconds": 300.0,
  "reason": "horizon",
  "native_render": true,
  "reproduction_of": null,
  "record_every_ticks": 1,
  "replay_frames": 3001,
  "initial_predators": 1,
  "final_predators_total": 3,
  "tracked_predators_present_final": 1,
  "ambient_predators_spawned": 2,
  "ambient_predators_present_final": 2,
  "agent_energy_refilled": true,
  "predator_state_native": false,
  "predator_dynamics_native_after_setup": true,
  "arranged_adjacent_awake_start": true,
  "bait_id": 0,
  "guide_id": 1,
  "bait_alive": true,
  "guide_alive": false,
  "deaths": [
    {
      "time": 0.3,
      "agent_id": 3,
      "role": "native_child"
    },
    {
      "time": 26.3,
      "agent_id": 1,
      "role": "parent_guide"
    },
    {
      "time": 26.3,
      "agent_id": 2,
      "role": "native_child"
    },
    {
      "time": 173.1,
      "agent_id": 5,
      "role": "native_child"
    },
    {
      "time": 173.1,
      "agent_id": 8,
      "role": "native_child"
    },
    {
      "time": 274.1,
      "agent_id": 4,
      "role": "native_child"
    },
    {
      "time": 274.1,
      "agent_id": 6,
      "role": "native_child"
    },
    {
      "time": 274.1,
      "agent_id": 7,
      "role": "native_child"
    },
    {
      "time": 274.1,
      "agent_id": 9,
      "role": "native_child"
    }
  ],
  "spawn_requests": [
    {
      "time": 0.1,
      "parent_id": 1
    },
    {
      "time": 0.2,
      "parent_id": 1
    },
    {
      "time": 0.3,
      "parent_id": 2
    },
    {
      "time": 0.4,
      "parent_id": 4
    },
    {
      "time": 0.5,
      "parent_id": 2
    },
    {
      "time": 0.6,
      "parent_id": 2
    },
    {
      "time": 0.7,
      "parent_id": 1
    },
    {
      "time": 0.8,
      "parent_id": 1
    }
  ],
  "child_births": [
    {
      "time": 0.1,
      "child_id": 2,
      "x": 425.5734,
      "y": 73.8811,
      "requesting_parent_ids": [
        1
      ],
      "native_parent_proximity_spawn": true
    },
    {
      "time": 0.2,
      "child_id": 3,
      "x": 402.6979,
      "y": 96.7194,
      "requesting_parent_ids": [
        1
      ],
      "native_parent_proximity_spawn": true
    },
    {
      "time": 0.3,
      "child_id": 4,
      "x": 469.9289,
      "y": 94.4341,
      "requesting_parent_ids": [
        2
      ],
      "native_parent_proximity_spawn": true
    },
    {
      "time": 0.4,
      "child_id": 5,
      "x": 473.6941,
      "y": 91.3836,
      "requesting_parent_ids": [
        4
      ],
      "native_parent_proximity_spawn": true
    },
    {
      "time": 0.5,
      "child_id": 6,
      "x": 467.0651,
      "y": 81.6909,
      "requesting_parent_ids": [
        2
      ],
      "native_parent_proximity_spawn": true
    },
    {
      "time": 0.6,
      "child_id": 7,
      "x": 462.3998,
      "y": 78.21,
      "requesting_parent_ids": [
        2
      ],
      "native_parent_proximity_spawn": true
    },
    {
      "time": 0.7,
      "child_id": 8,
      "x": 371.0258,
      "y": 112.1386,
      "requesting_parent_ids": [
        1
      ],
      "native_parent_proximity_spawn": true
    },
    {
      "time": 0.8,
      "child_id": 9,
      "x": 389.5034,
      "y": 119.7923,
      "requesting_parent_ids": [
        1
      ],
      "native_parent_proximity_spawn": true
    }
  ],
  "fruit_consumptions": [
    {
      "time": 7.2,
      "agent_id": 1,
      "x": 126.819,
      "y": 398.0946
    },
    {
      "time": 7.3,
      "agent_id": 1,
      "x": 111.291,
      "y": 397.1268
    },
    {
      "time": 24.2,
      "agent_id": 2,
      "x": 85.6125,
      "y": 399.4891
    },
    {
      "time": 24.6,
      "agent_id": 6,
      "x": 135.1167,
      "y": 402.6176
    },
    {
      "time": 31.0,
      "agent_id": 6,
      "x": 231.2799,
      "y": 217.6542
    },
    {
      "time": 31.1,
      "agent_id": 6,
      "x": 237.8526,
      "y": 234.3613
    },
    {
      "time": 31.2,
      "agent_id": 8,
      "x": 232.7139,
      "y": 193.4574
    },
    {
      "time": 32.8,
      "agent_id": 8,
      "x": 74.3527,
      "y": 336.5852
    },
    {
      "time": 33.3,
      "agent_id": 8,
      "x": 126.9823,
      "y": 395.231
    },
    {
      "time": 36.4,
      "agent_id": 8,
      "x": 60.188,
      "y": 509.3104
    },
    {
      "time": 38.9,
      "agent_id": 4,
      "x": 262.1376,
      "y": 843.9717
    },
    {
      "time": 46.9,
      "agent_id": 4,
      "x": 226.6802,
      "y": 705.2732
    },
    {
      "time": 48.0,
      "agent_id": 8,
      "x": 61.122,
      "y": 534.4886
    },
    {
      "time": 52.7,
      "agent_id": 6,
      "x": 241.1071,
      "y": 209.3509
    },
    {
      "time": 52.8,
      "agent_id": 4,
      "x": 263.4994,
      "y": 320.1686
    },
    {
      "time": 53.4,
      "agent_id": 6,
      "x": 203.8359,
      "y": 191.4932
    },
    {
      "time": 59.8,
      "agent_id": 6,
      "x": 186.572,
      "y": 138.8136
    },
    {
      "time": 61.1,
      "agent_id": 6,
      "x": 227.7977,
      "y": 182.5843
    },
    {
      "time": 63.7,
      "agent_id": 4,
      "x": 53.4786,
      "y": 354.5724
    },
    {
      "time": 64.7,
      "agent_id": 6,
      "x": 126.6513,
      "y": 377.1101
    },
    {
      "time": 66.5,
      "agent_id": 6,
      "x": 120.7167,
      "y": 425.3349
    },
    {
      "time": 66.9,
      "agent_id": 4,
      "x": 142.958,
      "y": 354.4862
    },
    {
      "time": 74.0,
      "agent_id": 8,
      "x": 365.3206,
      "y": 416.7633
    },
    {
      "time": 94.5,
      "agent_id": 6,
      "x": 108.7169,
      "y": 423.2925
    },
    {
      "time": 115.4,
      "agent_id": 4,
      "x": 299.7235,
      "y": 534.8657
    },
    {
      "time": 116.3,
      "agent_id": 8,
      "x": 169.7165,
      "y": 632.6712
    },
    {
      "time": 116.8,
      "agent_id": 8,
      "x": 150.9747,
      "y": 670.1138
    },
    {
      "time": 117.2,
      "agent_id": 8,
      "x": 127.761,
      "y": 711.9857
    },
    {
      "time": 117.6,
      "agent_id": 8,
      "x": 104.2461,
      "y": 739.9938
    },
    {
      "time": 117.7,
      "agent_id": 8,
      "x": 122.6203,
      "y": 750.1652
    },
    {
      "time": 117.7,
      "agent_id": 4,
      "x": 266.3248,
      "y": 566.8416
    },
    {
      "time": 129.6,
      "agent_id": 9,
      "x": 313.1435,
      "y": 126.1557
    },
    {
      "time": 130.3,
      "agent_id": 9,
      "x": 242.3004,
      "y": 137.2055
    },
    {
      "time": 132.8,
      "agent_id": 6,
      "x": 246.5442,
      "y": 103.7648
    },
    {
      "time": 135.8,
      "agent_id": 9,
      "x": 214.3148,
      "y": 142.1201
    },
    {
      "time": 145.9,
      "agent_id": 9,
      "x": 237.7437,
      "y": 214.2572
    },
    {
      "time": 154.6,
      "agent_id": 8,
      "x": 213.0297,
      "y": 160.5921
    },
    {
      "time": 169.4,
      "agent_id": 5,
      "x": 86.9467,
      "y": 328.5353
    },
    {
      "time": 170.5,
      "agent_id": 9,
      "x": 65.1934,
      "y": 348.8142
    },
    {
      "time": 170.7,
      "agent_id": 5,
      "x": 51.5878,
      "y": 355.4504
    },
    {
      "time": 184.6,
      "agent_id": 9,
      "x": 121.3198,
      "y": 415.8918
    }
  ],
  "parent_fruit_consumed_before_tracked_encounter": 0,
  "tracked_encounter_times": [
    0.1
  ],
  "conditional_delivery_denominator": true,
  "conditional_delivery_status": "not_applicable",
  "setup_oracle": false,
  "setup_oracle_target": null,
  "setup_oracle_ticks": 0,
  "setup_oracle_routing": null,
  "setup_oracle_route_resets": 0,
  "setup_oracle_policy_reset_before_handoff_act": false,
  "setup_oracle_handoff_time": null,
  "dynamic_action_privilege_ended_at": null,
  "target_switches": [
    {
      "time": 0.1,
      "tracked_predator_slot": 0,
      "target": 1
    },
    {
      "time": 0.7,
      "tracked_predator_slot": 0,
      "target": null
    },
    {
      "time": 2.3,
      "tracked_predator_slot": 0,
      "target": 1
    },
    {
      "time": 2.7,
      "tracked_predator_slot": 0,
      "target": 8
    },
    {
      "time": 3.5,
      "tracked_predator_slot": 0,
      "target": 1
    },
    {
      "time": 4.0,
      "tracked_predator_slot": 0,
      "target": null
    },
    {
      "time": 4.5,
      "tracked_predator_slot": 0,
      "target": 8
    },
    {
      "time": 4.9,
      "tracked_predator_slot": 0,
      "target": 1
    },
    {
      "time": 5.0,
      "tracked_predator_slot": 0,
      "target": 8
    },
    {
      "time": 5.2,
      "tracked_predator_slot": 0,
      "target": 1
    },
    {
      "time": 5.3,
      "tracked_predator_slot": 0,
      "target": 8
    },
    {
      "time": 5.5,
      "tracked_predator_slot": 0,
      "target": 1
    },
    {
      "time": 7.9,
      "tracked_predator_slot": 0,
      "target": null
    },
    {
      "time": 8.1,
      "tracked_predator_slot": 0,
      "target": 1
    },
    {
      "time": 8.2,
      "tracked_predator_slot": 0,
      "target": null
    },
    {
      "time": 8.3,
      "tracked_predator_slot": 0,
      "target": 1
    },
    {
      "time": 8.5,
      "tracked_predator_slot": 0,
      "target": null
    },
    {
      "time": 8.7,
      "tracked_predator_slot": 0,
      "target": 1
    },
    {
      "time": 8.9,
      "tracked_predator_slot": 0,
      "target": null
    },
    {
      "time": 9.6,
      "tracked_predator_slot": 0,
      "target": 4
    },
    {
      "time": 9.8,
      "tracked_predator_slot": 0,
      "target": 1
    },
    {
      "time": 9.9,
      "tracked_predator_slot": 0,
      "target": 4
    },
    {
      "time": 10.0,
      "tracked_predator_slot": 0,
      "target": 1
    },
    {
      "time": 10.2,
      "tracked_predator_slot": 0,
      "target": 4
    },
    {
      "time": 10.3,
      "tracked_predator_slot": 0,
      "target": 1
    },
    {
      "time": 10.4,
      "tracked_predator_slot": 0,
      "target": 4
    },
    {
      "time": 10.5,
      "tracked_predator_slot": 0,
      "target": 1
    },
    {
      "time": 10.6,
      "tracked_predator_slot": 0,
      "target": 4
    },
    {
      "time": 10.8,
      "tracked_predator_slot": 0,
      "target": 1
    },
    {
      "time": 10.9,
      "tracked_predator_slot": 0,
      "target": 8
    },
    {
      "time": 11.0,
      "tracked_predator_slot": 0,
      "target": 6
    },
    {
      "time": 11.2,
      "tracked_predator_slot": 0,
      "target": 1
    },
    {
      "time": 11.4,
      "tracked_predator_slot": 0,
      "target": 4
    },
    {
      "time": 11.6,
      "tracked_predator_slot": 0,
      "target": 8
    },
    {
      "time": 11.7,
      "tracked_predator_slot": 0,
      "target": 6
    },
    {
      "time": 11.8,
      "tracked_predator_slot": 0,
      "target": 8
    },
    {
      "time": 11.9,
      "tracked_predator_slot": 0,
      "target": 6
    },
    {
      "time": 12.2,
      "tracked_predator_slot": 0,
      "target": 4
    },
    {
      "time": 12.3,
      "tracked_predator_slot": 0,
      "target": 1
    },
    {
      "time": 12.4,
      "tracked_predator_slot": 0,
      "target": 4
    },
    {
      "time": 12.5,
      "tracked_predator_slot": 0,
      "target": null
    },
    {
      "time": 12.8,
      "tracked_predator_slot": 0,
      "target": 2
    },
    {
      "time": 13.0,
      "tracked_predator_slot": 0,
      "target": 4
    },
    {
      "time": 13.3,
      "tracked_predator_slot": 0,
      "target": 2
    },
    {
      "time": 13.6,
      "tracked_predator_slot": 0,
      "target": null
    },
    {
      "time": 13.7,
      "tracked_predator_slot": 0,
      "target": 2
    },
    {
      "time": 13.8,
      "tracked_predator_slot": 0,
      "target": 4
    },
    {
      "time": 14.0,
      "tracked_predator_slot": 0,
      "target": "resting"
    },
    {
      "time": 17.5,
      "tracked_predator_slot": 0,
      "target": 6
    },
    {
      "time": 17.6,
      "tracked_predator_slot": 0,
      "target": 1
    },
    {
      "time": 17.7,
      "tracked_predator_slot": 0,
      "target": 4
    },
    {
      "time": 17.9,
      "tracked_predator_slot": 0,
      "target": 1
    },
    {
      "time": 18.0,
      "tracked_predator_slot": 0,
      "target": 6
    },
    {
      "time": 18.1,
      "tracked_predator_slot": 0,
      "target": 1
    },
    {
      "time": 18.2,
      "tracked_predator_slot": 0,
      "target": 6
    },
    {
      "time": 18.3,
      "tracked_predator_slot": 0,
      "target": 1
    },
    {
      "time": 18.5,
      "tracked_predator_slot": 0,
      "target": 6
    },
    {
      "time": 18.6,
      "tracked_predator_slot": 0,
      "target": 8
    },
    {
      "time": 18.8,
      "tracked_predator_slot": 0,
      "target": 4
    },
    {
      "time": 19.0,
      "tracked_predator_slot": 0,
      "target": 8
    },
    {
      "time": 19.1,
      "tracked_predator_slot": 0,
      "target": null
    },
    {
      "time": 19.8,
      "tracked_predator_slot": 0,
      "target": 4
    },
    {
      "time": 19.9,
      "tracked_predator_slot": 0,
      "target": 2
    },
    {
      "time": 20.0,
      "tracked_predator_slot": 0,
      "target": 8
    },
    {
      "time": 20.3,
      "tracked_predator_slot": 0,
      "target": 1
    },
    {
      "time": 20.4,
      "tracked_predator_slot": 0,
      "target": 2
    },
    {
      "time": 21.3,
      "tracked_predator_slot": 0,
      "target": 1
    },
    {
      "time": 21.4,
      "tracked_predator_slot": 0,
      "target": 8
    },
    {
      "time": 21.5,
      "tracked_predator_slot": 0,
      "target": 2
    },
    {
      "time": 21.6,
      "tracked_predator_slot": 0,
      "target": 4
    },
    {
      "time": 21.7,
      "tracked_predator_slot": 0,
      "target": 8
    },
    {
      "time": 21.8,
      "tracked_predator_slot": 0,
      "target": 1
    },
    {
      "time": 21.9,
      "tracked_predator_slot": 0,
      "target": 8
    },
    {
      "time": 22.0,
      "tracked_predator_slot": 0,
      "target": 1
    },
    {
      "time": 22.5,
      "tracked_predator_slot": 0,
      "target": 8
    },
    {
      "time": 22.6,
      "tracked_predator_slot": 0,
      "target": 2
    },
    {
      "time": 22.7,
      "tracked_predator_slot": 0,
      "target": 6
    },
    {
      "time": 22.8,
      "tracked_predator_slot": 0,
      "target": 1
    },
    {
      "time": 22.9,
      "tracked_predator_slot": 0,
      "target": 6
    },
    {
      "time": 23.0,
      "tracked_predator_slot": 0,
      "target": 2
    },
    {
      "time": 23.2,
      "tracked_predator_slot": 0,
      "target": 6
    },
    {
      "time": 23.7,
      "tracked_predator_slot": 0,
      "target": 1
    },
    {
      "time": 23.8,
      "tracked_predator_slot": 0,
      "target": 2
    },
    {
      "time": 23.9,
      "tracked_predator_slot": 0,
      "target": 1
    },
    {
      "time": 24.0,
      "tracked_predator_slot": 0,
      "target": 2
    },
    {
      "time": 24.1,
      "tracked_predator_slot": 0,
      "target": 1
    },
    {
      "time": 24.3,
      "tracked_predator_slot": 0,
      "target": 6
    },
    {
      "time": 24.5,
      "tracked_predator_slot": 0,
      "target": null
    },
    {
      "time": 24.6,
      "tracked_predator_slot": 0,
      "target": 1
    },
    {
      "time": 25.1,
      "tracked_predator_slot": 0,
      "target": 2
    },
    {
      "time": 25.4,
      "tracked_predator_slot": 0,
      "target": 6
    },
    {
      "time": 25.5,
      "tracked_predator_slot": 0,
      "target": 8
    },
    {
      "time": 25.8,
      "tracked_predator_slot": 0,
      "target": 4
    },
    {
      "time": 26.1,
      "tracked_predator_slot": 0,
      "target": 1
    },
    {
      "time": 26.3,
      "tracked_predator_slot": 0,
      "target": 4
    },
    {
      "time": 26.8,
      "tracked_predator_slot": 0,
      "target": null
    },
    {
      "time": 27.1,
      "tracked_predator_slot": 0,
      "target": 4
    },
    {
      "time": 27.2,
      "tracked_predator_slot": 0,
      "target": null
    },
    {
      "time": 27.3,
      "tracked_predator_slot": 0,
      "target": 4
    },
    {
      "time": 27.5,
      "tracked_predator_slot": 0,
      "target": 8
    },
    {
      "time": 27.6,
      "tracked_predator_slot": 0,
      "target": 6
    },
    {
      "time": 27.7,
      "tracked_predator_slot": 0,
      "target": 8
    },
    {
      "time": 28.1,
      "tracked_predator_slot": 0,
      "target": 4
    },
    {
      "time": 28.3,
      "tracked_predator_slot": 0,
      "target": 8
    },
    {
      "time": 29.7,
      "tracked_predator_slot": 0,
      "target": null
    },
    {
      "time": 31.0,
      "tracked_predator_slot": 0,
      "target": 6
    },
    {
      "time": 31.1,
      "tracked_predator_slot": 0,
      "target": 8
    },
    {
      "time": 31.2,
      "tracked_predator_slot": 0,
      "target": 6
    },
    {
      "time": 31.3,
      "tracked_predator_slot": 0,
      "target": null
    },
    {
      "time": 31.7,
      "tracked_predator_slot": 0,
      "target": 4
    },
    {
      "time": 31.8,
      "tracked_predator_slot": 0,
      "target": 8
    },
    {
      "time": 31.9,
      "tracked_predator_slot": 0,
      "target": null
    },
    {
      "time": 32.2,
      "tracked_predator_slot": 0,
      "target": 4
    },
    {
      "time": 32.3,
      "tracked_predator_slot": 0,
      "target": 0
    },
    {
      "time": 33.0,
      "tracked_predator_slot": 0,
      "target": null
    },
    {
      "time": 33.2,
      "tracked_predator_slot": 0,
      "target": 8
    },
    {
      "time": 33.3,
      "tracked_predator_slot": 0,
      "target": null
    },
    {
      "time": 34.1,
      "tracked_predator_slot": 0,
      "target": 0
    },
    {
      "time": 34.3,
      "tracked_predator_slot": 0,
      "target": null
    },
    {
      "time": 39.0,
      "tracked_predator_slot": 0,
      "target": 4
    },
    {
      "time": 39.2,
      "tracked_predator_slot": 0,
      "target": null
    },
    {
      "time": 39.5,
      "tracked_predator_slot": 0,
      "target": 4
    },
    {
      "time": 39.6,
      "tracked_predator_slot": 0,
      "target": null
    },
    {
      "time": 39.7,
      "tracked_predator_slot": 0,
      "target": 6
    },
    {
      "time": 39.8,
      "tracked_predator_slot": 0,
      "target": 4
    },
    {
      "time": 39.9,
      "tracked_predator_slot": 0,
      "target": null
    },
    {
      "time": 40.0,
      "tracked_predator_slot": 0,
      "target": 4
    },
    {
      "time": 40.1,
      "tracked_predator_slot": 0,
      "target": 6
    },
    {
      "time": 40.2,
      "tracked_predator_slot": 0,
      "target": 4
    },
    {
      "time": 40.3,
      "tracked_predator_slot": 0,
      "target": null
    },
    {
      "time": 40.4,
      "tracked_predator_slot": 0,
      "target": 6
    },
    {
      "time": 41.1,
      "tracked_predator_slot": 0,
      "target": 4
    },
    {
      "time": 41.2,
      "tracked_predator_slot": 0,
      "target": "resting"
    },
    {
      "time": 44.7,
      "tracked_predator_slot": 0,
      "target": 4
    },
    {
      "time": 45.1,
      "tracked_predator_slot": 0,
      "target": 6
    },
    {
      "time": 45.4,
      "tracked_predator_slot": 0,
      "target": 4
    },
    {
      "time": 45.6,
      "tracked_predator_slot": 0,
      "target": 6
    },
    {
      "time": 45.7,
      "tracked_predator_slot": 0,
      "target": 4
    },
    {
      "time": 46.6,
      "tracked_predator_slot": 0,
      "target": 6
    },
    {
      "time": 46.9,
      "tracked_predator_slot": 0,
      "target": null
    },
    {
      "time": 47.0,
      "tracked_predator_slot": 0,
      "target": 6
    },
    {
      "time": 48.9,
      "tracked_predator_slot": 0,
      "target": null
    },
    {
      "time": 49.1,
      "tracked_predator_slot": 0,
      "target": 6
    },
    {
      "time": 49.3,
      "tracked_predator_slot": 0,
      "target": null
    },
    {
      "time": 49.9,
      "tracked_predator_slot": 0,
      "target": 6
    },
    {
      "time": 50.5,
      "tracked_predator_slot": 0,
      "target": null
    },
    {
      "time": 52.6,
      "tracked_predator_slot": 0,
      "target": 6
    },
    {
      "time": 53.0,
      "tracked_predator_slot": 0,
      "target": null
    },
    {
      "time": 53.8,
      "tracked_predator_slot": 0,
      "target": "resting"
    },
    {
      "time": 57.3,
      "tracked_predator_slot": 0,
      "target": 6
    },
    {
      "time": 57.5,
      "tracked_predator_slot": 0,
      "target": 4
    },
    {
      "time": 57.7,
      "tracked_predator_slot": 0,
      "target": 6
    },
    {
      "time": 57.9,
      "tracked_predator_slot": 0,
      "target": 4
    },
    {
      "time": 58.1,
      "tracked_predator_slot": 0,
      "target": 6
    },
    {
      "time": 58.4,
      "tracked_predator_slot": 0,
      "target": null
    },
    {
      "time": 60.0,
      "tracked_predator_slot": 0,
      "target": 5
    },
    {
      "time": 60.1,
      "tracked_predator_slot": 0,
      "target": 9
    },
    {
      "time": 60.5,
      "tracked_predator_slot": 0,
      "target": 6
    },
    {
      "time": 60.7,
      "tracked_predator_slot": 0,
      "target": 4
    },
    {
      "time": 61.2,
      "tracked_predator_slot": 0,
      "target": 6
    },
    {
      "time": 63.2,
      "tracked_predator_slot": 0,
      "target": 8
    },
    {
      "time": 63.3,
      "tracked_predator_slot": 0,
      "target": 6
    },
    {
      "time": 63.8,
      "tracked_predator_slot": 0,
      "target": 4
    },
    {
      "time": 63.9,
      "tracked_predator_slot": 0,
      "target": 8
    },
    {
      "time": 64.4,
      "tracked_predator_slot": 0,
      "target": null
    },
    {
      "time": 64.5,
      "tracked_predator_slot": 0,
      "target": 6
    },
    {
      "time": 64.6,
      "tracked_predator_slot": 0,
      "target": 8
    },
    {
      "time": 64.8,
      "tracked_predator_slot": 0,
      "target": 4
    },
    {
      "time": 65.0,
      "tracked_predator_slot": 0,
      "target": 6
    },
    {
      "time": 65.1,
      "tracked_predator_slot": 0,
      "target": 8
    },
    {
      "time": 65.2,
      "tracked_predator_slot": 0,
      "target": 6
    },
    {
      "time": 65.3,
      "tracked_predator_slot": 0,
      "target": 4
    },
    {
      "time": 65.4,
      "tracked_predator_slot": 0,
      "target": 6
    },
    {
      "time": 65.6,
      "tracked_predator_slot": 0,
      "target": 4
    },
    {
      "time": 65.8,
      "tracked_predator_slot": 0,
      "target": 8
    },
    {
      "time": 66.1,
      "tracked_predator_slot": 0,
      "target": 4
    },
    {
      "time": 66.6,
      "tracked_predator_slot": 0,
      "target": 8
    },
    {
      "time": 67.0,
      "tracked_predator_slot": 0,
      "target": 6
    },
    {
      "time": 67.5,
      "tracked_predator_slot": 0,
      "target": "resting"
    },
    {
      "time": 71.0,
      "tracked_predator_slot": 0,
      "target": 4
    },
    {
      "time": 71.2,
      "tracked_predator_slot": 0,
      "target": null
    },
    {
      "time": 71.4,
      "tracked_predator_slot": 0,
      "target": 6
    },
    {
      "time": 71.5,
      "tracked_predator_slot": 0,
      "target": null
    },
    {
      "time": 71.6,
      "tracked_predator_slot": 0,
      "target": 4
    },
    {
      "time": 71.7,
      "tracked_predator_slot": 0,
      "target": null
    },
    {
      "time": 75.9,
      "tracked_predator_slot": 0,
      "target": 8
    },
    {
      "time": 76.0,
      "tracked_predator_slot": 0,
      "target": null
    },
    {
      "time": 76.2,
      "tracked_predator_slot": 0,
      "target": 8
    },
    {
      "time": 76.8,
      "tracked_predator_slot": 0,
      "target": 6
    },
    {
      "time": 77.2,
      "tracked_predator_slot": 0,
      "target": 8
    },
    {
      "time": 77.3,
      "tracked_predator_slot": 0,
      "target": 6
    },
    {
      "time": 77.6,
      "tracked_predator_slot": 0,
      "target": 8
    },
    {
      "time": 77.7,
      "tracked_predator_slot": 0,
      "target": 6
    },
    {
      "time": 77.9,
      "tracked_predator_slot": 0,
      "target": 8
    },
    {
      "time": 78.0,
      "tracked_predator_slot": 0,
      "target": 6
    },
    {
      "time": 78.2,
      "tracked_predator_slot": 0,
      "target": 8
    },
    {
      "time": 78.3,
      "tracked_predator_slot": 0,
      "target": 6
    },
    {
      "time": 78.4,
      "tracked_predator_slot": 0,
      "target": 8
    },
    {
      "time": 78.9,
      "tracked_predator_slot": 0,
      "target": 6
    },
    {
      "time": 79.1,
      "tracked_predator_slot": 0,
      "target": 8
    },
    {
      "time": 79.5,
      "tracked_predator_slot": 0,
      "target": 6
    },
    {
      "time": 79.6,
      "tracked_predator_slot": 0,
      "target": 8
    },
    {
      "time": 79.7,
      "tracked_predator_slot": 0,
      "target": 6
    },
    {
      "time": 79.8,
      "tracked_predator_slot": 0,
      "target": 8
    },
    {
      "time": 79.9,
      "tracked_predator_slot": 0,
      "target": 6
    },
    {
      "time": 80.0,
      "tracked_predator_slot": 0,
      "target": 8
    },
    {
      "time": 80.1,
      "tracked_predator_slot": 0,
      "target": 6
    },
    {
      "time": 80.2,
      "tracked_predator_slot": 0,
      "target": 8
    },
    {
      "time": 80.3,
      "tracked_predator_slot": 0,
      "target": 6
    },
    {
      "time": 80.4,
      "tracked_predator_slot": 0,
      "target": 8
    },
    {
      "time": 80.5,
      "tracked_predator_slot": 0,
      "target": 6
    },
    {
      "time": 80.6,
      "tracked_predator_slot": 0,
      "target": 8
    },
    {
      "time": 80.7,
      "tracked_predator_slot": 0,
      "target": 6
    },
    {
      "time": 80.8,
      "tracked_predator_slot": 0,
      "target": 8
    },
    {
      "time": 80.9,
      "tracked_predator_slot": 0,
      "target": 6
    },
    {
      "time": 81.0,
      "tracked_predator_slot": 0,
      "target": 8
    },
    {
      "time": 81.1,
      "tracked_predator_slot": 0,
      "target": 6
    },
    {
      "time": 81.3,
      "tracked_predator_slot": 0,
      "target": 4
    },
    {
      "time": 82.1,
      "tracked_predator_slot": 0,
      "target": 6
    },
    {
      "time": 82.2,
      "tracked_predator_slot": 0,
      "target": 8
    },
    {
      "time": 82.3,
      "tracked_predator_slot": 0,
      "target": 4
    },
    {
      "time": 82.6,
      "tracked_predator_slot": 0,
      "target": 6
    },
    {
      "time": 82.7,
      "tracked_predator_slot": 0,
      "target": 4
    },
    {
      "time": 83.1,
      "tracked_predator_slot": 0,
      "target": 6
    },
    {
      "time": 83.2,
      "tracked_predator_slot": 0,
      "target": "resting"
    },
    {
      "time": 86.7,
      "tracked_predator_slot": 0,
      "target": 6
    },
    {
      "time": 87.1,
      "tracked_predator_slot": 0,
      "target": 4
    },
    {
      "time": 87.3,
      "tracked_predator_slot": 0,
      "target": 8
    },
    {
      "time": 87.4,
      "tracked_predator_slot": 0,
      "target": 4
    },
    {
      "time": 87.5,
      "tracked_predator_slot": 0,
      "target": null
    },
    {
      "time": 88.0,
      "tracked_predator_slot": 0,
      "target": 8
    },
    {
      "time": 88.1,
      "tracked_predator_slot": 0,
      "target": 6
    },
    {
      "time": 88.2,
      "tracked_predator_slot": 0,
      "target": null
    },
    {
      "time": 88.4,
      "tracked_predator_slot": 0,
      "target": 6
    },
    {
      "time": 88.6,
      "tracked_predator_slot": 0,
      "target": 8
    },
    {
      "time": 88.7,
      "tracked_predator_slot": 0,
      "target": null
    },
    {
      "time": 88.8,
      "tracked_predator_slot": 0,
      "target": 6
    },
    {
      "time": 88.9,
      "tracked_predator_slot": 0,
      "target": 8
    },
    {
      "time": 89.2,
      "tracked_predator_slot": 0,
      "target": 6
    },
    {
      "time": 89.4,
      "tracked_predator_slot": 0,
      "target": 8
    },
    {
      "time": 89.5,
      "tracked_predator_slot": 0,
      "target": 4
    },
    {
      "time": 90.2,
      "tracked_predator_slot": 0,
      "target": 6
    },
    {
      "time": 90.8,
      "tracked_predator_slot": 0,
      "target": 4
    },
    {
      "time": 91.2,
      "tracked_predator_slot": 0,
      "target": 6
    },
    {
      "time": 91.8,
      "tracked_predator_slot": 0,
      "target": 4
    },
    {
      "time": 92.1,
      "tracked_predator_slot": 0,
      "target": 6
    },
    {
      "time": 92.2,
      "tracked_predator_slot": 0,
      "target": 4
    },
    {
      "time": 92.5,
      "tracked_predator_slot": 0,
      "target": 6
    },
    {
      "time": 92.6,
      "tracked_predator_slot": 0,
      "target": null
    },
    {
      "time": 92.7,
      "tracked_predator_slot": 0,
      "target": 8
    },
    {
      "time": 93.0,
      "tracked_predator_slot": 0,
      "target": 4
    },
    {
      "time": 93.5,
      "tracked_predator_slot": 0,
      "target": 6
    },
    {
      "time": 93.6,
      "tracked_predator_slot": 0,
      "target": 4
    },
    {
      "time": 94.0,
      "tracked_predator_slot": 0,
      "target": 6
    },
    {
      "time": 94.4,
      "tracked_predator_slot": 0,
      "target": 8
    },
    {
      "time": 94.5,
      "tracked_predator_slot": 0,
      "target": null
    },
    {
      "time": 94.7,
      "tracked_predator_slot": 0,
      "target": 4
    },
    {
      "time": 94.8,
      "tracked_predator_slot": 0,
      "target": null
    },
    {
      "time": 94.9,
      "tracked_predator_slot": 0,
      "target": 4
    },
    {
      "time": 95.0,
      "tracked_predator_slot": 0,
      "target": 6
    },
    {
      "time": 95.2,
      "tracked_predator_slot": 0,
      "target": 4
    },
    {
      "time": 95.3,
      "tracked_predator_slot": 0,
      "target": 6
    },
    {
      "time": 95.5,
      "tracked_predator_slot": 0,
      "target": 8
    },
    {
      "time": 95.8,
      "tracked_predator_slot": 0,
      "target": 6
    },
    {
      "time": 96.0,
      "tracked_predator_slot": 0,
      "target": "resting"
    },
    {
      "time": 99.5,
      "tracked_predator_slot": 0,
      "target": 4
    },
    {
      "time": 99.6,
      "tracked_predator_slot": 0,
      "target": null
    },
    {
      "time": 99.7,
      "tracked_predator_slot": 0,
      "target": 4
    },
    {
      "time": 99.9,
      "tracked_predator_slot": 0,
      "target": null
    },
    {
      "time": 100.6,
      "tracked_predator_slot": 0,
      "target": 4
    },
    {
      "time": 101.0,
      "tracked_predator_slot": 0,
      "target": 6
    },
    {
      "time": 101.1,
      "tracked_predator_slot": 0,
      "target": 4
    },
    {
      "time": 101.3,
      "tracked_predator_slot": 0,
      "target": 8
    },
    {
      "time": 101.5,
      "tracked_predator_slot": 0,
      "target": 4
    },
    {
      "time": 101.8,
      "tracked_predator_slot": 0,
      "target": 8
    },
    {
      "time": 102.1,
      "tracked_predator_slot": 0,
      "target": 4
    },
    {
      "time": 102.4,
      "tracked_predator_slot": 0,
      "target": 8
    },
    {
      "time": 103.1,
      "tracked_predator_slot": 0,
      "target": null
    },
    {
      "time": 103.2,
      "tracked_predator_slot": 0,
      "target": 6
    },
    {
      "time": 103.3,
      "tracked_predator_slot": 0,
      "target": 4
    },
    {
      "time": 103.5,
      "tracked_predator_slot": 0,
      "target": 6
    },
    {
      "time": 103.6,
      "tracked_predator_slot": 0,
      "target": 4
    },
    {
      "time": 103.7,
      "tracked_predator_slot": 0,
      "target": 6
    },
    {
      "time": 103.9,
      "tracked_predator_slot": 0,
      "target": 4
    },
    {
      "time": 104.0,
      "tracked_predator_slot": 0,
      "target": 6
    },
    {
      "time": 104.3,
      "tracked_predator_slot": 0,
      "target": 4
    },
    {
      "time": 104.4,
      "tracked_predator_slot": 0,
      "target": 6
    },
    {
      "time": 104.9,
      "tracked_predator_slot": 0,
      "target": 8
    },
    {
      "time": 105.2,
      "tracked_predator_slot": 0,
      "target": 4
    },
    {
      "time": 105.5,
      "tracked_predator_slot": 0,
      "target": 6
    },
    {
      "time": 105.8,
      "tracked_predator_slot": 0,
      "target": null
    },
    {
      "time": 106.5,
      "tracked_predator_slot": 0,
      "target": 6
    },
    {
      "time": 106.6,
      "tracked_predator_slot": 0,
      "target": 8
    },
    {
      "time": 106.7,
      "tracked_predator_slot": 0,
      "target": null
    },
    {
      "time": 106.9,
      "tracked_predator_slot": 0,
      "target": 8
    },
    {
      "time": 107.0,
      "tracked_predator_slot": 0,
      "target": 6
    },
    {
      "time": 107.1,
      "tracked_predator_slot": 0,
      "target": null
    },
    {
      "time": 107.2,
      "tracked_predator_slot": 0,
      "target": 8
    },
    {
      "time": 107.3,
      "tracked_predator_slot": 0,
      "target": 6
    },
    {
      "time": 107.5,
      "tracked_predator_slot": 0,
      "target": 4
    },
    {
      "time": 107.6,
      "tracked_predator_slot": 0,
      "target": 8
    },
    {
      "time": 108.0,
      "tracked_predator_slot": 0,
      "target": 6
    },
    {
      "time": 108.7,
      "tracked_predator_slot": 0,
      "target": 4
    },
    {
      "time": 108.9,
      "tracked_predator_slot": 0,
      "target": "resting"
    },
    {
      "time": 112.4,
      "tracked_predator_slot": 0,
      "target": 4
    },
    {
      "time": 112.5,
      "tracked_predator_slot": 0,
      "target": null
    },
    {
      "time": 112.6,
      "tracked_predator_slot": 0,
      "target": 4
    },
    {
      "time": 112.7,
      "tracked_predator_slot": 0,
      "target": null
    },
    {
      "time": 112.8,
      "tracked_predator_slot": 0,
      "target": 4
    },
    {
      "time": 113.0,
      "tracked_predator_slot": 0,
      "target": null
    },
    {
      "time": 113.1,
      "tracked_predator_slot": 0,
      "target": 4
    },
    {
      "time": 113.2,
      "tracked_predator_slot": 0,
      "target": null
    },
    {
      "time": 113.8,
      "tracked_predator_slot": 0,
      "target": 4
    },
    {
      "time": 114.2,
      "tracked_predator_slot": 0,
      "target": null
    },
    {
      "time": 118.4,
      "tracked_predator_slot": 0,
      "target": 8
    },
    {
      "time": 120.2,
      "tracked_predator_slot": 0,
      "target": 4
    },
    {
      "time": 120.5,
      "tracked_predator_slot": 0,
      "target": 8
    },
    {
      "time": 120.8,
      "tracked_predator_slot": 0,
      "target": 4
    },
    {
      "time": 120.9,
      "tracked_predator_slot": 0,
      "target": 8
    },
    {
      "time": 121.2,
      "tracked_predator_slot": 0,
      "target": 4
    },
    {
      "time": 121.4,
      "tracked_predator_slot": 0,
      "target": 8
    },
    {
      "time": 121.6,
      "tracked_predator_slot": 0,
      "target": 6
    },
    {
      "time": 122.1,
      "tracked_predator_slot": 0,
      "target": 8
    },
    {
      "time": 122.2,
      "tracked_predator_slot": 0,
      "target": 6
    },
    {
      "time": 122.3,
      "tracked_predator_slot": 0,
      "target": 4
    },
    {
      "time": 122.4,
      "tracked_predator_slot": 0,
      "target": 6
    },
    {
      "time": 122.6,
      "tracked_predator_slot": 0,
      "target": 8
    },
    {
      "time": 122.9,
      "tracked_predator_slot": 0,
      "target": 6
    },
    {
      "time": 123.0,
      "tracked_predator_slot": 0,
      "target": 8
    },
    {
      "time": 123.2,
      "tracked_predator_slot": 0,
      "target": null
    },
    {
      "time": 123.4,
      "tracked_predator_slot": 0,
      "target": 6
    },
    {
      "time": 123.5,
      "tracked_predator_slot": 0,
      "target": null
    },
    {
      "time": 124.4,
      "tracked_predator_slot": 0,
      "target": "resting"
    },
    {
      "time": 127.9,
      "tracked_predator_slot": 0,
      "target": 8
    },
    {
      "time": 128.2,
      "tracked_predator_slot": 0,
      "target": null
    },
    {
      "time": 128.4,
      "tracked_predator_slot": 0,
      "target": 8
    },
    {
      "time": 128.5,
      "tracked_predator_slot": 0,
      "target": null
    },
    {
      "time": 129.0,
      "tracked_predator_slot": 0,
      "target": 8
    },
    {
      "time": 129.3,
      "tracked_predator_slot": 0,
      "target": null
    },
    {
      "time": 129.6,
      "tracked_predator_slot": 0,
      "target": 8
    },
    {
      "time": 130.2,
      "tracked_predator_slot": 0,
      "target": 6
    },
    {
      "time": 130.3,
      "tracked_predator_slot": 0,
      "target": 8
    },
    {
      "time": 130.6,
      "tracked_predator_slot": 0,
      "target": 6
    },
    {
      "time": 130.8,
      "tracked_predator_slot": 0,
      "target": null
    },
    {
      "time": 130.9,
      "tracked_predator_slot": 0,
      "target": 9
    },
    {
      "time": 132.4,
      "tracked_predator_slot": 0,
      "target": 6
    },
    {
      "time": 132.6,
      "tracked_predator_slot": 0,
      "target": null
    },
    {
      "time": 132.7,
      "tracked_predator_slot": 0,
      "target": 9
    },
    {
      "time": 132.9,
      "tracked_predator_slot": 0,
      "target": null
    },
    {
      "time": 133.0,
      "tracked_predator_slot": 0,
      "target": 9
    },
    {
      "time": 133.1,
      "tracked_predator_slot": 0,
      "target": null
    },
    {
      "time": 133.2,
      "tracked_predator_slot": 0,
      "target": 7
    },
    {
      "time": 133.9,
      "tracked_predator_slot": 0,
      "target": 6
    },
    {
      "time": 135.1,
      "tracked_predator_slot": 0,
      "target": 8
    },
    {
      "time": 135.5,
      "tracked_predator_slot": 0,
      "target": 6
    },
    {
      "time": 135.6,
      "tracked_predator_slot": 0,
      "target": 8
    },
    {
      "time": 135.7,
      "tracked_predator_slot": 0,
      "target": 6
    },
    {
      "time": 135.8,
      "tracked_predator_slot": 0,
      "target": 8
    },
    {
      "time": 135.9,
      "tracked_predator_slot": 0,
      "target": 6
    },
    {
      "time": 136.1,
      "tracked_predator_slot": 0,
      "target": 5
    },
    {
      "time": 136.3,
      "tracked_predator_slot": 0,
      "target": 8
    },
    {
      "time": 136.5,
      "tracked_predator_slot": 0,
      "target": 6
    },
    {
      "time": 136.8,
      "tracked_predator_slot": 0,
      "target": 5
    },
    {
      "time": 137.0,
      "tracked_predator_slot": 0,
      "target": 6
    },
    {
      "time": 137.3,
      "tracked_predator_slot": 0,
      "target": "resting"
    },
    {
      "time": 140.8,
      "tracked_predator_slot": 0,
      "target": 5
    },
    {
      "time": 140.9,
      "tracked_predator_slot": 0,
      "target": 9
    },
    {
      "time": 141.1,
      "tracked_predator_slot": 0,
      "target": 7
    },
    {
      "time": 141.2,
      "tracked_predator_slot": 0,
      "target": 9
    },
    {
      "time": 141.3,
      "tracked_predator_slot": 0,
      "target": 7
    },
    {
      "time": 141.6,
      "tracked_predator_slot": 0,
      "target": 9
    },
    {
      "time": 141.7,
      "tracked_predator_slot": 0,
      "target": 7
    },
    {
      "time": 141.9,
      "tracked_predator_slot": 0,
      "target": 9
    },
    {
      "time": 142.0,
      "tracked_predator_slot": 0,
      "target": 7
    },
    {
      "time": 142.7,
      "tracked_predator_slot": 0,
      "target": 9
    },
    {
      "time": 143.3,
      "tracked_predator_slot": 0,
      "target": null
    },
    {
      "time": 143.4,
      "tracked_predator_slot": 0,
      "target": 9
    },
    {
      "time": 143.5,
      "tracked_predator_slot": 0,
      "target": 6
    },
    {
      "time": 143.6,
      "tracked_predator_slot": 0,
      "target": 7
    },
    {
      "time": 143.8,
      "tracked_predator_slot": 0,
      "target": 5
    },
    {
      "time": 144.0,
      "tracked_predator_slot": 0,
      "target": 8
    },
    {
      "time": 144.1,
      "tracked_predator_slot": 0,
      "target": 5
    },
    {
      "time": 144.2,
      "tracked_predator_slot": 0,
      "target": 8
    },
    {
      "time": 144.3,
      "tracked_predator_slot": 0,
      "target": 5
    },
    {
      "time": 144.4,
      "tracked_predator_slot": 0,
      "target": 8
    },
    {
      "time": 144.5,
      "tracked_predator_slot": 0,
      "target": 5
    },
    {
      "time": 144.6,
      "tracked_predator_slot": 0,
      "target": 8
    },
    {
      "time": 144.7,
      "tracked_predator_slot": 0,
      "target": 5
    },
    {
      "time": 144.8,
      "tracked_predator_slot": 0,
      "target": 8
    },
    {
      "time": 144.9,
      "tracked_predator_slot": 0,
      "target": 5
    },
    {
      "time": 145.0,
      "tracked_predator_slot": 0,
      "target": 8
    },
    {
      "time": 145.1,
      "tracked_predator_slot": 0,
      "target": 5
    },
    {
      "time": 145.2,
      "tracked_predator_slot": 0,
      "target": 8
    },
    {
      "time": 145.3,
      "tracked_predator_slot": 0,
      "target": 5
    },
    {
      "time": 145.4,
      "tracked_predator_slot": 0,
      "target": 8
    },
    {
      "time": 145.6,
      "tracked_predator_slot": 0,
      "target": 9
    },
    {
      "time": 145.8,
      "tracked_predator_slot": 0,
      "target": 5
    },
    {
      "time": 146.0,
      "tracked_predator_slot": 0,
      "target": 8
    },
    {
      "time": 147.0,
      "tracked_predator_slot": 0,
      "target": 9
    },
    {
      "time": 149.5,
      "tracked_predator_slot": 0,
      "target": 5
    },
    {
      "time": 149.6,
      "tracked_predator_slot": 0,
      "target": 6
    },
    {
      "time": 149.8,
      "tracked_predator_slot": 0,
      "target": 8
    },
    {
      "time": 149.9,
      "tracked_predator_slot": 0,
      "target": 6
    },
    {
      "time": 150.0,
      "tracked_predator_slot": 0,
      "target": "resting"
    },
    {
      "time": 153.5,
      "tracked_predator_slot": 0,
      "target": 5
    },
    {
      "time": 153.6,
      "tracked_predator_slot": 0,
      "target": 8
    },
    {
      "time": 153.8,
      "tracked_predator_slot": 0,
      "target": 5
    },
    {
      "time": 153.9,
      "tracked_predator_slot": 0,
      "target": 9
    },
    {
      "time": 154.2,
      "tracked_predator_slot": 0,
      "target": null
    },
    {
      "time": 154.3,
      "tracked_predator_slot": 0,
      "target": 8
    },
    {
      "time": 154.5,
      "tracked_predator_slot": 0,
      "target": null
    },
    {
      "time": 154.6,
      "tracked_predator_slot": 0,
      "target": 7
    },
    {
      "time": 154.7,
      "tracked_predator_slot": 0,
      "target": 5
    },
    {
      "time": 154.8,
      "tracked_predator_slot": 0,
      "target": 8
    },
    {
      "time": 155.1,
      "tracked_predator_slot": 0,
      "target": 5
    },
    {
      "time": 155.3,
      "tracked_predator_slot": 0,
      "target": 8
    },
    {
      "time": 155.4,
      "tracked_predator_slot": 0,
      "target": 5
    },
    {
      "time": 155.5,
      "tracked_predator_slot": 0,
      "target": 8
    },
    {
      "time": 155.6,
      "tracked_predator_slot": 0,
      "target": 6
    },
    {
      "time": 155.8,
      "tracked_predator_slot": 0,
      "target": 5
    },
    {
      "time": 155.9,
      "tracked_predator_slot": 0,
      "target": 6
    },
    {
      "time": 156.1,
      "tracked_predator_slot": 0,
      "target": 5
    },
    {
      "time": 156.3,
      "tracked_predator_slot": 0,
      "target": 8
    },
    {
      "time": 156.7,
      "tracked_predator_slot": 0,
      "target": 7
    },
    {
      "time": 156.8,
      "tracked_predator_slot": 0,
      "target": 5
    },
    {
      "time": 156.9,
      "tracked_predator_slot": 0,
      "target": 9
    },
    {
      "time": 157.0,
      "tracked_predator_slot": 0,
      "target": 6
    },
    {
      "time": 157.1,
      "tracked_predator_slot": 0,
      "target": 7
    },
    {
      "time": 157.2,
      "tracked_predator_slot": 0,
      "target": 8
    },
    {
      "time": 157.3,
      "tracked_predator_slot": 0,
      "target": 5
    },
    {
      "time": 157.4,
      "tracked_predator_slot": 0,
      "target": 9
    },
    {
      "time": 157.5,
      "tracked_predator_slot": 0,
      "target": 6
    },
    {
      "time": 157.6,
      "tracked_predator_slot": 0,
      "target": 9
    },
    {
      "time": 158.0,
      "tracked_predator_slot": 0,
      "target": 8
    },
    {
      "time": 158.1,
      "tracked_predator_slot": 0,
      "target": 5
    },
    {
      "time": 158.2,
      "tracked_predator_slot": 0,
      "target": 8
    },
    {
      "time": 159.9,
      "tracked_predator_slot": 0,
      "target": 6
    },
    {
      "time": 160.0,
      "tracked_predator_slot": 0,
      "target": null
    },
    {
      "time": 160.6,
      "tracked_predator_slot": 0,
      "target": 5
    },
    {
      "time": 160.8,
      "tracked_predator_slot": 0,
      "target": 6
    },
    {
      "time": 161.0,
      "tracked_predator_slot": 0,
      "target": 5
    },
    {
      "time": 161.2,
      "tracked_predator_slot": 0,
      "target": 8
    },
    {
      "time": 161.3,
      "tracked_predator_slot": 0,
      "target": 6
    },
    {
      "time": 161.4,
      "tracked_predator_slot": 0,
      "target": 9
    },
    {
      "time": 161.5,
      "tracked_predator_slot": 0,
      "target": 7
    },
    {
      "time": 161.6,
      "tracked_predator_slot": 0,
      "target": 6
    },
    {
      "time": 161.7,
      "tracked_predator_slot": 0,
      "target": 8
    },
    {
      "time": 162.0,
      "tracked_predator_slot": 0,
      "target": 6
    },
    {
      "time": 162.2,
      "tracked_predator_slot": 0,
      "target": 9
    },
    {
      "time": 162.3,
      "tracked_predator_slot": 0,
      "target": 5
    },
    {
      "time": 162.4,
      "tracked_predator_slot": 0,
      "target": "resting"
    },
    {
      "time": 165.9,
      "tracked_predator_slot": 0,
      "target": 8
    },
    {
      "time": 166.1,
      "tracked_predator_slot": 0,
      "target": 7
    },
    {
      "time": 166.2,
      "tracked_predator_slot": 0,
      "target": 6
    },
    {
      "time": 166.3,
      "tracked_predator_slot": 0,
      "target": 9
    },
    {
      "time": 166.4,
      "tracked_predator_slot": 0,
      "target": 6
    },
    {
      "time": 166.5,
      "tracked_predator_slot": 0,
      "target": 9
    },
    {
      "time": 166.7,
      "tracked_predator_slot": 0,
      "target": 6
    },
    {
      "time": 166.8,
      "tracked_predator_slot": 0,
      "target": 7
    },
    {
      "time": 166.9,
      "tracked_predator_slot": 0,
      "target": 9
    },
    {
      "time": 167.0,
      "tracked_predator_slot": 0,
      "target": 6
    },
    {
      "time": 167.1,
      "tracked_predator_slot": 0,
      "target": 5
    },
    {
      "time": 167.2,
      "tracked_predator_slot": 0,
      "target": 8
    },
    {
      "time": 167.3,
      "tracked_predator_slot": 0,
      "target": 5
    },
    {
      "time": 167.4,
      "tracked_predator_slot": 0,
      "target": 6
    },
    {
      "time": 167.9,
      "tracked_predator_slot": 0,
      "target": null
    },
    {
      "time": 168.0,
      "tracked_predator_slot": 0,
      "target": 8
    },
    {
      "time": 168.1,
      "tracked_predator_slot": 0,
      "target": null
    },
    {
      "time": 168.3,
      "tracked_predator_slot": 0,
      "target": 6
    },
    {
      "time": 168.4,
      "tracked_predator_slot": 0,
      "target": 7
    },
    {
      "time": 168.6,
      "tracked_predator_slot": 0,
      "target": 6
    },
    {
      "time": 168.8,
      "tracked_predator_slot": 0,
      "target": 7
    },
    {
      "time": 168.9,
      "tracked_predator_slot": 0,
      "target": 6
    },
    {
      "time": 169.0,
      "tracked_predator_slot": 0,
      "target": 9
    },
    {
      "time": 169.2,
      "tracked_predator_slot": 0,
      "target": 6
    },
    {
      "time": 169.5,
      "tracked_predator_slot": 0,
      "target": 9
    },
    {
      "time": 169.7,
      "tracked_predator_slot": 0,
      "target": 7
    },
    {
      "time": 169.8,
      "tracked_predator_slot": 0,
      "target": 5
    },
    {
      "time": 169.9,
      "tracked_predator_slot": 0,
      "target": 8
    },
    {
      "time": 170.0,
      "tracked_predator_slot": 0,
      "target": 9
    },
    {
      "time": 170.1,
      "tracked_predator_slot": 0,
      "target": 8
    },
    {
      "time": 170.3,
      "tracked_predator_slot": 0,
      "target": 5
    },
    {
      "time": 170.4,
      "tracked_predator_slot": 0,
      "target": 7
    },
    {
      "time": 170.5,
      "tracked_predator_slot": 0,
      "target": 8
    },
    {
      "time": 171.0,
      "tracked_predator_slot": 0,
      "target": 6
    },
    {
      "time": 171.1,
      "tracked_predator_slot": 0,
      "target": 8
    },
    {
      "time": 171.6,
      "tracked_predator_slot": 0,
      "target": 7
    },
    {
      "time": 171.7,
      "tracked_predator_slot": 0,
      "target": 8
    },
    {
      "time": 172.1,
      "tracked_predator_slot": 0,
      "target": 5
    },
    {
      "time": 172.2,
      "tracked_predator_slot": 0,
      "target": 8
    },
    {
      "time": 172.4,
      "tracked_predator_slot": 0,
      "target": 4
    },
    {
      "time": 172.8,
      "tracked_predator_slot": 0,
      "target": 8
    },
    {
      "time": 172.9,
      "tracked_predator_slot": 0,
      "target": 5
    },
    {
      "time": 173.1,
      "tracked_predator_slot": 0,
      "target": 4
    },
    {
      "time": 174.0,
      "tracked_predator_slot": 0,
      "target": 9
    },
    {
      "time": 174.1,
      "tracked_predator_slot": 0,
      "target": 7
    },
    {
      "time": 174.5,
      "tracked_predator_slot": 0,
      "target": 9
    },
    {
      "time": 174.7,
      "tracked_predator_slot": 0,
      "target": 7
    },
    {
      "time": 175.0,
      "tracked_predator_slot": 0,
      "target": 9
    },
    {
      "time": 175.6,
      "tracked_predator_slot": 0,
      "target": 4
    },
    {
      "time": 175.7,
      "tracked_predator_slot": 0,
      "target": 0
    },
    {
      "time": 186.2,
      "tracked_predator_slot": 0,
      "target": "resting"
    },
    {
      "time": 189.7,
      "tracked_predator_slot": 0,
      "target": 0
    },
    {
      "time": 198.9,
      "tracked_predator_slot": 0,
      "target": "resting"
    },
    {
      "time": 202.4,
      "tracked_predator_slot": 0,
      "target": 0
    },
    {
      "time": 211.6,
      "tracked_predator_slot": 0,
      "target": "resting"
    },
    {
      "time": 215.1,
      "tracked_predator_slot": 0,
      "target": 0
    },
    {
      "time": 224.3,
      "tracked_predator_slot": 0,
      "target": "resting"
    },
    {
      "time": 227.8,
      "tracked_predator_slot": 0,
      "target": 0
    },
    {
      "time": 237.0,
      "tracked_predator_slot": 0,
      "target": "resting"
    },
    {
      "time": 240.5,
      "tracked_predator_slot": 0,
      "target": 0
    },
    {
      "time": 249.7,
      "tracked_predator_slot": 0,
      "target": "resting"
    },
    {
      "time": 253.2,
      "tracked_predator_slot": 0,
      "target": 0
    },
    {
      "time": 262.4,
      "tracked_predator_slot": 0,
      "target": "resting"
    },
    {
      "time": 265.9,
      "tracked_predator_slot": 0,
      "target": 0
    },
    {
      "time": 275.1,
      "tracked_predator_slot": 0,
      "target": "resting"
    },
    {
      "time": 278.6,
      "tracked_predator_slot": 0,
      "target": 0
    },
    {
      "time": 287.8,
      "tracked_predator_slot": 0,
      "target": "resting"
    },
    {
      "time": 291.3,
      "tracked_predator_slot": 0,
      "target": 0
    }
  ],
  "guide_role_trace": [
    {
      "time": 0,
      "active_guide_id": 1
    },
    {
      "time": 2.7,
      "active_guide_id": 8
    },
    {
      "time": 3.6,
      "active_guide_id": 1
    },
    {
      "time": 4.0,
      "active_guide_id": 2
    },
    {
      "time": 4.1,
      "active_guide_id": 8
    },
    {
      "time": 4.9,
      "active_guide_id": 1
    },
    {
      "time": 5.1,
      "active_guide_id": 8
    },
    {
      "time": 5.2,
      "active_guide_id": 1
    },
    {
      "time": 5.3,
      "active_guide_id": 8
    },
    {
      "time": 5.5,
      "active_guide_id": 2
    },
    {
      "time": 5.6,
      "active_guide_id": 1
    },
    {
      "time": 7.8,
      "active_guide_id": 4
    },
    {
      "time": 7.9,
      "active_guide_id": 1
    },
    {
      "time": 9.5,
      "active_guide_id": 4
    },
    {
      "time": 9.8,
      "active_guide_id": 1
    },
    {
      "time": 9.9,
      "active_guide_id": 4
    },
    {
      "time": 10.0,
      "active_guide_id": 1
    },
    {
      "time": 10.4,
      "active_guide_id": 4
    },
    {
      "time": 10.5,
      "active_guide_id": 1
    },
    {
      "time": 10.9,
      "active_guide_id": 8
    },
    {
      "time": 11.0,
      "active_guide_id": 6
    },
    {
      "time": 11.2,
      "active_guide_id": 1
    },
    {
      "time": 11.7,
      "active_guide_id": 6
    },
    {
      "time": 12.2,
      "active_guide_id": 4
    },
    {
      "time": 12.3,
      "active_guide_id": 1
    },
    {
      "time": 12.4,
      "active_guide_id": 4
    },
    {
      "time": 13.4,
      "active_guide_id": 2
    },
    {
      "time": 13.5,
      "active_guide_id": 4
    },
    {
      "time": 14.0,
      "active_guide_id": 6
    },
    {
      "time": 14.1,
      "active_guide_id": 4
    },
    {
      "time": 14.4,
      "active_guide_id": 2
    },
    {
      "time": 14.5,
      "active_guide_id": 6
    },
    {
      "time": 17.9,
      "active_guide_id": 1
    },
    {
      "time": 18.0,
      "active_guide_id": 6
    },
    {
      "time": 18.4,
      "active_guide_id": 8
    },
    {
      "time": 18.5,
      "active_guide_id": 2
    },
    {
      "time": 18.6,
      "active_guide_id": 8
    },
    {
      "time": 18.9,
      "active_guide_id": 4
    },
    {
      "time": 19.1,
      "active_guide_id": 2
    },
    {
      "time": 19.6,
      "active_guide_id": 4
    },
    {
      "time": 20.1,
      "active_guide_id": 8
    },
    {
      "time": 20.3,
      "active_guide_id": 1
    },
    {
      "time": 20.5,
      "active_guide_id": 4
    },
    {
      "time": 20.7,
      "active_guide_id": 2
    },
    {
      "time": 21.2,
      "active_guide_id": 6
    },
    {
      "time": 21.4,
      "active_guide_id": 8
    },
    {
      "time": 21.5,
      "active_guide_id": 2
    },
    {
      "time": 21.6,
      "active_guide_id": 6
    },
    {
      "time": 21.7,
      "active_guide_id": 8
    },
    {
      "time": 22.0,
      "active_guide_id": 1
    },
    {
      "time": 22.5,
      "active_guide_id": 8
    },
    {
      "time": 22.6,
      "active_guide_id": 1
    },
    {
      "time": 22.9,
      "active_guide_id": 8
    },
    {
      "time": 23.2,
      "active_guide_id": 6
    },
    {
      "time": 24.2,
      "active_guide_id": 4
    },
    {
      "time": 24.3,
      "active_guide_id": 6
    },
    {
      "time": 24.6,
      "active_guide_id": 1
    },
    {
      "time": 25.2,
      "active_guide_id": 2
    },
    {
      "time": 25.3,
      "active_guide_id": 4
    },
    {
      "time": 25.4,
      "active_guide_id": 6
    },
    {
      "time": 25.5,
      "active_guide_id": 8
    },
    {
      "time": 25.8,
      "active_guide_id": 4
    },
    {
      "time": 25.9,
      "active_guide_id": 1
    },
    {
      "time": 26.0,
      "active_guide_id": 6
    },
    {
      "time": 26.1,
      "active_guide_id": 1
    },
    {
      "time": 26.3,
      "active_guide_id": 8
    },
    {
      "time": 26.4,
      "active_guide_id": 4
    },
    {
      "time": 26.6,
      "active_guide_id": 6
    },
    {
      "time": 26.9,
      "active_guide_id": 8
    },
    {
      "time": 27.1,
      "active_guide_id": 4
    },
    {
      "time": 27.2,
      "active_guide_id": 8
    },
    {
      "time": 27.3,
      "active_guide_id": 4
    },
    {
      "time": 27.5,
      "active_guide_id": 6
    },
    {
      "time": 27.8,
      "active_guide_id": 8
    },
    {
      "time": 28.1,
      "active_guide_id": 4
    },
    {
      "time": 28.3,
      "active_guide_id": 8
    },
    {
      "time": 29.7,
      "active_guide_id": 6
    },
    {
      "time": 30.1,
      "active_guide_id": 8
    },
    {
      "time": 31.0,
      "active_guide_id": 6
    },
    {
      "time": 31.1,
      "active_guide_id": 8
    },
    {
      "time": 31.2,
      "active_guide_id": 6
    },
    {
      "time": 31.3,
      "active_guide_id": 4
    },
    {
      "time": 31.8,
      "active_guide_id": 8
    },
    {
      "time": 31.9,
      "active_guide_id": 6
    },
    {
      "time": 32.0,
      "active_guide_id": 4
    },
    {
      "time": 32.4,
      "active_guide_id": 8
    },
    {
      "time": 33.3,
      "active_guide_id": 4
    },
    {
      "time": 34.1,
      "active_guide_id": 8
    },
    {
      "time": 34.2,
      "active_guide_id": 4
    },
    {
      "time": 39.9,
      "active_guide_id": 6
    },
    {
      "time": 40.0,
      "active_guide_id": 4
    },
    {
      "time": 40.1,
      "active_guide_id": 6
    },
    {
      "time": 45.5,
      "active_guide_id": 4
    },
    {
      "time": 45.6,
      "active_guide_id": 6
    },
    {
      "time": 45.7,
      "active_guide_id": 4
    },
    {
      "time": 46.6,
      "active_guide_id": 6
    },
    {
      "time": 50.5,
      "active_guide_id": 8
    },
    {
      "time": 51.1,
      "active_guide_id": 6
    },
    {
      "time": 51.4,
      "active_guide_id": 4
    },
    {
      "time": 51.9,
      "active_guide_id": 6
    },
    {
      "time": 57.5,
      "active_guide_id": 4
    },
    {
      "time": 57.8,
      "active_guide_id": 6
    },
    {
      "time": 58.4,
      "active_guide_id": 4
    },
    {
      "time": 58.6,
      "active_guide_id": 6
    },
    {
      "time": 60.7,
      "active_guide_id": 4
    },
    {
      "time": 63.2,
      "active_guide_id": 8
    },
    {
      "time": 63.3,
      "active_guide_id": 6
    },
    {
      "time": 63.8,
      "active_guide_id": 8
    },
    {
      "time": 64.9,
      "active_guide_id": 6
    },
    {
      "time": 65.0,
      "active_guide_id": 8
    },
    {
      "time": 65.2,
      "active_guide_id": 6
    },
    {
      "time": 65.6,
      "active_guide_id": 4
    },
    {
      "time": 66.7,
      "active_guide_id": 8
    },
    {
      "time": 67.0,
      "active_guide_id": 6
    },
    {
      "time": 67.5,
      "active_guide_id": 8
    },
    {
      "time": 67.6,
      "active_guide_id": 4
    },
    {
      "time": 71.2,
      "active_guide_id": 6
    },
    {
      "time": 71.5,
      "active_guide_id": 4
    },
    {
      "time": 71.7,
      "active_guide_id": 8
    },
    {
      "time": 71.8,
      "active_guide_id": 4
    },
    {
      "time": 72.5,
      "active_guide_id": 8
    },
    {
      "time": 77.1,
      "active_guide_id": 6
    },
    {
      "time": 79.6,
      "active_guide_id": 8
    },
    {
      "time": 79.7,
      "active_guide_id": 6
    },
    {
      "time": 79.8,
      "active_guide_id": 8
    },
    {
      "time": 79.9,
      "active_guide_id": 6
    },
    {
      "time": 80.0,
      "active_guide_id": 8
    },
    {
      "time": 80.1,
      "active_guide_id": 6
    },
    {
      "time": 80.2,
      "active_guide_id": 8
    },
    {
      "time": 80.3,
      "active_guide_id": 6
    },
    {
      "time": 80.4,
      "active_guide_id": 8
    },
    {
      "time": 80.5,
      "active_guide_id": 6
    },
    {
      "time": 80.6,
      "active_guide_id": 8
    },
    {
      "time": 80.7,
      "active_guide_id": 6
    },
    {
      "time": 80.8,
      "active_guide_id": 8
    },
    {
      "time": 80.9,
      "active_guide_id": 6
    },
    {
      "time": 81.0,
      "active_guide_id": 8
    },
    {
      "time": 81.1,
      "active_guide_id": 6
    },
    {
      "time": 81.4,
      "active_guide_id": 4
    },
    {
      "time": 82.1,
      "active_guide_id": 6
    },
    {
      "time": 82.3,
      "active_guide_id": 4
    },
    {
      "time": 82.6,
      "active_guide_id": 6
    },
    {
      "time": 82.9,
      "active_guide_id": 4
    },
    {
      "time": 83.1,
      "active_guide_id": 6
    },
    {
      "time": 83.2,
      "active_guide_id": 4
    },
    {
      "time": 83.3,
      "active_guide_id": 6
    },
    {
      "time": 83.7,
      "active_guide_id": 8
    },
    {
      "time": 83.9,
      "active_guide_id": 6
    },
    {
      "time": 84.2,
      "active_guide_id": 8
    },
    {
      "time": 84.5,
      "active_guide_id": 6
    },
    {
      "time": 84.8,
      "active_guide_id": 8
    },
    {
      "time": 87.1,
      "active_guide_id": 4
    },
    {
      "time": 87.5,
      "active_guide_id": 8
    },
    {
      "time": 88.1,
      "active_guide_id": 6
    },
    {
      "time": 88.6,
      "active_guide_id": 8
    },
    {
      "time": 88.7,
      "active_guide_id": 6
    },
    {
      "time": 88.9,
      "active_guide_id": 8
    },
    {
      "time": 89.0,
      "active_guide_id": 6
    },
    {
      "time": 89.4,
      "active_guide_id": 8
    },
    {
      "time": 89.5,
      "active_guide_id": 4
    },
    {
      "time": 90.1,
      "active_guide_id": 8
    },
    {
      "time": 90.3,
      "active_guide_id": 6
    },
    {
      "time": 90.6,
      "active_guide_id": 8
    },
    {
      "time": 90.9,
      "active_guide_id": 4
    },
    {
      "time": 91.2,
      "active_guide_id": 8
    },
    {
      "time": 91.8,
      "active_guide_id": 4
    },
    {
      "time": 92.1,
      "active_guide_id": 6
    },
    {
      "time": 92.2,
      "active_guide_id": 4
    },
    {
      "time": 92.5,
      "active_guide_id": 6
    },
    {
      "time": 92.8,
      "active_guide_id": 8
    },
    {
      "time": 93.0,
      "active_guide_id": 4
    },
    {
      "time": 94.1,
      "active_guide_id": 6
    },
    {
      "time": 94.4,
      "active_guide_id": 4
    },
    {
      "time": 95.0,
      "active_guide_id": 6
    },
    {
      "time": 95.2,
      "active_guide_id": 4
    },
    {
      "time": 95.3,
      "active_guide_id": 6
    },
    {
      "time": 96.0,
      "active_guide_id": 4
    },
    {
      "time": 99.9,
      "active_guide_id": 8
    },
    {
      "time": 100.0,
      "active_guide_id": 6
    },
    {
      "time": 100.2,
      "active_guide_id": 4
    },
    {
      "time": 101.3,
      "active_guide_id": 8
    },
    {
      "time": 102.1,
      "active_guide_id": 4
    },
    {
      "time": 102.6,
      "active_guide_id": 8
    },
    {
      "time": 103.1,
      "active_guide_id": 6
    },
    {
      "time": 103.3,
      "active_guide_id": 4
    },
    {
      "time": 103.5,
      "active_guide_id": 6
    },
    {
      "time": 103.9,
      "active_guide_id": 4
    },
    {
      "time": 104.1,
      "active_guide_id": 6
    },
    {
      "time": 105.0,
      "active_guide_id": 8
    },
    {
      "time": 105.2,
      "active_guide_id": 4
    },
    {
      "time": 105.4,
      "active_guide_id": 6
    },
    {
      "time": 106.6,
      "active_guide_id": 8
    },
    {
      "time": 107.0,
      "active_guide_id": 6
    },
    {
      "time": 107.6,
      "active_guide_id": 8
    },
    {
      "time": 108.1,
      "active_guide_id": 6
    },
    {
      "time": 108.8,
      "active_guide_id": 4
    },
    {
      "time": 114.6,
      "active_guide_id": 8
    },
    {
      "time": 120.2,
      "active_guide_id": 4
    },
    {
      "time": 120.9,
      "active_guide_id": 8
    },
    {
      "time": 121.8,
      "active_guide_id": 6
    },
    {
      "time": 122.1,
      "active_guide_id": 8
    },
    {
      "time": 122.2,
      "active_guide_id": 4
    },
    {
      "time": 122.6,
      "active_guide_id": 8
    },
    {
      "time": 123.4,
      "active_guide_id": 6
    },
    {
      "time": 125.7,
      "active_guide_id": 8
    },
    {
      "time": 125.8,
      "active_guide_id": 6
    },
    {
      "time": 125.9,
      "active_guide_id": 8
    },
    {
      "time": 130.7,
      "active_guide_id": 9
    },
    {
      "time": 132.2,
      "active_guide_id": 6
    },
    {
      "time": 132.7,
      "active_guide_id": 9
    },
    {
      "time": 133.1,
      "active_guide_id": 6
    },
    {
      "time": 133.4,
      "active_guide_id": 7
    },
    {
      "time": 133.8,
      "active_guide_id": 6
    },
    {
      "time": 134.4,
      "active_guide_id": 9
    },
    {
      "time": 134.5,
      "active_guide_id": 6
    },
    {
      "time": 134.9,
      "active_guide_id": 5
    },
    {
      "time": 135.5,
      "active_guide_id": 6
    },
    {
      "time": 135.6,
      "active_guide_id": 8
    },
    {
      "time": 135.7,
      "active_guide_id": 6
    },
    {
      "time": 135.8,
      "active_guide_id": 8
    },
    {
      "time": 135.9,
      "active_guide_id": 6
    },
    {
      "time": 136.0,
      "active_guide_id": 9
    },
    {
      "time": 136.3,
      "active_guide_id": 8
    },
    {
      "time": 136.5,
      "active_guide_id": 6
    },
    {
      "time": 136.9,
      "active_guide_id": 5
    },
    {
      "time": 137.1,
      "active_guide_id": 6
    },
    {
      "time": 137.6,
      "active_guide_id": 5
    },
    {
      "time": 137.9,
      "active_guide_id": 6
    },
    {
      "time": 138.0,
      "active_guide_id": 8
    },
    {
      "time": 138.2,
      "active_guide_id": 5
    },
    {
      "time": 138.3,
      "active_guide_id": 8
    },
    {
      "time": 141.0,
      "active_guide_id": 9
    },
    {
      "time": 141.1,
      "active_guide_id": 7
    },
    {
      "time": 141.2,
      "active_guide_id": 9
    },
    {
      "time": 141.8,
      "active_guide_id": 7
    },
    {
      "time": 142.8,
      "active_guide_id": 9
    },
    {
      "time": 143.2,
      "active_guide_id": 6
    },
    {
      "time": 143.4,
      "active_guide_id": 9
    },
    {
      "time": 143.5,
      "active_guide_id": 6
    },
    {
      "time": 143.7,
      "active_guide_id": 9
    },
    {
      "time": 143.8,
      "active_guide_id": 7
    },
    {
      "time": 144.1,
      "active_guide_id": 5
    },
    {
      "time": 144.2,
      "active_guide_id": 8
    },
    {
      "time": 144.3,
      "active_guide_id": 5
    },
    {
      "time": 144.4,
      "active_guide_id": 8
    },
    {
      "time": 144.5,
      "active_guide_id": 5
    },
    {
      "time": 144.6,
      "active_guide_id": 8
    },
    {
      "time": 144.7,
      "active_guide_id": 5
    },
    {
      "time": 144.8,
      "active_guide_id": 8
    },
    {
      "time": 144.9,
      "active_guide_id": 5
    },
    {
      "time": 145.0,
      "active_guide_id": 8
    },
    {
      "time": 145.1,
      "active_guide_id": 9
    },
    {
      "time": 145.2,
      "active_guide_id": 8
    },
    {
      "time": 145.3,
      "active_guide_id": 5
    },
    {
      "time": 145.4,
      "active_guide_id": 8
    },
    {
      "time": 145.5,
      "active_guide_id": 7
    },
    {
      "time": 145.6,
      "active_guide_id": 6
    },
    {
      "time": 145.8,
      "active_guide_id": 5
    },
    {
      "time": 146.0,
      "active_guide_id": 8
    },
    {
      "time": 147.1,
      "active_guide_id": 9
    },
    {
      "time": 147.7,
      "active_guide_id": 7
    },
    {
      "time": 147.9,
      "active_guide_id": 9
    },
    {
      "time": 148.5,
      "active_guide_id": 5
    },
    {
      "time": 148.6,
      "active_guide_id": 9
    },
    {
      "time": 148.7,
      "active_guide_id": 7
    },
    {
      "time": 148.8,
      "active_guide_id": 5
    },
    {
      "time": 148.9,
      "active_guide_id": 9
    },
    {
      "time": 149.1,
      "active_guide_id": 8
    },
    {
      "time": 149.4,
      "active_guide_id": 5
    },
    {
      "time": 149.8,
      "active_guide_id": 8
    },
    {
      "time": 149.9,
      "active_guide_id": 6
    },
    {
      "time": 150.0,
      "active_guide_id": 7
    },
    {
      "time": 150.1,
      "active_guide_id": 9
    },
    {
      "time": 154.1,
      "active_guide_id": 6
    },
    {
      "time": 154.2,
      "active_guide_id": 5
    },
    {
      "time": 154.5,
      "active_guide_id": 7
    },
    {
      "time": 154.7,
      "active_guide_id": 5
    },
    {
      "time": 154.9,
      "active_guide_id": 9
    },
    {
      "time": 155.0,
      "active_guide_id": 8
    },
    {
      "time": 155.1,
      "active_guide_id": 9
    },
    {
      "time": 155.2,
      "active_guide_id": 5
    },
    {
      "time": 155.6,
      "active_guide_id": 6
    },
    {
      "time": 156.3,
      "active_guide_id": 8
    },
    {
      "time": 156.6,
      "active_guide_id": 9
    },
    {
      "time": 156.7,
      "active_guide_id": 5
    },
    {
      "time": 156.9,
      "active_guide_id": 9
    },
    {
      "time": 157.0,
      "active_guide_id": 6
    },
    {
      "time": 157.1,
      "active_guide_id": 7
    },
    {
      "time": 157.3,
      "active_guide_id": 5
    },
    {
      "time": 157.4,
      "active_guide_id": 9
    },
    {
      "time": 157.5,
      "active_guide_id": 6
    },
    {
      "time": 157.7,
      "active_guide_id": 9
    },
    {
      "time": 158.0,
      "active_guide_id": 8
    },
    {
      "time": 159.1,
      "active_guide_id": 7
    },
    {
      "time": 159.2,
      "active_guide_id": 6
    },
    {
      "time": 159.3,
      "active_guide_id": 8
    },
    {
      "time": 159.9,
      "active_guide_id": 6
    },
    {
      "time": 160.0,
      "active_guide_id": 8
    },
    {
      "time": 160.2,
      "active_guide_id": 5
    },
    {
      "time": 160.8,
      "active_guide_id": 6
    },
    {
      "time": 161.0,
      "active_guide_id": 5
    },
    {
      "time": 161.2,
      "active_guide_id": 8
    },
    {
      "time": 161.3,
      "active_guide_id": 6
    },
    {
      "time": 161.4,
      "active_guide_id": 9
    },
    {
      "time": 161.5,
      "active_guide_id": 7
    },
    {
      "time": 161.9,
      "active_guide_id": 8
    },
    {
      "time": 162.2,
      "active_guide_id": 9
    },
    {
      "time": 162.5,
      "active_guide_id": 7
    },
    {
      "time": 162.7,
      "active_guide_id": 6
    },
    {
      "time": 163.0,
      "active_guide_id": 8
    },
    {
      "time": 163.1,
      "active_guide_id": 5
    },
    {
      "time": 166.1,
      "active_guide_id": 6
    },
    {
      "time": 166.6,
      "active_guide_id": 7
    },
    {
      "time": 166.9,
      "active_guide_id": 9
    },
    {
      "time": 167.0,
      "active_guide_id": 6
    },
    {
      "time": 167.1,
      "active_guide_id": 5
    },
    {
      "time": 167.2,
      "active_guide_id": 8
    },
    {
      "time": 167.4,
      "active_guide_id": 6
    },
    {
      "time": 167.7,
      "active_guide_id": 5
    },
    {
      "time": 167.8,
      "active_guide_id": 6
    },
    {
      "time": 167.9,
      "active_guide_id": 8
    },
    {
      "time": 168.1,
      "active_guide_id": 7
    },
    {
      "time": 168.3,
      "active_guide_id": 6
    },
    {
      "time": 168.4,
      "active_guide_id": 7
    },
    {
      "time": 168.6,
      "active_guide_id": 6
    },
    {
      "time": 168.8,
      "active_guide_id": 7
    },
    {
      "time": 168.9,
      "active_guide_id": 6
    },
    {
      "time": 169.0,
      "active_guide_id": 9
    },
    {
      "time": 169.2,
      "active_guide_id": 6
    },
    {
      "time": 170.2,
      "active_guide_id": 8
    },
    {
      "time": 170.3,
      "active_guide_id": 6
    },
    {
      "time": 170.5,
      "active_guide_id": 8
    },
    {
      "time": 171.0,
      "active_guide_id": 6
    },
    {
      "time": 171.1,
      "active_guide_id": 8
    },
    {
      "time": 172.1,
      "active_guide_id": 5
    },
    {
      "time": 172.3,
      "active_guide_id": 8
    },
    {
      "time": 172.5,
      "active_guide_id": 4
    },
    {
      "time": 172.8,
      "active_guide_id": 9
    },
    {
      "time": 172.9,
      "active_guide_id": 5
    },
    {
      "time": 173.1,
      "active_guide_id": 4
    },
    {
      "time": 173.5,
      "active_guide_id": 6
    },
    {
      "time": 173.7,
      "active_guide_id": 4
    },
    {
      "time": 174.0,
      "active_guide_id": 9
    },
    {
      "time": 174.2,
      "active_guide_id": 7
    },
    {
      "time": 174.5,
      "active_guide_id": 9
    },
    {
      "time": 174.6,
      "active_guide_id": 4
    },
    {
      "time": 174.8,
      "active_guide_id": 7
    },
    {
      "time": 175.2,
      "active_guide_id": 9
    },
    {
      "time": 175.5,
      "active_guide_id": 4
    },
    {
      "time": 175.9,
      "active_guide_id": 6
    },
    {
      "time": 176.0,
      "active_guide_id": 9
    },
    {
      "time": 176.4,
      "active_guide_id": 6
    },
    {
      "time": 176.7,
      "active_guide_id": 7
    },
    {
      "time": 176.8,
      "active_guide_id": 9
    },
    {
      "time": 176.9,
      "active_guide_id": 6
    },
    {
      "time": 177.2,
      "active_guide_id": 9
    },
    {
      "time": 177.3,
      "active_guide_id": 6
    },
    {
      "time": 177.4,
      "active_guide_id": 4
    },
    {
      "time": 177.6,
      "active_guide_id": 9
    },
    {
      "time": 177.7,
      "active_guide_id": 4
    },
    {
      "time": 177.9,
      "active_guide_id": 7
    },
    {
      "time": 178.0,
      "active_guide_id": 9
    },
    {
      "time": 178.1,
      "active_guide_id": 4
    },
    {
      "time": 178.2,
      "active_guide_id": 6
    },
    {
      "time": 178.3,
      "active_guide_id": 7
    },
    {
      "time": 178.5,
      "active_guide_id": 4
    },
    {
      "time": 178.7,
      "active_guide_id": 7
    },
    {
      "time": 178.8,
      "active_guide_id": 9
    },
    {
      "time": 178.9,
      "active_guide_id": 4
    },
    {
      "time": 179.3,
      "active_guide_id": 9
    },
    {
      "time": 179.5,
      "active_guide_id": 4
    },
    {
      "time": 179.9,
      "active_guide_id": 9
    },
    {
      "time": 180.0,
      "active_guide_id": 6
    },
    {
      "time": 180.1,
      "active_guide_id": 9
    },
    {
      "time": 180.3,
      "active_guide_id": 4
    },
    {
      "time": 180.4,
      "active_guide_id": 9
    },
    {
      "time": 180.5,
      "active_guide_id": 4
    },
    {
      "time": 180.6,
      "active_guide_id": 9
    },
    {
      "time": 180.7,
      "active_guide_id": 6
    },
    {
      "time": 180.8,
      "active_guide_id": 9
    },
    {
      "time": 180.9,
      "active_guide_id": 6
    },
    {
      "time": 181.0,
      "active_guide_id": 9
    },
    {
      "time": 181.2,
      "active_guide_id": 4
    },
    {
      "time": 181.3,
      "active_guide_id": 9
    },
    {
      "time": 181.5,
      "active_guide_id": 4
    },
    {
      "time": 181.6,
      "active_guide_id": 9
    },
    {
      "time": 181.7,
      "active_guide_id": 4
    },
    {
      "time": 181.8,
      "active_guide_id": 9
    },
    {
      "time": 181.9,
      "active_guide_id": 4
    },
    {
      "time": 182.1,
      "active_guide_id": 6
    },
    {
      "time": 182.3,
      "active_guide_id": 7
    },
    {
      "time": 182.5,
      "active_guide_id": 6
    },
    {
      "time": 182.8,
      "active_guide_id": 7
    },
    {
      "time": 182.9,
      "active_guide_id": 6
    },
    {
      "time": 183.0,
      "active_guide_id": 9
    },
    {
      "time": 183.5,
      "active_guide_id": 4
    },
    {
      "time": 183.6,
      "active_guide_id": 9
    },
    {
      "time": 183.7,
      "active_guide_id": 4
    },
    {
      "time": 184.0,
      "active_guide_id": 7
    },
    {
      "time": 184.1,
      "active_guide_id": 4
    },
    {
      "time": 184.2,
      "active_guide_id": 9
    },
    {
      "time": 187.6,
      "active_guide_id": 7
    }
  ],
  "guide_follow_trace": [
    {
      "time": 0.1,
      "active_guide_id": 1,
      "tracked_predator_slot": 0
    },
    {
      "time": 2.8,
      "active_guide_id": 8,
      "tracked_predator_slot": 0
    },
    {
      "time": 3.7,
      "active_guide_id": 1,
      "tracked_predator_slot": 0
    },
    {
      "time": 4.5,
      "active_guide_id": 8,
      "tracked_predator_slot": 0
    },
    {
      "time": 5.4,
      "active_guide_id": 8,
      "tracked_predator_slot": 0
    },
    {
      "time": 5.7,
      "active_guide_id": 1,
      "tracked_predator_slot": 0
    },
    {
      "time": 8.1,
      "active_guide_id": 1,
      "tracked_predator_slot": 0
    },
    {
      "time": 9.6,
      "active_guide_id": 4,
      "tracked_predator_slot": 0
    },
    {
      "time": 10.1,
      "active_guide_id": 1,
      "tracked_predator_slot": 0
    },
    {
      "time": 10.8,
      "active_guide_id": 1,
      "tracked_predator_slot": 0
    },
    {
      "time": 11.1,
      "active_guide_id": 6,
      "tracked_predator_slot": 0
    },
    {
      "time": 11.3,
      "active_guide_id": 1,
      "tracked_predator_slot": 0
    },
    {
      "time": 11.9,
      "active_guide_id": 6,
      "tracked_predator_slot": 0
    },
    {
      "time": 13.0,
      "active_guide_id": 4,
      "tracked_predator_slot": 0
    },
    {
      "time": 13.5,
      "active_guide_id": 2,
      "tracked_predator_slot": 0
    },
    {
      "time": 13.8,
      "active_guide_id": 4,
      "tracked_predator_slot": 0
    },
    {
      "time": 17.5,
      "active_guide_id": 6,
      "tracked_predator_slot": 0
    },
    {
      "time": 18.2,
      "active_guide_id": 6,
      "tracked_predator_slot": 0
    },
    {
      "time": 18.7,
      "active_guide_id": 8,
      "tracked_predator_slot": 0
    },
    {
      "time": 19.8,
      "active_guide_id": 4,
      "tracked_predator_slot": 0
    },
    {
      "time": 20.2,
      "active_guide_id": 8,
      "tracked_predator_slot": 0
    },
    {
      "time": 20.8,
      "active_guide_id": 2,
      "tracked_predator_slot": 0
    },
    {
      "time": 21.9,
      "active_guide_id": 8,
      "tracked_predator_slot": 0
    },
    {
      "time": 22.1,
      "active_guide_id": 1,
      "tracked_predator_slot": 0
    },
    {
      "time": 22.8,
      "active_guide_id": 1,
      "tracked_predator_slot": 0
    },
    {
      "time": 23.3,
      "active_guide_id": 6,
      "tracked_predator_slot": 0
    },
    {
      "time": 24.4,
      "active_guide_id": 6,
      "tracked_predator_slot": 0
    },
    {
      "time": 24.7,
      "active_guide_id": 1,
      "tracked_predator_slot": 0
    },
    {
      "time": 25.3,
      "active_guide_id": 2,
      "tracked_predator_slot": 0
    },
    {
      "time": 25.6,
      "active_guide_id": 8,
      "tracked_predator_slot": 0
    },
    {
      "time": 25.9,
      "active_guide_id": 4,
      "tracked_predator_slot": 0
    },
    {
      "time": 26.2,
      "active_guide_id": 1,
      "tracked_predator_slot": 0
    },
    {
      "time": 26.5,
      "active_guide_id": 4,
      "tracked_predator_slot": 0
    },
    {
      "time": 27.4,
      "active_guide_id": 4,
      "tracked_predator_slot": 0
    },
    {
      "time": 27.6,
      "active_guide_id": 6,
      "tracked_predator_slot": 0
    },
    {
      "time": 27.9,
      "active_guide_id": 8,
      "tracked_predator_slot": 0
    },
    {
      "time": 28.2,
      "active_guide_id": 4,
      "tracked_predator_slot": 0
    },
    {
      "time": 28.4,
      "active_guide_id": 8,
      "tracked_predator_slot": 0
    },
    {
      "time": 31.7,
      "active_guide_id": 4,
      "tracked_predator_slot": 0
    },
    {
      "time": 32.2,
      "active_guide_id": 4,
      "tracked_predator_slot": 0
    },
    {
      "time": 33.2,
      "active_guide_id": 8,
      "tracked_predator_slot": 0
    },
    {
      "time": 39.0,
      "active_guide_id": 4,
      "tracked_predator_slot": 0
    },
    {
      "time": 40.4,
      "active_guide_id": 6,
      "tracked_predator_slot": 0
    },
    {
      "time": 45.8,
      "active_guide_id": 4,
      "tracked_predator_slot": 0
    },
    {
      "time": 46.7,
      "active_guide_id": 6,
      "tracked_predator_slot": 0
    },
    {
      "time": 52.6,
      "active_guide_id": 6,
      "tracked_predator_slot": 0
    },
    {
      "time": 57.6,
      "active_guide_id": 4,
      "tracked_predator_slot": 0
    },
    {
      "time": 58.1,
      "active_guide_id": 6,
      "tracked_predator_slot": 0
    },
    {
      "time": 60.5,
      "active_guide_id": 6,
      "tracked_predator_slot": 0
    },
    {
      "time": 60.8,
      "active_guide_id": 4,
      "tracked_predator_slot": 0
    },
    {
      "time": 63.4,
      "active_guide_id": 6,
      "tracked_predator_slot": 0
    },
    {
      "time": 63.9,
      "active_guide_id": 8,
      "tracked_predator_slot": 0
    },
    {
      "time": 65.0,
      "active_guide_id": 6,
      "tracked_predator_slot": 0
    },
    {
      "time": 65.1,
      "active_guide_id": 8,
      "tracked_predator_slot": 0
    },
    {
      "time": 65.4,
      "active_guide_id": 6,
      "tracked_predator_slot": 0
    },
    {
      "time": 65.7,
      "active_guide_id": 4,
      "tracked_predator_slot": 0
    },
    {
      "time": 66.8,
      "active_guide_id": 8,
      "tracked_predator_slot": 0
    },
    {
      "time": 67.1,
      "active_guide_id": 6,
      "tracked_predator_slot": 0
    },
    {
      "time": 71.0,
      "active_guide_id": 4,
      "tracked_predator_slot": 0
    },
    {
      "time": 71.4,
      "active_guide_id": 6,
      "tracked_predator_slot": 0
    },
    {
      "time": 71.6,
      "active_guide_id": 4,
      "tracked_predator_slot": 0
    },
    {
      "time": 75.9,
      "active_guide_id": 8,
      "tracked_predator_slot": 0
    },
    {
      "time": 77.3,
      "active_guide_id": 6,
      "tracked_predator_slot": 0
    },
    {
      "time": 81.2,
      "active_guide_id": 6,
      "tracked_predator_slot": 0
    },
    {
      "time": 81.5,
      "active_guide_id": 4,
      "tracked_predator_slot": 0
    },
    {
      "time": 82.4,
      "active_guide_id": 4,
      "tracked_predator_slot": 0
    },
    {
      "time": 83.0,
      "active_guide_id": 4,
      "tracked_predator_slot": 0
    },
    {
      "time": 87.2,
      "active_guide_id": 4,
      "tracked_predator_slot": 0
    },
    {
      "time": 88.0,
      "active_guide_id": 8,
      "tracked_predator_slot": 0
    },
    {
      "time": 88.4,
      "active_guide_id": 6,
      "tracked_predator_slot": 0
    },
    {
      "time": 88.8,
      "active_guide_id": 6,
      "tracked_predator_slot": 0
    },
    {
      "time": 89.0,
      "active_guide_id": 8,
      "tracked_predator_slot": 0
    },
    {
      "time": 89.2,
      "active_guide_id": 6,
      "tracked_predator_slot": 0
    },
    {
      "time": 89.6,
      "active_guide_id": 4,
      "tracked_predator_slot": 0
    },
    {
      "time": 90.4,
      "active_guide_id": 6,
      "tracked_predator_slot": 0
    },
    {
      "time": 91.0,
      "active_guide_id": 4,
      "tracked_predator_slot": 0
    },
    {
      "time": 91.9,
      "active_guide_id": 4,
      "tracked_predator_slot": 0
    },
    {
      "time": 92.3,
      "active_guide_id": 4,
      "tracked_predator_slot": 0
    },
    {
      "time": 92.9,
      "active_guide_id": 8,
      "tracked_predator_slot": 0
    },
    {
      "time": 93.1,
      "active_guide_id": 4,
      "tracked_predator_slot": 0
    },
    {
      "time": 94.2,
      "active_guide_id": 6,
      "tracked_predator_slot": 0
    },
    {
      "time": 94.7,
      "active_guide_id": 4,
      "tracked_predator_slot": 0
    },
    {
      "time": 95.1,
      "active_guide_id": 6,
      "tracked_predator_slot": 0
    },
    {
      "time": 95.4,
      "active_guide_id": 6,
      "tracked_predator_slot": 0
    },
    {
      "time": 99.5,
      "active_guide_id": 4,
      "tracked_predator_slot": 0
    },
    {
      "time": 100.6,
      "active_guide_id": 4,
      "tracked_predator_slot": 0
    },
    {
      "time": 101.4,
      "active_guide_id": 8,
      "tracked_predator_slot": 0
    },
    {
      "time": 102.2,
      "active_guide_id": 4,
      "tracked_predator_slot": 0
    },
    {
      "time": 102.7,
      "active_guide_id": 8,
      "tracked_predator_slot": 0
    },
    {
      "time": 103.2,
      "active_guide_id": 6,
      "tracked_predator_slot": 0
    },
    {
      "time": 103.4,
      "active_guide_id": 4,
      "tracked_predator_slot": 0
    },
    {
      "time": 103.7,
      "active_guide_id": 6,
      "tracked_predator_slot": 0
    },
    {
      "time": 104.2,
      "active_guide_id": 6,
      "tracked_predator_slot": 0
    },
    {
      "time": 105.1,
      "active_guide_id": 8,
      "tracked_predator_slot": 0
    },
    {
      "time": 105.3,
      "active_guide_id": 4,
      "tracked_predator_slot": 0
    },
    {
      "time": 105.5,
      "active_guide_id": 6,
      "tracked_predator_slot": 0
    },
    {
      "time": 106.9,
      "active_guide_id": 8,
      "tracked_predator_slot": 0
    },
    {
      "time": 107.3,
      "active_guide_id": 6,
      "tracked_predator_slot": 0
    },
    {
      "time": 107.7,
      "active_guide_id": 8,
      "tracked_predator_slot": 0
    },
    {
      "time": 108.2,
      "active_guide_id": 6,
      "tracked_predator_slot": 0
    },
    {
      "time": 112.4,
      "active_guide_id": 4,
      "tracked_predator_slot": 0
    },
    {
      "time": 118.4,
      "active_guide_id": 8,
      "tracked_predator_slot": 0
    },
    {
      "time": 120.3,
      "active_guide_id": 4,
      "tracked_predator_slot": 0
    },
    {
      "time": 121.0,
      "active_guide_id": 8,
      "tracked_predator_slot": 0
    },
    {
      "time": 121.9,
      "active_guide_id": 6,
      "tracked_predator_slot": 0
    },
    {
      "time": 122.3,
      "active_guide_id": 4,
      "tracked_predator_slot": 0
    },
    {
      "time": 122.7,
      "active_guide_id": 8,
      "tracked_predator_slot": 0
    },
    {
      "time": 127.9,
      "active_guide_id": 8,
      "tracked_predator_slot": 0
    },
    {
      "time": 130.9,
      "active_guide_id": 9,
      "tracked_predator_slot": 0
    },
    {
      "time": 132.4,
      "active_guide_id": 6,
      "tracked_predator_slot": 0
    },
    {
      "time": 132.8,
      "active_guide_id": 9,
      "tracked_predator_slot": 0
    },
    {
      "time": 133.5,
      "active_guide_id": 7,
      "tracked_predator_slot": 0
    },
    {
      "time": 133.9,
      "active_guide_id": 6,
      "tracked_predator_slot": 0
    },
    {
      "time": 134.6,
      "active_guide_id": 6,
      "tracked_predator_slot": 0
    },
    {
      "time": 136.0,
      "active_guide_id": 6,
      "tracked_predator_slot": 0
    },
    {
      "time": 136.4,
      "active_guide_id": 8,
      "tracked_predator_slot": 0
    },
    {
      "time": 136.6,
      "active_guide_id": 6,
      "tracked_predator_slot": 0
    },
    {
      "time": 137.2,
      "active_guide_id": 6,
      "tracked_predator_slot": 0
    },
    {
      "time": 141.6,
      "active_guide_id": 9,
      "tracked_predator_slot": 0
    },
    {
      "time": 142.0,
      "active_guide_id": 7,
      "tracked_predator_slot": 0
    },
    {
      "time": 142.9,
      "active_guide_id": 9,
      "tracked_predator_slot": 0
    },
    {
      "time": 145.5,
      "active_guide_id": 8,
      "tracked_predator_slot": 0
    },
    {
      "time": 145.9,
      "active_guide_id": 5,
      "tracked_predator_slot": 0
    },
    {
      "time": 146.1,
      "active_guide_id": 8,
      "tracked_predator_slot": 0
    },
    {
      "time": 147.2,
      "active_guide_id": 9,
      "tracked_predator_slot": 0
    },
    {
      "time": 148.0,
      "active_guide_id": 9,
      "tracked_predator_slot": 0
    },
    {
      "time": 148.7,
      "active_guide_id": 9,
      "tracked_predator_slot": 0
    },
    {
      "time": 149.0,
      "active_guide_id": 9,
      "tracked_predator_slot": 0
    },
    {
      "time": 149.5,
      "active_guide_id": 5,
      "tracked_predator_slot": 0
    },
    {
      "time": 153.9,
      "active_guide_id": 9,
      "tracked_predator_slot": 0
    },
    {
      "time": 154.6,
      "active_guide_id": 7,
      "tracked_predator_slot": 0
    },
    {
      "time": 155.4,
      "active_guide_id": 5,
      "tracked_predator_slot": 0
    },
    {
      "time": 155.7,
      "active_guide_id": 6,
      "tracked_predator_slot": 0
    },
    {
      "time": 156.4,
      "active_guide_id": 8,
      "tracked_predator_slot": 0
    },
    {
      "time": 156.8,
      "active_guide_id": 5,
      "tracked_predator_slot": 0
    },
    {
      "time": 157.8,
      "active_guide_id": 9,
      "tracked_predator_slot": 0
    },
    {
      "time": 158.2,
      "active_guide_id": 8,
      "tracked_predator_slot": 0
    },
    {
      "time": 159.4,
      "active_guide_id": 8,
      "tracked_predator_slot": 0
    },
    {
      "time": 160.6,
      "active_guide_id": 5,
      "tracked_predator_slot": 0
    },
    {
      "time": 160.9,
      "active_guide_id": 6,
      "tracked_predator_slot": 0
    },
    {
      "time": 161.1,
      "active_guide_id": 5,
      "tracked_predator_slot": 0
    },
    {
      "time": 166.2,
      "active_guide_id": 6,
      "tracked_predator_slot": 0
    },
    {
      "time": 166.8,
      "active_guide_id": 7,
      "tracked_predator_slot": 0
    },
    {
      "time": 167.5,
      "active_guide_id": 6,
      "tracked_predator_slot": 0
    },
    {
      "time": 168.0,
      "active_guide_id": 8,
      "tracked_predator_slot": 0
    },
    {
      "time": 168.5,
      "active_guide_id": 7,
      "tracked_predator_slot": 0
    },
    {
      "time": 168.7,
      "active_guide_id": 6,
      "tracked_predator_slot": 0
    },
    {
      "time": 169.1,
      "active_guide_id": 9,
      "tracked_predator_slot": 0
    },
    {
      "time": 169.3,
      "active_guide_id": 6,
      "tracked_predator_slot": 0
    },
    {
      "time": 170.6,
      "active_guide_id": 8,
      "tracked_predator_slot": 0
    },
    {
      "time": 171.2,
      "active_guide_id": 8,
      "tracked_predator_slot": 0
    },
    {
      "time": 172.6,
      "active_guide_id": 4,
      "tracked_predator_slot": 0
    },
    {
      "time": 173.0,
      "active_guide_id": 5,
      "tracked_predator_slot": 0
    },
    {
      "time": 173.2,
      "active_guide_id": 4,
      "tracked_predator_slot": 0
    },
    {
      "time": 173.8,
      "active_guide_id": 4,
      "tracked_predator_slot": 0
    },
    {
      "time": 174.3,
      "active_guide_id": 7,
      "tracked_predator_slot": 0
    },
    {
      "time": 174.6,
      "active_guide_id": 9,
      "tracked_predator_slot": 0
    },
    {
      "time": 174.9,
      "active_guide_id": 7,
      "tracked_predator_slot": 0
    },
    {
      "time": 175.3,
      "active_guide_id": 9,
      "tracked_predator_slot": 0
    },
    {
      "time": 175.6,
      "active_guide_id": 4,
      "tracked_predator_slot": 0
    }
  ],
  "guide_role": "child",
  "parent_role": "gather_evade",
  "child_role": "guide",
  "active_guide_id_final": 7,
  "active_guide_alive_final": false,
  "guide_role_ids": [
    1,
    2,
    4,
    5,
    6,
    7,
    8,
    9
  ],
  "bait_deployed_at": 0.1,
  "policy_bait_ready_final": false,
  "bait_left_after_deployment": null,
  "final_bait_distance_to_goal": 0.0,
  "first_guide_predator_observation": 0.1,
  "first_predator_following_guide": 0.1,
  "first_predator_following_active_guide": null,
  "tracked_seen_by_guide": 1,
  "tracked_followed_active_guide": 0,
  "physical_entered": 1,
  "guided_delivered": 0,
  "physical_losses_after_delivery": 0,
  "target_losses_after_delivery": 0,
  "physical_entry_times": [
    175.5
  ],
  "guided_delivery_times": [
    null
  ],
  "loss_times": [
    null
  ],
  "target_loss_times": [
    null
  ],
  "tail_seconds": 30.0,
  "tail_physical_min": 1,
  "tail_contained_min": 1,
  "final_distance_from_mouth": [
    11.8708
  ],
  "max_distance_after_delivery": [
    0.0
  ],
  "policy_events": [
    {
      "time": 0.1,
      "kind": "bounded_emergency_reserve_birth",
      "parent_id": 1,
      "request_number": 1,
      "observed_distance": 55.0
    },
    {
      "time": 0.2,
      "kind": "native_backup_registered",
      "agent_id": 2
    },
    {
      "time": 0.2,
      "kind": "bounded_emergency_reserve_birth",
      "parent_id": 1,
      "request_number": 2,
      "observed_distance": 41.3786
    },
    {
      "time": 0.3,
      "kind": "bounded_emergency_reserve_birth",
      "parent_id": 2,
      "request_number": 3,
      "observed_distance": 41.7003
    },
    {
      "time": 0.4,
      "kind": "native_backup_registered",
      "agent_id": 4
    },
    {
      "time": 0.4,
      "kind": "bounded_emergency_reserve_birth",
      "parent_id": 4,
      "request_number": 4,
      "observed_distance": 70.8983
    },
    {
      "time": 0.5,
      "kind": "native_backup_registered",
      "agent_id": 5
    },
    {
      "time": 0.5,
      "kind": "bounded_emergency_reserve_birth",
      "parent_id": 2,
      "request_number": 5,
      "observed_distance": 59.5298
    },
    {
      "time": 0.6,
      "kind": "native_backup_registered",
      "agent_id": 6
    },
    {
      "time": 0.6,
      "kind": "bounded_emergency_reserve_birth",
      "parent_id": 2,
      "request_number": 6,
      "observed_distance": 55.1066
    },
    {
      "time": 0.7,
      "kind": "native_backup_registered",
      "agent_id": 7
    },
    {
      "time": 0.7,
      "kind": "bounded_emergency_reserve_birth",
      "parent_id": 1,
      "request_number": 7,
      "observed_distance": 67.8924
    },
    {
      "time": 0.8,
      "kind": "native_backup_registered",
      "agent_id": 8
    },
    {
      "time": 0.8,
      "kind": "bounded_emergency_reserve_birth",
      "parent_id": 1,
      "request_number": 8,
      "observed_distance": 67.1488
    },
    {
      "time": 0.9,
      "kind": "native_backup_registered",
      "agent_id": 9
    },
    {
      "time": 2.7,
      "kind": "public_dto_active_guide",
      "agent_id": 8,
      "reason": "minimum_observed_predator_distance_hysteresis"
    },
    {
      "time": 3.6,
      "kind": "public_dto_active_guide",
      "agent_id": 1,
      "reason": "minimum_observed_predator_distance_hysteresis"
    },
    {
      "time": 4.0,
      "kind": "public_dto_active_guide",
      "agent_id": 2,
      "reason": "minimum_observed_predator_distance_hysteresis"
    },
    {
      "time": 4.1,
      "kind": "public_dto_active_guide",
      "agent_id": 8,
      "reason": "minimum_observed_predator_distance_hysteresis"
    },
    {
      "time": 4.9,
      "kind": "public_dto_active_guide",
      "agent_id": 1,
      "reason": "minimum_observed_predator_distance_hysteresis"
    },
    {
      "time": 5.1,
      "kind": "public_dto_active_guide",
      "agent_id": 8,
      "reason": "minimum_observed_predator_distance_hysteresis"
    },
    {
      "time": 5.2,
      "kind": "public_dto_active_guide",
      "agent_id": 1,
      "reason": "minimum_observed_predator_distance_hysteresis"
    },
    {
      "time": 5.3,
      "kind": "public_dto_active_guide",
      "agent_id": 8,
      "reason": "minimum_observed_predator_distance_hysteresis"
    },
    {
      "time": 5.5,
      "kind": "public_dto_active_guide",
      "agent_id": 2,
      "reason": "minimum_observed_predator_distance_hysteresis"
    },
    {
      "time": 5.6,
      "kind": "public_dto_active_guide",
      "agent_id": 1,
      "reason": "minimum_observed_predator_distance_hysteresis"
    },
    {
      "time": 7.8,
      "kind": "public_dto_active_guide",
      "agent_id": 4,
      "reason": "minimum_observed_predator_distance_hysteresis"
    },
    {
      "time": 7.9,
      "kind": "public_dto_active_guide",
      "agent_id": 1,
      "reason": "minimum_observed_predator_distance_hysteresis"
    },
    {
      "time": 9.5,
      "kind": "public_dto_active_guide",
      "agent_id": 4,
      "reason": "minimum_observed_predator_distance_hysteresis"
    },
    {
      "time": 9.8,
      "kind": "public_dto_active_guide",
      "agent_id": 1,
      "reason": "minimum_observed_predator_distance_hysteresis"
    },
    {
      "time": 9.9,
      "kind": "public_dto_active_guide",
      "agent_id": 4,
      "reason": "minimum_observed_predator_distance_hysteresis"
    },
    {
      "time": 10.0,
      "kind": "public_dto_active_guide",
      "agent_id": 1,
      "reason": "minimum_observed_predator_distance_hysteresis"
    },
    {
      "time": 10.4,
      "kind": "public_dto_active_guide",
      "agent_id": 4,
      "reason": "minimum_observed_predator_distance_hysteresis"
    },
    {
      "time": 10.5,
      "kind": "public_dto_active_guide",
      "agent_id": 1,
      "reason": "minimum_observed_predator_distance_hysteresis"
    },
    {
      "time": 10.9,
      "kind": "public_dto_active_guide",
      "agent_id": 8,
      "reason": "minimum_observed_predator_distance_hysteresis"
    },
    {
      "time": 11.0,
      "kind": "public_dto_active_guide",
      "agent_id": 6,
      "reason": "minimum_observed_predator_distance_hysteresis"
    },
    {
      "time": 11.2,
      "kind": "public_dto_active_guide",
      "agent_id": 1,
      "reason": "minimum_observed_predator_distance_hysteresis"
    },
    {
      "time": 11.7,
      "kind": "public_dto_active_guide",
      "agent_id": 6,
      "reason": "minimum_observed_predator_distance_hysteresis"
    },
    {
      "time": 12.2,
      "kind": "public_dto_active_guide",
      "agent_id": 4,
      "reason": "minimum_observed_predator_distance_hysteresis"
    },
    {
      "time": 12.3,
      "kind": "public_dto_active_guide",
      "agent_id": 1,
      "reason": "minimum_observed_predator_distance_hysteresis"
    },
    {
      "time": 12.4,
      "kind": "public_dto_active_guide",
      "agent_id": 4,
      "reason": "minimum_observed_predator_distance_hysteresis"
    },
    {
      "time": 13.4,
      "kind": "public_dto_active_guide",
      "agent_id": 2,
      "reason": "minimum_observed_predator_distance_hysteresis"
    },
    {
      "time": 13.5,
      "kind": "public_dto_active_guide",
      "agent_id": 4,
      "reason": "minimum_observed_predator_distance_hysteresis"
    },
    {
      "time": 14.0,
      "kind": "public_dto_active_guide",
      "agent_id": 6,
      "reason": "minimum_observed_predator_distance_hysteresis"
    },
    {
      "time": 14.1,
      "kind": "public_dto_active_guide",
      "agent_id": 4,
      "reason": "minimum_observed_predator_distance_hysteresis"
    },
    {
      "time": 14.4,
      "kind": "public_dto_active_guide",
      "agent_id": 2,
      "reason": "minimum_observed_predator_distance_hysteresis"
    },
    {
      "time": 14.5,
      "kind": "public_dto_active_guide",
      "agent_id": 6,
      "reason": "minimum_observed_predator_distance_hysteresis"
    },
    {
      "time": 17.9,
      "kind": "public_dto_active_guide",
      "agent_id": 1,
      "reason": "minimum_observed_predator_distance_hysteresis"
    },
    {
      "time": 18.0,
      "kind": "public_dto_active_guide",
      "agent_id": 6,
      "reason": "minimum_observed_predator_distance_hysteresis"
    },
    {
      "time": 18.4,
      "kind": "public_dto_active_guide",
      "agent_id": 8,
      "reason": "minimum_observed_predator_distance_hysteresis"
    },
    {
      "time": 18.5,
      "kind": "public_dto_active_guide",
      "agent_id": 2,
      "reason": "minimum_observed_predator_distance_hysteresis"
    },
    {
      "time": 18.6,
      "kind": "public_dto_active_guide",
      "agent_id": 8,
      "reason": "minimum_observed_predator_distance_hysteresis"
    },
    {
      "time": 18.9,
      "kind": "public_dto_active_guide",
      "agent_id": 4,
      "reason": "minimum_observed_predator_distance_hysteresis"
    },
    {
      "time": 19.1,
      "kind": "public_dto_active_guide",
      "agent_id": 2,
      "reason": "minimum_observed_predator_distance_hysteresis"
    },
    {
      "time": 19.6,
      "kind": "public_dto_active_guide",
      "agent_id": 4,
      "reason": "minimum_observed_predator_distance_hysteresis"
    },
    {
      "time": 20.1,
      "kind": "public_dto_active_guide",
      "agent_id": 8,
      "reason": "minimum_observed_predator_distance_hysteresis"
    },
    {
      "time": 20.3,
      "kind": "public_dto_active_guide",
      "agent_id": 1,
      "reason": "minimum_observed_predator_distance_hysteresis"
    },
    {
      "time": 20.5,
      "kind": "public_dto_active_guide",
      "agent_id": 4,
      "reason": "minimum_observed_predator_distance_hysteresis"
    },
    {
      "time": 20.7,
      "kind": "public_dto_active_guide",
      "agent_id": 2,
      "reason": "minimum_observed_predator_distance_hysteresis"
    },
    {
      "time": 21.2,
      "kind": "public_dto_active_guide",
      "agent_id": 6,
      "reason": "minimum_observed_predator_distance_hysteresis"
    },
    {
      "time": 21.4,
      "kind": "public_dto_active_guide",
      "agent_id": 8,
      "reason": "minimum_observed_predator_distance_hysteresis"
    },
    {
      "time": 21.5,
      "kind": "public_dto_active_guide",
      "agent_id": 2,
      "reason": "minimum_observed_predator_distance_hysteresis"
    },
    {
      "time": 21.6,
      "kind": "public_dto_active_guide",
      "agent_id": 6,
      "reason": "minimum_observed_predator_distance_hysteresis"
    },
    {
      "time": 21.7,
      "kind": "public_dto_active_guide",
      "agent_id": 8,
      "reason": "minimum_observed_predator_distance_hysteresis"
    },
    {
      "time": 22.0,
      "kind": "public_dto_active_guide",
      "agent_id": 1,
      "reason": "minimum_observed_predator_distance_hysteresis"
    },
    {
      "time": 22.5,
      "kind": "public_dto_active_guide",
      "agent_id": 8,
      "reason": "minimum_observed_predator_distance_hysteresis"
    },
    {
      "time": 22.6,
      "kind": "public_dto_active_guide",
      "agent_id": 1,
      "reason": "minimum_observed_predator_distance_hysteresis"
    },
    {
      "time": 22.9,
      "kind": "public_dto_active_guide",
      "agent_id": 8,
      "reason": "minimum_observed_predator_distance_hysteresis"
    },
    {
      "time": 23.2,
      "kind": "public_dto_active_guide",
      "agent_id": 6,
      "reason": "minimum_observed_predator_distance_hysteresis"
    },
    {
      "time": 24.2,
      "kind": "public_dto_active_guide",
      "agent_id": 4,
      "reason": "minimum_observed_predator_distance_hysteresis"
    },
    {
      "time": 24.3,
      "kind": "public_dto_active_guide",
      "agent_id": 6,
      "reason": "minimum_observed_predator_distance_hysteresis"
    },
    {
      "time": 24.6,
      "kind": "public_dto_active_guide",
      "agent_id": 1,
      "reason": "minimum_observed_predator_distance_hysteresis"
    },
    {
      "time": 25.2,
      "kind": "public_dto_active_guide",
      "agent_id": 2,
      "reason": "minimum_observed_predator_distance_hysteresis"
    },
    {
      "time": 25.3,
      "kind": "public_dto_active_guide",
      "agent_id": 4,
      "reason": "minimum_observed_predator_distance_hysteresis"
    },
    {
      "time": 25.4,
      "kind": "public_dto_active_guide",
      "agent_id": 6,
      "reason": "minimum_observed_predator_distance_hysteresis"
    },
    {
      "time": 25.5,
      "kind": "public_dto_active_guide",
      "agent_id": 8,
      "reason": "minimum_observed_predator_distance_hysteresis"
    },
    {
      "time": 25.8,
      "kind": "public_dto_active_guide",
      "agent_id": 4,
      "reason": "minimum_observed_predator_distance_hysteresis"
    },
    {
      "time": 25.9,
      "kind": "public_dto_active_guide",
      "agent_id": 1,
      "reason": "minimum_observed_predator_distance_hysteresis"
    },
    {
      "time": 26.0,
      "kind": "public_dto_active_guide",
      "agent_id": 6,
      "reason": "minimum_observed_predator_distance_hysteresis"
    },
    {
      "time": 26.1,
      "kind": "public_dto_active_guide",
      "agent_id": 1,
      "reason": "minimum_observed_predator_distance_hysteresis"
    },
    {
      "time": 26.3,
      "kind": "public_dto_active_guide",
      "agent_id": 8,
      "reason": "minimum_observed_predator_distance_hysteresis"
    },
    {
      "time": 26.4,
      "kind": "public_dto_active_guide",
      "agent_id": 4,
      "reason": "minimum_observed_predator_distance_hysteresis"
    },
    {
      "time": 26.6,
      "kind": "public_dto_active_guide",
      "agent_id": 6,
      "reason": "minimum_observed_predator_distance_hysteresis"
    },
    {
      "time": 26.9,
      "kind": "public_dto_active_guide",
      "agent_id": 8,
      "reason": "minimum_observed_predator_distance_hysteresis"
    },
    {
      "time": 27.1,
      "kind": "public_dto_active_guide",
      "agent_id": 4,
      "reason": "minimum_observed_predator_distance_hysteresis"
    },
    {
      "time": 27.2,
      "kind": "public_dto_active_guide",
      "agent_id": 8,
      "reason": "minimum_observed_predator_distance_hysteresis"
    },
    {
      "time": 27.3,
      "kind": "public_dto_active_guide",
      "agent_id": 4,
      "reason": "minimum_observed_predator_distance_hysteresis"
    },
    {
      "time": 27.5,
      "kind": "public_dto_active_guide",
      "agent_id": 6,
      "reason": "minimum_observed_predator_distance_hysteresis"
    },
    {
      "time": 27.8,
      "kind": "public_dto_active_guide",
      "agent_id": 8,
      "reason": "minimum_observed_predator_distance_hysteresis"
    },
    {
      "time": 28.1,
      "kind": "public_dto_active_guide",
      "agent_id": 4,
      "reason": "minimum_observed_predator_distance_hysteresis"
    },
    {
      "time": 28.3,
      "kind": "public_dto_active_guide",
      "agent_id": 8,
      "reason": "minimum_observed_predator_distance_hysteresis"
    },
    {
      "time": 29.7,
      "kind": "public_dto_active_guide",
      "agent_id": 6,
      "reason": "minimum_observed_predator_distance_hysteresis"
    },
    {
      "time": 30.1,
      "kind": "public_dto_active_guide",
      "agent_id": 8,
      "reason": "minimum_observed_predator_distance_hysteresis"
    },
    {
      "time": 31.0,
      "kind": "public_dto_active_guide",
      "agent_id": 6,
      "reason": "minimum_observed_predator_distance_hysteresis"
    },
    {
      "time": 31.1,
      "kind": "public_dto_active_guide",
      "agent_id": 8,
      "reason": "minimum_observed_predator_distance_hysteresis"
    },
    {
      "time": 31.2,
      "kind": "public_dto_active_guide",
      "agent_id": 6,
      "reason": "minimum_observed_predator_distance_hysteresis"
    },
    {
      "time": 31.3,
      "kind": "public_dto_active_guide",
      "agent_id": 4,
      "reason": "minimum_observed_predator_distance_hysteresis"
    },
    {
      "time": 31.8,
      "kind": "public_dto_active_guide",
      "agent_id": 8,
      "reason": "minimum_observed_predator_distance_hysteresis"
    },
    {
      "time": 31.9,
      "kind": "public_dto_active_guide",
      "agent_id": 6,
      "reason": "minimum_observed_predator_distance_hysteresis"
    },
    {
      "time": 32.0,
      "kind": "public_dto_active_guide",
      "agent_id": 4,
      "reason": "minimum_observed_predator_distance_hysteresis"
    },
    {
      "time": 32.4,
      "kind": "public_dto_active_guide",
      "agent_id": 8,
      "reason": "minimum_observed_predator_distance_hysteresis"
    },
    {
      "time": 33.3,
      "kind": "public_dto_active_guide",
      "agent_id": 4,
      "reason": "minimum_observed_predator_distance_hysteresis"
    },
    {
      "time": 34.1,
      "kind": "public_dto_active_guide",
      "agent_id": 8,
      "reason": "minimum_observed_predator_distance_hysteresis"
    },
    {
      "time": 34.2,
      "kind": "public_dto_active_guide",
      "agent_id": 4,
      "reason": "minimum_observed_predator_distance_hysteresis"
    },
    {
      "time": 39.9,
      "kind": "public_dto_active_guide",
      "agent_id": 6,
      "reason": "minimum_observed_predator_distance_hysteresis"
    },
    {
      "time": 40.0,
      "kind": "public_dto_active_guide",
      "agent_id": 4,
      "reason": "minimum_observed_predator_distance_hysteresis"
    },
    {
      "time": 40.1,
      "kind": "public_dto_active_guide",
      "agent_id": 6,
      "reason": "minimum_observed_predator_distance_hysteresis"
    },
    {
      "time": 45.5,
      "kind": "public_dto_active_guide",
      "agent_id": 4,
      "reason": "minimum_observed_predator_distance_hysteresis"
    },
    {
      "time": 45.6,
      "kind": "public_dto_active_guide",
      "agent_id": 6,
      "reason": "minimum_observed_predator_distance_hysteresis"
    },
    {
      "time": 45.7,
      "kind": "public_dto_active_guide",
      "agent_id": 4,
      "reason": "minimum_observed_predator_distance_hysteresis"
    },
    {
      "time": 46.6,
      "kind": "public_dto_active_guide",
      "agent_id": 6,
      "reason": "minimum_observed_predator_distance_hysteresis"
    },
    {
      "time": 50.5,
      "kind": "public_dto_active_guide",
      "agent_id": 8,
      "reason": "minimum_observed_predator_distance_hysteresis"
    },
    {
      "time": 51.1,
      "kind": "public_dto_active_guide",
      "agent_id": 6,
      "reason": "minimum_observed_predator_distance_hysteresis"
    },
    {
      "time": 51.4,
      "kind": "public_dto_active_guide",
      "agent_id": 4,
      "reason": "minimum_observed_predator_distance_hysteresis"
    },
    {
      "time": 51.9,
      "kind": "public_dto_active_guide",
      "agent_id": 6,
      "reason": "minimum_observed_predator_distance_hysteresis"
    },
    {
      "time": 57.5,
      "kind": "public_dto_active_guide",
      "agent_id": 4,
      "reason": "minimum_observed_predator_distance_hysteresis"
    },
    {
      "time": 57.8,
      "kind": "public_dto_active_guide",
      "agent_id": 6,
      "reason": "minimum_observed_predator_distance_hysteresis"
    },
    {
      "time": 58.4,
      "kind": "public_dto_active_guide",
      "agent_id": 4,
      "reason": "minimum_observed_predator_distance_hysteresis"
    },
    {
      "time": 58.6,
      "kind": "public_dto_active_guide",
      "agent_id": 6,
      "reason": "minimum_observed_predator_distance_hysteresis"
    },
    {
      "time": 60.7,
      "kind": "public_dto_active_guide",
      "agent_id": 4,
      "reason": "minimum_observed_predator_distance_hysteresis"
    },
    {
      "time": 63.2,
      "kind": "public_dto_active_guide",
      "agent_id": 8,
      "reason": "minimum_observed_predator_distance_hysteresis"
    },
    {
      "time": 63.3,
      "kind": "public_dto_active_guide",
      "agent_id": 6,
      "reason": "minimum_observed_predator_distance_hysteresis"
    },
    {
      "time": 63.8,
      "kind": "public_dto_active_guide",
      "agent_id": 8,
      "reason": "minimum_observed_predator_distance_hysteresis"
    },
    {
      "time": 64.9,
      "kind": "public_dto_active_guide",
      "agent_id": 6,
      "reason": "minimum_observed_predator_distance_hysteresis"
    },
    {
      "time": 65.0,
      "kind": "public_dto_active_guide",
      "agent_id": 8,
      "reason": "minimum_observed_predator_distance_hysteresis"
    },
    {
      "time": 65.2,
      "kind": "public_dto_active_guide",
      "agent_id": 6,
      "reason": "minimum_observed_predator_distance_hysteresis"
    },
    {
      "time": 65.6,
      "kind": "public_dto_active_guide",
      "agent_id": 4,
      "reason": "minimum_observed_predator_distance_hysteresis"
    },
    {
      "time": 66.7,
      "kind": "public_dto_active_guide",
      "agent_id": 8,
      "reason": "minimum_observed_predator_distance_hysteresis"
    },
    {
      "time": 67.0,
      "kind": "public_dto_active_guide",
      "agent_id": 6,
      "reason": "minimum_observed_predator_distance_hysteresis"
    },
    {
      "time": 67.5,
      "kind": "public_dto_active_guide",
      "agent_id": 8,
      "reason": "minimum_observed_predator_distance_hysteresis"
    },
    {
      "time": 67.6,
      "kind": "public_dto_active_guide",
      "agent_id": 4,
      "reason": "minimum_observed_predator_distance_hysteresis"
    },
    {
      "time": 71.2,
      "kind": "public_dto_active_guide",
      "agent_id": 6,
      "reason": "minimum_observed_predator_distance_hysteresis"
    },
    {
      "time": 71.5,
      "kind": "public_dto_active_guide",
      "agent_id": 4,
      "reason": "minimum_observed_predator_distance_hysteresis"
    },
    {
      "time": 71.7,
      "kind": "public_dto_active_guide",
      "agent_id": 8,
      "reason": "minimum_observed_predator_distance_hysteresis"
    },
    {
      "time": 71.8,
      "kind": "public_dto_active_guide",
      "agent_id": 4,
      "reason": "minimum_observed_predator_distance_hysteresis"
    },
    {
      "time": 72.5,
      "kind": "public_dto_active_guide",
      "agent_id": 8,
      "reason": "minimum_observed_predator_distance_hysteresis"
    },
    {
      "time": 77.1,
      "kind": "public_dto_active_guide",
      "agent_id": 6,
      "reason": "minimum_observed_predator_distance_hysteresis"
    },
    {
      "time": 79.6,
      "kind": "public_dto_active_guide",
      "agent_id": 8,
      "reason": "minimum_observed_predator_distance_hysteresis"
    },
    {
      "time": 79.7,
      "kind": "public_dto_active_guide",
      "agent_id": 6,
      "reason": "minimum_observed_predator_distance_hysteresis"
    },
    {
      "time": 79.8,
      "kind": "public_dto_active_guide",
      "agent_id": 8,
      "reason": "minimum_observed_predator_distance_hysteresis"
    },
    {
      "time": 79.9,
      "kind": "public_dto_active_guide",
      "agent_id": 6,
      "reason": "minimum_observed_predator_distance_hysteresis"
    },
    {
      "time": 80.0,
      "kind": "public_dto_active_guide",
      "agent_id": 8,
      "reason": "minimum_observed_predator_distance_hysteresis"
    },
    {
      "time": 80.1,
      "kind": "public_dto_active_guide",
      "agent_id": 6,
      "reason": "minimum_observed_predator_distance_hysteresis"
    },
    {
      "time": 80.2,
      "kind": "public_dto_active_guide",
      "agent_id": 8,
      "reason": "minimum_observed_predator_distance_hysteresis"
    },
    {
      "time": 80.3,
      "kind": "public_dto_active_guide",
      "agent_id": 6,
      "reason": "minimum_observed_predator_distance_hysteresis"
    },
    {
      "time": 80.4,
      "kind": "public_dto_active_guide",
      "agent_id": 8,
      "reason": "minimum_observed_predator_distance_hysteresis"
    },
    {
      "time": 80.5,
      "kind": "public_dto_active_guide",
      "agent_id": 6,
      "reason": "minimum_observed_predator_distance_hysteresis"
    },
    {
      "time": 80.6,
      "kind": "public_dto_active_guide",
      "agent_id": 8,
      "reason": "minimum_observed_predator_distance_hysteresis"
    },
    {
      "time": 80.7,
      "kind": "public_dto_active_guide",
      "agent_id": 6,
      "reason": "minimum_observed_predator_distance_hysteresis"
    },
    {
      "time": 80.8,
      "kind": "public_dto_active_guide",
      "agent_id": 8,
      "reason": "minimum_observed_predator_distance_hysteresis"
    },
    {
      "time": 80.9,
      "kind": "public_dto_active_guide",
      "agent_id": 6,
      "reason": "minimum_observed_predator_distance_hysteresis"
    },
    {
      "time": 81.0,
      "kind": "public_dto_active_guide",
      "agent_id": 8,
      "reason": "minimum_observed_predator_distance_hysteresis"
    },
    {
      "time": 81.1,
      "kind": "public_dto_active_guide",
      "agent_id": 6,
      "reason": "minimum_observed_predator_distance_hysteresis"
    },
    {
      "time": 81.4,
      "kind": "public_dto_active_guide",
      "agent_id": 4,
      "reason": "minimum_observed_predator_distance_hysteresis"
    },
    {
      "time": 82.1,
      "kind": "public_dto_active_guide",
      "agent_id": 6,
      "reason": "minimum_observed_predator_distance_hysteresis"
    },
    {
      "time": 82.3,
      "kind": "public_dto_active_guide",
      "agent_id": 4,
      "reason": "minimum_observed_predator_distance_hysteresis"
    },
    {
      "time": 82.6,
      "kind": "public_dto_active_guide",
      "agent_id": 6,
      "reason": "minimum_observed_predator_distance_hysteresis"
    },
    {
      "time": 82.9,
      "kind": "public_dto_active_guide",
      "agent_id": 4,
      "reason": "minimum_observed_predator_distance_hysteresis"
    },
    {
      "time": 83.1,
      "kind": "public_dto_active_guide",
      "agent_id": 6,
      "reason": "minimum_observed_predator_distance_hysteresis"
    },
    {
      "time": 83.2,
      "kind": "public_dto_active_guide",
      "agent_id": 4,
      "reason": "minimum_observed_predator_distance_hysteresis"
    },
    {
      "time": 83.3,
      "kind": "public_dto_active_guide",
      "agent_id": 6,
      "reason": "minimum_observed_predator_distance_hysteresis"
    },
    {
      "time": 83.7,
      "kind": "public_dto_active_guide",
      "agent_id": 8,
      "reason": "minimum_observed_predator_distance_hysteresis"
    },
    {
      "time": 83.9,
      "kind": "public_dto_active_guide",
      "agent_id": 6,
      "reason": "minimum_observed_predator_distance_hysteresis"
    },
    {
      "time": 84.2,
      "kind": "public_dto_active_guide",
      "agent_id": 8,
      "reason": "minimum_observed_predator_distance_hysteresis"
    },
    {
      "time": 84.5,
      "kind": "public_dto_active_guide",
      "agent_id": 6,
      "reason": "minimum_observed_predator_distance_hysteresis"
    },
    {
      "time": 84.8,
      "kind": "public_dto_active_guide",
      "agent_id": 8,
      "reason": "minimum_observed_predator_distance_hysteresis"
    },
    {
      "time": 87.1,
      "kind": "public_dto_active_guide",
      "agent_id": 4,
      "reason": "minimum_observed_predator_distance_hysteresis"
    },
    {
      "time": 87.5,
      "kind": "public_dto_active_guide",
      "agent_id": 8,
      "reason": "minimum_observed_predator_distance_hysteresis"
    },
    {
      "time": 88.1,
      "kind": "public_dto_active_guide",
      "agent_id": 6,
      "reason": "minimum_observed_predator_distance_hysteresis"
    },
    {
      "time": 88.6,
      "kind": "public_dto_active_guide",
      "agent_id": 8,
      "reason": "minimum_observed_predator_distance_hysteresis"
    },
    {
      "time": 88.7,
      "kind": "public_dto_active_guide",
      "agent_id": 6,
      "reason": "minimum_observed_predator_distance_hysteresis"
    },
    {
      "time": 88.9,
      "kind": "public_dto_active_guide",
      "agent_id": 8,
      "reason": "minimum_observed_predator_distance_hysteresis"
    },
    {
      "time": 89.0,
      "kind": "public_dto_active_guide",
      "agent_id": 6,
      "reason": "minimum_observed_predator_distance_hysteresis"
    },
    {
      "time": 89.4,
      "kind": "public_dto_active_guide",
      "agent_id": 8,
      "reason": "minimum_observed_predator_distance_hysteresis"
    },
    {
      "time": 89.5,
      "kind": "public_dto_active_guide",
      "agent_id": 4,
      "reason": "minimum_observed_predator_distance_hysteresis"
    },
    {
      "time": 90.1,
      "kind": "public_dto_active_guide",
      "agent_id": 8,
      "reason": "minimum_observed_predator_distance_hysteresis"
    },
    {
      "time": 90.3,
      "kind": "public_dto_active_guide",
      "agent_id": 6,
      "reason": "minimum_observed_predator_distance_hysteresis"
    },
    {
      "time": 90.6,
      "kind": "public_dto_active_guide",
      "agent_id": 8,
      "reason": "minimum_observed_predator_distance_hysteresis"
    },
    {
      "time": 90.9,
      "kind": "public_dto_active_guide",
      "agent_id": 4,
      "reason": "minimum_observed_predator_distance_hysteresis"
    },
    {
      "time": 91.2,
      "kind": "public_dto_active_guide",
      "agent_id": 8,
      "reason": "minimum_observed_predator_distance_hysteresis"
    },
    {
      "time": 91.8,
      "kind": "public_dto_active_guide",
      "agent_id": 4,
      "reason": "minimum_observed_predator_distance_hysteresis"
    },
    {
      "time": 92.1,
      "kind": "public_dto_active_guide",
      "agent_id": 6,
      "reason": "minimum_observed_predator_distance_hysteresis"
    },
    {
      "time": 92.2,
      "kind": "public_dto_active_guide",
      "agent_id": 4,
      "reason": "minimum_observed_predator_distance_hysteresis"
    },
    {
      "time": 92.5,
      "kind": "public_dto_active_guide",
      "agent_id": 6,
      "reason": "minimum_observed_predator_distance_hysteresis"
    },
    {
      "time": 92.8,
      "kind": "public_dto_active_guide",
      "agent_id": 8,
      "reason": "minimum_observed_predator_distance_hysteresis"
    },
    {
      "time": 93.0,
      "kind": "public_dto_active_guide",
      "agent_id": 4,
      "reason": "minimum_observed_predator_distance_hysteresis"
    },
    {
      "time": 94.1,
      "kind": "public_dto_active_guide",
      "agent_id": 6,
      "reason": "minimum_observed_predator_distance_hysteresis"
    },
    {
      "time": 94.4,
      "kind": "public_dto_active_guide",
      "agent_id": 4,
      "reason": "minimum_observed_predator_distance_hysteresis"
    },
    {
      "time": 95.0,
      "kind": "public_dto_active_guide",
      "agent_id": 6,
      "reason": "minimum_observed_predator_distance_hysteresis"
    },
    {
      "time": 95.2,
      "kind": "public_dto_active_guide",
      "agent_id": 4,
      "reason": "minimum_observed_predator_distance_hysteresis"
    },
    {
      "time": 95.3,
      "kind": "public_dto_active_guide",
      "agent_id": 6,
      "reason": "minimum_observed_predator_distance_hysteresis"
    },
    {
      "time": 96.0,
      "kind": "public_dto_active_guide",
      "agent_id": 4,
      "reason": "minimum_observed_predator_distance_hysteresis"
    },
    {
      "time": 99.9,
      "kind": "public_dto_active_guide",
      "agent_id": 8,
      "reason": "minimum_observed_predator_distance_hysteresis"
    },
    {
      "time": 100.0,
      "kind": "public_dto_active_guide",
      "agent_id": 6,
      "reason": "minimum_observed_predator_distance_hysteresis"
    },
    {
      "time": 100.2,
      "kind": "public_dto_active_guide",
      "agent_id": 4,
      "reason": "minimum_observed_predator_distance_hysteresis"
    },
    {
      "time": 101.3,
      "kind": "public_dto_active_guide",
      "agent_id": 8,
      "reason": "minimum_observed_predator_distance_hysteresis"
    },
    {
      "time": 102.1,
      "kind": "public_dto_active_guide",
      "agent_id": 4,
      "reason": "minimum_observed_predator_distance_hysteresis"
    },
    {
      "time": 102.6,
      "kind": "public_dto_active_guide",
      "agent_id": 8,
      "reason": "minimum_observed_predator_distance_hysteresis"
    },
    {
      "time": 103.1,
      "kind": "public_dto_active_guide",
      "agent_id": 6,
      "reason": "minimum_observed_predator_distance_hysteresis"
    },
    {
      "time": 103.3,
      "kind": "public_dto_active_guide",
      "agent_id": 4,
      "reason": "minimum_observed_predator_distance_hysteresis"
    },
    {
      "time": 103.5,
      "kind": "public_dto_active_guide",
      "agent_id": 6,
      "reason": "minimum_observed_predator_distance_hysteresis"
    },
    {
      "time": 103.9,
      "kind": "public_dto_active_guide",
      "agent_id": 4,
      "reason": "minimum_observed_predator_distance_hysteresis"
    },
    {
      "time": 104.1,
      "kind": "public_dto_active_guide",
      "agent_id": 6,
      "reason": "minimum_observed_predator_distance_hysteresis"
    },
    {
      "time": 105.0,
      "kind": "public_dto_active_guide",
      "agent_id": 8,
      "reason": "minimum_observed_predator_distance_hysteresis"
    },
    {
      "time": 105.2,
      "kind": "public_dto_active_guide",
      "agent_id": 4,
      "reason": "minimum_observed_predator_distance_hysteresis"
    },
    {
      "time": 105.4,
      "kind": "public_dto_active_guide",
      "agent_id": 6,
      "reason": "minimum_observed_predator_distance_hysteresis"
    },
    {
      "time": 106.6,
      "kind": "public_dto_active_guide",
      "agent_id": 8,
      "reason": "minimum_observed_predator_distance_hysteresis"
    },
    {
      "time": 107.0,
      "kind": "public_dto_active_guide",
      "agent_id": 6,
      "reason": "minimum_observed_predator_distance_hysteresis"
    },
    {
      "time": 107.6,
      "kind": "public_dto_active_guide",
      "agent_id": 8,
      "reason": "minimum_observed_predator_distance_hysteresis"
    },
    {
      "time": 108.1,
      "kind": "public_dto_active_guide",
      "agent_id": 6,
      "reason": "minimum_observed_predator_distance_hysteresis"
    },
    {
      "time": 108.8,
      "kind": "public_dto_active_guide",
      "agent_id": 4,
      "reason": "minimum_observed_predator_distance_hysteresis"
    },
    {
      "time": 114.6,
      "kind": "public_dto_active_guide",
      "agent_id": 8,
      "reason": "minimum_observed_predator_distance_hysteresis"
    },
    {
      "time": 120.2,
      "kind": "public_dto_active_guide",
      "agent_id": 4,
      "reason": "minimum_observed_predator_distance_hysteresis"
    },
    {
      "time": 120.9,
      "kind": "public_dto_active_guide",
      "agent_id": 8,
      "reason": "minimum_observed_predator_distance_hysteresis"
    },
    {
      "time": 121.8,
      "kind": "public_dto_active_guide",
      "agent_id": 6,
      "reason": "minimum_observed_predator_distance_hysteresis"
    },
    {
      "time": 122.1,
      "kind": "public_dto_active_guide",
      "agent_id": 8,
      "reason": "minimum_observed_predator_distance_hysteresis"
    },
    {
      "time": 122.2,
      "kind": "public_dto_active_guide",
      "agent_id": 4,
      "reason": "minimum_observed_predator_distance_hysteresis"
    },
    {
      "time": 122.6,
      "kind": "public_dto_active_guide",
      "agent_id": 8,
      "reason": "minimum_observed_predator_distance_hysteresis"
    },
    {
      "time": 123.4,
      "kind": "public_dto_active_guide",
      "agent_id": 6,
      "reason": "minimum_observed_predator_distance_hysteresis"
    },
    {
      "time": 125.7,
      "kind": "public_dto_active_guide",
      "agent_id": 8,
      "reason": "minimum_observed_predator_distance_hysteresis"
    },
    {
      "time": 125.8,
      "kind": "public_dto_active_guide",
      "agent_id": 6,
      "reason": "minimum_observed_predator_distance_hysteresis"
    },
    {
      "time": 125.9,
      "kind": "public_dto_active_guide",
      "agent_id": 8,
      "reason": "minimum_observed_predator_distance_hysteresis"
    },
    {
      "time": 130.7,
      "kind": "public_dto_active_guide",
      "agent_id": 9,
      "reason": "minimum_observed_predator_distance_hysteresis"
    },
    {
      "time": 132.2,
      "kind": "public_dto_active_guide",
      "agent_id": 6,
      "reason": "minimum_observed_predator_distance_hysteresis"
    },
    {
      "time": 132.7,
      "kind": "public_dto_active_guide",
      "agent_id": 9,
      "reason": "minimum_observed_predator_distance_hysteresis"
    },
    {
      "time": 133.1,
      "kind": "public_dto_active_guide",
      "agent_id": 6,
      "reason": "minimum_observed_predator_distance_hysteresis"
    },
    {
      "time": 133.4,
      "kind": "public_dto_active_guide",
      "agent_id": 7,
      "reason": "minimum_observed_predator_distance_hysteresis"
    },
    {
      "time": 133.8,
      "kind": "public_dto_active_guide",
      "agent_id": 6,
      "reason": "minimum_observed_predator_distance_hysteresis"
    },
    {
      "time": 134.4,
      "kind": "public_dto_active_guide",
      "agent_id": 9,
      "reason": "minimum_observed_predator_distance_hysteresis"
    },
    {
      "time": 134.5,
      "kind": "public_dto_active_guide",
      "agent_id": 6,
      "reason": "minimum_observed_predator_distance_hysteresis"
    },
    {
      "time": 134.9,
      "kind": "public_dto_active_guide",
      "agent_id": 5,
      "reason": "minimum_observed_predator_distance_hysteresis"
    },
    {
      "time": 135.5,
      "kind": "public_dto_active_guide",
      "agent_id": 6,
      "reason": "minimum_observed_predator_distance_hysteresis"
    },
    {
      "time": 135.6,
      "kind": "public_dto_active_guide",
      "agent_id": 8,
      "reason": "minimum_observed_predator_distance_hysteresis"
    },
    {
      "time": 135.7,
      "kind": "public_dto_active_guide",
      "agent_id": 6,
      "reason": "minimum_observed_predator_distance_hysteresis"
    },
    {
      "time": 135.8,
      "kind": "public_dto_active_guide",
      "agent_id": 8,
      "reason": "minimum_observed_predator_distance_hysteresis"
    },
    {
      "time": 135.9,
      "kind": "public_dto_active_guide",
      "agent_id": 6,
      "reason": "minimum_observed_predator_distance_hysteresis"
    },
    {
      "time": 136.0,
      "kind": "public_dto_active_guide",
      "agent_id": 9,
      "reason": "minimum_observed_predator_distance_hysteresis"
    },
    {
      "time": 136.3,
      "kind": "public_dto_active_guide",
      "agent_id": 8,
      "reason": "minimum_observed_predator_distance_hysteresis"
    },
    {
      "time": 136.5,
      "kind": "public_dto_active_guide",
      "agent_id": 6,
      "reason": "minimum_observed_predator_distance_hysteresis"
    },
    {
      "time": 136.9,
      "kind": "public_dto_active_guide",
      "agent_id": 5,
      "reason": "minimum_observed_predator_distance_hysteresis"
    },
    {
      "time": 137.1,
      "kind": "public_dto_active_guide",
      "agent_id": 6,
      "reason": "minimum_observed_predator_distance_hysteresis"
    },
    {
      "time": 137.6,
      "kind": "public_dto_active_guide",
      "agent_id": 5,
      "reason": "minimum_observed_predator_distance_hysteresis"
    },
    {
      "time": 137.9,
      "kind": "public_dto_active_guide",
      "agent_id": 6,
      "reason": "minimum_observed_predator_distance_hysteresis"
    },
    {
      "time": 138.0,
      "kind": "public_dto_active_guide",
      "agent_id": 8,
      "reason": "minimum_observed_predator_distance_hysteresis"
    },
    {
      "time": 138.2,
      "kind": "public_dto_active_guide",
      "agent_id": 5,
      "reason": "minimum_observed_predator_distance_hysteresis"
    },
    {
      "time": 138.3,
      "kind": "public_dto_active_guide",
      "agent_id": 8,
      "reason": "minimum_observed_predator_distance_hysteresis"
    },
    {
      "time": 141.0,
      "kind": "public_dto_active_guide",
      "agent_id": 9,
      "reason": "minimum_observed_predator_distance_hysteresis"
    },
    {
      "time": 141.1,
      "kind": "public_dto_active_guide",
      "agent_id": 7,
      "reason": "minimum_observed_predator_distance_hysteresis"
    },
    {
      "time": 141.2,
      "kind": "public_dto_active_guide",
      "agent_id": 9,
      "reason": "minimum_observed_predator_distance_hysteresis"
    },
    {
      "time": 141.8,
      "kind": "public_dto_active_guide",
      "agent_id": 7,
      "reason": "minimum_observed_predator_distance_hysteresis"
    },
    {
      "time": 142.8,
      "kind": "public_dto_active_guide",
      "agent_id": 9,
      "reason": "minimum_observed_predator_distance_hysteresis"
    },
    {
      "time": 143.2,
      "kind": "public_dto_active_guide",
      "agent_id": 6,
      "reason": "minimum_observed_predator_distance_hysteresis"
    },
    {
      "time": 143.4,
      "kind": "public_dto_active_guide",
      "agent_id": 9,
      "reason": "minimum_observed_predator_distance_hysteresis"
    },
    {
      "time": 143.5,
      "kind": "public_dto_active_guide",
      "agent_id": 6,
      "reason": "minimum_observed_predator_distance_hysteresis"
    },
    {
      "time": 143.7,
      "kind": "public_dto_active_guide",
      "agent_id": 9,
      "reason": "minimum_observed_predator_distance_hysteresis"
    },
    {
      "time": 143.8,
      "kind": "public_dto_active_guide",
      "agent_id": 7,
      "reason": "minimum_observed_predator_distance_hysteresis"
    },
    {
      "time": 144.1,
      "kind": "public_dto_active_guide",
      "agent_id": 5,
      "reason": "minimum_observed_predator_distance_hysteresis"
    },
    {
      "time": 144.2,
      "kind": "public_dto_active_guide",
      "agent_id": 8,
      "reason": "minimum_observed_predator_distance_hysteresis"
    },
    {
      "time": 144.3,
      "kind": "public_dto_active_guide",
      "agent_id": 5,
      "reason": "minimum_observed_predator_distance_hysteresis"
    },
    {
      "time": 144.4,
      "kind": "public_dto_active_guide",
      "agent_id": 8,
      "reason": "minimum_observed_predator_distance_hysteresis"
    },
    {
      "time": 144.5,
      "kind": "public_dto_active_guide",
      "agent_id": 5,
      "reason": "minimum_observed_predator_distance_hysteresis"
    },
    {
      "time": 144.6,
      "kind": "public_dto_active_guide",
      "agent_id": 8,
      "reason": "minimum_observed_predator_distance_hysteresis"
    },
    {
      "time": 144.7,
      "kind": "public_dto_active_guide",
      "agent_id": 5,
      "reason": "minimum_observed_predator_distance_hysteresis"
    },
    {
      "time": 144.8,
      "kind": "public_dto_active_guide",
      "agent_id": 8,
      "reason": "minimum_observed_predator_distance_hysteresis"
    },
    {
      "time": 144.9,
      "kind": "public_dto_active_guide",
      "agent_id": 5,
      "reason": "minimum_observed_predator_distance_hysteresis"
    },
    {
      "time": 145.0,
      "kind": "public_dto_active_guide",
      "agent_id": 8,
      "reason": "minimum_observed_predator_distance_hysteresis"
    },
    {
      "time": 145.1,
      "kind": "public_dto_active_guide",
      "agent_id": 9,
      "reason": "minimum_observed_predator_distance_hysteresis"
    },
    {
      "time": 145.2,
      "kind": "public_dto_active_guide",
      "agent_id": 8,
      "reason": "minimum_observed_predator_distance_hysteresis"
    },
    {
      "time": 145.3,
      "kind": "public_dto_active_guide",
      "agent_id": 5,
      "reason": "minimum_observed_predator_distance_hysteresis"
    },
    {
      "time": 145.4,
      "kind": "public_dto_active_guide",
      "agent_id": 8,
      "reason": "minimum_observed_predator_distance_hysteresis"
    },
    {
      "time": 145.5,
      "kind": "public_dto_active_guide",
      "agent_id": 7,
      "reason": "minimum_observed_predator_distance_hysteresis"
    },
    {
      "time": 145.6,
      "kind": "public_dto_active_guide",
      "agent_id": 6,
      "reason": "minimum_observed_predator_distance_hysteresis"
    },
    {
      "time": 145.8,
      "kind": "public_dto_active_guide",
      "agent_id": 5,
      "reason": "minimum_observed_predator_distance_hysteresis"
    },
    {
      "time": 146.0,
      "kind": "public_dto_active_guide",
      "agent_id": 8,
      "reason": "minimum_observed_predator_distance_hysteresis"
    },
    {
      "time": 147.1,
      "kind": "public_dto_active_guide",
      "agent_id": 9,
      "reason": "minimum_observed_predator_distance_hysteresis"
    },
    {
      "time": 147.7,
      "kind": "public_dto_active_guide",
      "agent_id": 7,
      "reason": "minimum_observed_predator_distance_hysteresis"
    },
    {
      "time": 147.9,
      "kind": "public_dto_active_guide",
      "agent_id": 9,
      "reason": "minimum_observed_predator_distance_hysteresis"
    },
    {
      "time": 148.5,
      "kind": "public_dto_active_guide",
      "agent_id": 5,
      "reason": "minimum_observed_predator_distance_hysteresis"
    },
    {
      "time": 148.6,
      "kind": "public_dto_active_guide",
      "agent_id": 9,
      "reason": "minimum_observed_predator_distance_hysteresis"
    },
    {
      "time": 148.7,
      "kind": "public_dto_active_guide",
      "agent_id": 7,
      "reason": "minimum_observed_predator_distance_hysteresis"
    },
    {
      "time": 148.8,
      "kind": "public_dto_active_guide",
      "agent_id": 5,
      "reason": "minimum_observed_predator_distance_hysteresis"
    },
    {
      "time": 148.9,
      "kind": "public_dto_active_guide",
      "agent_id": 9,
      "reason": "minimum_observed_predator_distance_hysteresis"
    },
    {
      "time": 149.1,
      "kind": "public_dto_active_guide",
      "agent_id": 8,
      "reason": "minimum_observed_predator_distance_hysteresis"
    },
    {
      "time": 149.4,
      "kind": "public_dto_active_guide",
      "agent_id": 5,
      "reason": "minimum_observed_predator_distance_hysteresis"
    },
    {
      "time": 149.8,
      "kind": "public_dto_active_guide",
      "agent_id": 8,
      "reason": "minimum_observed_predator_distance_hysteresis"
    },
    {
      "time": 149.9,
      "kind": "public_dto_active_guide",
      "agent_id": 6,
      "reason": "minimum_observed_predator_distance_hysteresis"
    },
    {
      "time": 150.0,
      "kind": "public_dto_active_guide",
      "agent_id": 7,
      "reason": "minimum_observed_predator_distance_hysteresis"
    },
    {
      "time": 150.1,
      "kind": "public_dto_active_guide",
      "agent_id": 9,
      "reason": "minimum_observed_predator_distance_hysteresis"
    },
    {
      "time": 154.1,
      "kind": "public_dto_active_guide",
      "agent_id": 6,
      "reason": "minimum_observed_predator_distance_hysteresis"
    },
    {
      "time": 154.2,
      "kind": "public_dto_active_guide",
      "agent_id": 5,
      "reason": "minimum_observed_predator_distance_hysteresis"
    },
    {
      "time": 154.5,
      "kind": "public_dto_active_guide",
      "agent_id": 7,
      "reason": "minimum_observed_predator_distance_hysteresis"
    },
    {
      "time": 154.7,
      "kind": "public_dto_active_guide",
      "agent_id": 5,
      "reason": "minimum_observed_predator_distance_hysteresis"
    },
    {
      "time": 154.9,
      "kind": "public_dto_active_guide",
      "agent_id": 9,
      "reason": "minimum_observed_predator_distance_hysteresis"
    },
    {
      "time": 155.0,
      "kind": "public_dto_active_guide",
      "agent_id": 8,
      "reason": "minimum_observed_predator_distance_hysteresis"
    },
    {
      "time": 155.1,
      "kind": "public_dto_active_guide",
      "agent_id": 9,
      "reason": "minimum_observed_predator_distance_hysteresis"
    },
    {
      "time": 155.2,
      "kind": "public_dto_active_guide",
      "agent_id": 5,
      "reason": "minimum_observed_predator_distance_hysteresis"
    },
    {
      "time": 155.6,
      "kind": "public_dto_active_guide",
      "agent_id": 6,
      "reason": "minimum_observed_predator_distance_hysteresis"
    },
    {
      "time": 156.3,
      "kind": "public_dto_active_guide",
      "agent_id": 8,
      "reason": "minimum_observed_predator_distance_hysteresis"
    },
    {
      "time": 156.6,
      "kind": "public_dto_active_guide",
      "agent_id": 9,
      "reason": "minimum_observed_predator_distance_hysteresis"
    },
    {
      "time": 156.7,
      "kind": "public_dto_active_guide",
      "agent_id": 5,
      "reason": "minimum_observed_predator_distance_hysteresis"
    },
    {
      "time": 156.9,
      "kind": "public_dto_active_guide",
      "agent_id": 9,
      "reason": "minimum_observed_predator_distance_hysteresis"
    },
    {
      "time": 157.0,
      "kind": "public_dto_active_guide",
      "agent_id": 6,
      "reason": "minimum_observed_predator_distance_hysteresis"
    },
    {
      "time": 157.1,
      "kind": "public_dto_active_guide",
      "agent_id": 7,
      "reason": "minimum_observed_predator_distance_hysteresis"
    },
    {
      "time": 157.3,
      "kind": "public_dto_active_guide",
      "agent_id": 5,
      "reason": "minimum_observed_predator_distance_hysteresis"
    },
    {
      "time": 157.4,
      "kind": "public_dto_active_guide",
      "agent_id": 9,
      "reason": "minimum_observed_predator_distance_hysteresis"
    },
    {
      "time": 157.5,
      "kind": "public_dto_active_guide",
      "agent_id": 6,
      "reason": "minimum_observed_predator_distance_hysteresis"
    },
    {
      "time": 157.7,
      "kind": "public_dto_active_guide",
      "agent_id": 9,
      "reason": "minimum_observed_predator_distance_hysteresis"
    },
    {
      "time": 158.0,
      "kind": "public_dto_active_guide",
      "agent_id": 8,
      "reason": "minimum_observed_predator_distance_hysteresis"
    },
    {
      "time": 159.1,
      "kind": "public_dto_active_guide",
      "agent_id": 7,
      "reason": "minimum_observed_predator_distance_hysteresis"
    },
    {
      "time": 159.2,
      "kind": "public_dto_active_guide",
      "agent_id": 6,
      "reason": "minimum_observed_predator_distance_hysteresis"
    },
    {
      "time": 159.3,
      "kind": "public_dto_active_guide",
      "agent_id": 8,
      "reason": "minimum_observed_predator_distance_hysteresis"
    },
    {
      "time": 159.9,
      "kind": "public_dto_active_guide",
      "agent_id": 6,
      "reason": "minimum_observed_predator_distance_hysteresis"
    },
    {
      "time": 160.0,
      "kind": "public_dto_active_guide",
      "agent_id": 8,
      "reason": "minimum_observed_predator_distance_hysteresis"
    },
    {
      "time": 160.2,
      "kind": "public_dto_active_guide",
      "agent_id": 5,
      "reason": "minimum_observed_predator_distance_hysteresis"
    },
    {
      "time": 160.8,
      "kind": "public_dto_active_guide",
      "agent_id": 6,
      "reason": "minimum_observed_predator_distance_hysteresis"
    },
    {
      "time": 161.0,
      "kind": "public_dto_active_guide",
      "agent_id": 5,
      "reason": "minimum_observed_predator_distance_hysteresis"
    },
    {
      "time": 161.2,
      "kind": "public_dto_active_guide",
      "agent_id": 8,
      "reason": "minimum_observed_predator_distance_hysteresis"
    },
    {
      "time": 161.3,
      "kind": "public_dto_active_guide",
      "agent_id": 6,
      "reason": "minimum_observed_predator_distance_hysteresis"
    },
    {
      "time": 161.4,
      "kind": "public_dto_active_guide",
      "agent_id": 9,
      "reason": "minimum_observed_predator_distance_hysteresis"
    },
    {
      "time": 161.5,
      "kind": "public_dto_active_guide",
      "agent_id": 7,
      "reason": "minimum_observed_predator_distance_hysteresis"
    },
    {
      "time": 161.9,
      "kind": "public_dto_active_guide",
      "agent_id": 8,
      "reason": "minimum_observed_predator_distance_hysteresis"
    },
    {
      "time": 162.2,
      "kind": "public_dto_active_guide",
      "agent_id": 9,
      "reason": "minimum_observed_predator_distance_hysteresis"
    },
    {
      "time": 162.5,
      "kind": "public_dto_active_guide",
      "agent_id": 7,
      "reason": "minimum_observed_predator_distance_hysteresis"
    },
    {
      "time": 162.7,
      "kind": "public_dto_active_guide",
      "agent_id": 6,
      "reason": "minimum_observed_predator_distance_hysteresis"
    },
    {
      "time": 163.0,
      "kind": "public_dto_active_guide",
      "agent_id": 8,
      "reason": "minimum_observed_predator_distance_hysteresis"
    },
    {
      "time": 163.1,
      "kind": "public_dto_active_guide",
      "agent_id": 5,
      "reason": "minimum_observed_predator_distance_hysteresis"
    },
    {
      "time": 166.1,
      "kind": "public_dto_active_guide",
      "agent_id": 6,
      "reason": "minimum_observed_predator_distance_hysteresis"
    },
    {
      "time": 166.6,
      "kind": "public_dto_active_guide",
      "agent_id": 7,
      "reason": "minimum_observed_predator_distance_hysteresis"
    },
    {
      "time": 166.9,
      "kind": "public_dto_active_guide",
      "agent_id": 9,
      "reason": "minimum_observed_predator_distance_hysteresis"
    },
    {
      "time": 167.0,
      "kind": "public_dto_active_guide",
      "agent_id": 6,
      "reason": "minimum_observed_predator_distance_hysteresis"
    },
    {
      "time": 167.1,
      "kind": "public_dto_active_guide",
      "agent_id": 5,
      "reason": "minimum_observed_predator_distance_hysteresis"
    },
    {
      "time": 167.2,
      "kind": "public_dto_active_guide",
      "agent_id": 8,
      "reason": "minimum_observed_predator_distance_hysteresis"
    },
    {
      "time": 167.4,
      "kind": "public_dto_active_guide",
      "agent_id": 6,
      "reason": "minimum_observed_predator_distance_hysteresis"
    },
    {
      "time": 167.7,
      "kind": "public_dto_active_guide",
      "agent_id": 5,
      "reason": "minimum_observed_predator_distance_hysteresis"
    },
    {
      "time": 167.8,
      "kind": "public_dto_active_guide",
      "agent_id": 6,
      "reason": "minimum_observed_predator_distance_hysteresis"
    },
    {
      "time": 167.9,
      "kind": "public_dto_active_guide",
      "agent_id": 8,
      "reason": "minimum_observed_predator_distance_hysteresis"
    },
    {
      "time": 168.1,
      "kind": "public_dto_active_guide",
      "agent_id": 7,
      "reason": "minimum_observed_predator_distance_hysteresis"
    },
    {
      "time": 168.3,
      "kind": "public_dto_active_guide",
      "agent_id": 6,
      "reason": "minimum_observed_predator_distance_hysteresis"
    },
    {
      "time": 168.4,
      "kind": "public_dto_active_guide",
      "agent_id": 7,
      "reason": "minimum_observed_predator_distance_hysteresis"
    },
    {
      "time": 168.6,
      "kind": "public_dto_active_guide",
      "agent_id": 6,
      "reason": "minimum_observed_predator_distance_hysteresis"
    },
    {
      "time": 168.8,
      "kind": "public_dto_active_guide",
      "agent_id": 7,
      "reason": "minimum_observed_predator_distance_hysteresis"
    },
    {
      "time": 168.9,
      "kind": "public_dto_active_guide",
      "agent_id": 6,
      "reason": "minimum_observed_predator_distance_hysteresis"
    },
    {
      "time": 169.0,
      "kind": "public_dto_active_guide",
      "agent_id": 9,
      "reason": "minimum_observed_predator_distance_hysteresis"
    },
    {
      "time": 169.2,
      "kind": "public_dto_active_guide",
      "agent_id": 6,
      "reason": "minimum_observed_predator_distance_hysteresis"
    },
    {
      "time": 170.2,
      "kind": "public_dto_active_guide",
      "agent_id": 8,
      "reason": "minimum_observed_predator_distance_hysteresis"
    },
    {
      "time": 170.3,
      "kind": "public_dto_active_guide",
      "agent_id": 6,
      "reason": "minimum_observed_predator_distance_hysteresis"
    },
    {
      "time": 170.5,
      "kind": "public_dto_active_guide",
      "agent_id": 8,
      "reason": "minimum_observed_predator_distance_hysteresis"
    },
    {
      "time": 171.0,
      "kind": "public_dto_active_guide",
      "agent_id": 6,
      "reason": "minimum_observed_predator_distance_hysteresis"
    },
    {
      "time": 171.1,
      "kind": "public_dto_active_guide",
      "agent_id": 8,
      "reason": "minimum_observed_predator_distance_hysteresis"
    },
    {
      "time": 172.1,
      "kind": "public_dto_active_guide",
      "agent_id": 5,
      "reason": "minimum_observed_predator_distance_hysteresis"
    },
    {
      "time": 172.3,
      "kind": "public_dto_active_guide",
      "agent_id": 8,
      "reason": "minimum_observed_predator_distance_hysteresis"
    },
    {
      "time": 172.5,
      "kind": "public_dto_active_guide",
      "agent_id": 4,
      "reason": "minimum_observed_predator_distance_hysteresis"
    },
    {
      "time": 172.8,
      "kind": "public_dto_active_guide",
      "agent_id": 9,
      "reason": "minimum_observed_predator_distance_hysteresis"
    },
    {
      "time": 172.9,
      "kind": "public_dto_active_guide",
      "agent_id": 5,
      "reason": "minimum_observed_predator_distance_hysteresis"
    },
    {
      "time": 173.1,
      "kind": "public_dto_active_guide",
      "agent_id": 4,
      "reason": "minimum_observed_predator_distance_hysteresis"
    },
    {
      "time": 173.5,
      "kind": "public_dto_active_guide",
      "agent_id": 6,
      "reason": "minimum_observed_predator_distance_hysteresis"
    },
    {
      "time": 173.7,
      "kind": "public_dto_active_guide",
      "agent_id": 4,
      "reason": "minimum_observed_predator_distance_hysteresis"
    },
    {
      "time": 174.0,
      "kind": "public_dto_active_guide",
      "agent_id": 9,
      "reason": "minimum_observed_predator_distance_hysteresis"
    },
    {
      "time": 174.2,
      "kind": "public_dto_active_guide",
      "agent_id": 7,
      "reason": "minimum_observed_predator_distance_hysteresis"
    },
    {
      "time": 174.5,
      "kind": "public_dto_active_guide",
      "agent_id": 9,
      "reason": "minimum_observed_predator_distance_hysteresis"
    },
    {
      "time": 174.6,
      "kind": "public_dto_active_guide",
      "agent_id": 4,
      "reason": "minimum_observed_predator_distance_hysteresis"
    },
    {
      "time": 174.8,
      "kind": "public_dto_active_guide",
      "agent_id": 7,
      "reason": "minimum_observed_predator_distance_hysteresis"
    },
    {
      "time": 175.2,
      "kind": "public_dto_active_guide",
      "agent_id": 9,
      "reason": "minimum_observed_predator_distance_hysteresis"
    },
    {
      "time": 175.5,
      "kind": "public_dto_active_guide",
      "agent_id": 4,
      "reason": "minimum_observed_predator_distance_hysteresis"
    },
    {
      "time": 175.9,
      "kind": "public_dto_active_guide",
      "agent_id": 6,
      "reason": "minimum_observed_predator_distance_hysteresis"
    },
    {
      "time": 176.0,
      "kind": "public_dto_active_guide",
      "agent_id": 9,
      "reason": "minimum_observed_predator_distance_hysteresis"
    },
    {
      "time": 176.4,
      "kind": "public_dto_active_guide",
      "agent_id": 6,
      "reason": "minimum_observed_predator_distance_hysteresis"
    },
    {
      "time": 176.7,
      "kind": "public_dto_active_guide",
      "agent_id": 7,
      "reason": "minimum_observed_predator_distance_hysteresis"
    },
    {
      "time": 176.8,
      "kind": "public_dto_active_guide",
      "agent_id": 9,
      "reason": "minimum_observed_predator_distance_hysteresis"
    },
    {
      "time": 176.9,
      "kind": "public_dto_active_guide",
      "agent_id": 6,
      "reason": "minimum_observed_predator_distance_hysteresis"
    },
    {
      "time": 177.2,
      "kind": "public_dto_active_guide",
      "agent_id": 9,
      "reason": "minimum_observed_predator_distance_hysteresis"
    },
    {
      "time": 177.3,
      "kind": "public_dto_active_guide",
      "agent_id": 6,
      "reason": "minimum_observed_predator_distance_hysteresis"
    },
    {
      "time": 177.4,
      "kind": "public_dto_active_guide",
      "agent_id": 4,
      "reason": "minimum_observed_predator_distance_hysteresis"
    },
    {
      "time": 177.6,
      "kind": "public_dto_active_guide",
      "agent_id": 9,
      "reason": "minimum_observed_predator_distance_hysteresis"
    },
    {
      "time": 177.7,
      "kind": "public_dto_active_guide",
      "agent_id": 4,
      "reason": "minimum_observed_predator_distance_hysteresis"
    },
    {
      "time": 177.9,
      "kind": "public_dto_active_guide",
      "agent_id": 7,
      "reason": "minimum_observed_predator_distance_hysteresis"
    },
    {
      "time": 178.0,
      "kind": "public_dto_active_guide",
      "agent_id": 9,
      "reason": "minimum_observed_predator_distance_hysteresis"
    },
    {
      "time": 178.1,
      "kind": "public_dto_active_guide",
      "agent_id": 4,
      "reason": "minimum_observed_predator_distance_hysteresis"
    },
    {
      "time": 178.2,
      "kind": "public_dto_active_guide",
      "agent_id": 6,
      "reason": "minimum_observed_predator_distance_hysteresis"
    },
    {
      "time": 178.3,
      "kind": "public_dto_active_guide",
      "agent_id": 7,
      "reason": "minimum_observed_predator_distance_hysteresis"
    },
    {
      "time": 178.5,
      "kind": "public_dto_active_guide",
      "agent_id": 4,
      "reason": "minimum_observed_predator_distance_hysteresis"
    },
    {
      "time": 178.7,
      "kind": "public_dto_active_guide",
      "agent_id": 7,
      "reason": "minimum_observed_predator_distance_hysteresis"
    },
    {
      "time": 178.8,
      "kind": "public_dto_active_guide",
      "agent_id": 9,
      "reason": "minimum_observed_predator_distance_hysteresis"
    },
    {
      "time": 178.9,
      "kind": "public_dto_active_guide",
      "agent_id": 4,
      "reason": "minimum_observed_predator_distance_hysteresis"
    },
    {
      "time": 179.3,
      "kind": "public_dto_active_guide",
      "agent_id": 9,
      "reason": "minimum_observed_predator_distance_hysteresis"
    },
    {
      "time": 179.5,
      "kind": "public_dto_active_guide",
      "agent_id": 4,
      "reason": "minimum_observed_predator_distance_hysteresis"
    },
    {
      "time": 179.9,
      "kind": "public_dto_active_guide",
      "agent_id": 9,
      "reason": "minimum_observed_predator_distance_hysteresis"
    },
    {
      "time": 180.0,
      "kind": "public_dto_active_guide",
      "agent_id": 6,
      "reason": "minimum_observed_predator_distance_hysteresis"
    },
    {
      "time": 180.1,
      "kind": "public_dto_active_guide",
      "agent_id": 9,
      "reason": "minimum_observed_predator_distance_hysteresis"
    },
    {
      "time": 180.3,
      "kind": "public_dto_active_guide",
      "agent_id": 4,
      "reason": "minimum_observed_predator_distance_hysteresis"
    },
    {
      "time": 180.4,
      "kind": "public_dto_active_guide",
      "agent_id": 9,
      "reason": "minimum_observed_predator_distance_hysteresis"
    },
    {
      "time": 180.5,
      "kind": "public_dto_active_guide",
      "agent_id": 4,
      "reason": "minimum_observed_predator_distance_hysteresis"
    },
    {
      "time": 180.6,
      "kind": "public_dto_active_guide",
      "agent_id": 9,
      "reason": "minimum_observed_predator_distance_hysteresis"
    },
    {
      "time": 180.7,
      "kind": "public_dto_active_guide",
      "agent_id": 6,
      "reason": "minimum_observed_predator_distance_hysteresis"
    },
    {
      "time": 180.8,
      "kind": "public_dto_active_guide",
      "agent_id": 9,
      "reason": "minimum_observed_predator_distance_hysteresis"
    },
    {
      "time": 180.9,
      "kind": "public_dto_active_guide",
      "agent_id": 6,
      "reason": "minimum_observed_predator_distance_hysteresis"
    },
    {
      "time": 181.0,
      "kind": "public_dto_active_guide",
      "agent_id": 9,
      "reason": "minimum_observed_predator_distance_hysteresis"
    },
    {
      "time": 181.2,
      "kind": "public_dto_active_guide",
      "agent_id": 4,
      "reason": "minimum_observed_predator_distance_hysteresis"
    },
    {
      "time": 181.3,
      "kind": "public_dto_active_guide",
      "agent_id": 9,
      "reason": "minimum_observed_predator_distance_hysteresis"
    },
    {
      "time": 181.5,
      "kind": "public_dto_active_guide",
      "agent_id": 4,
      "reason": "minimum_observed_predator_distance_hysteresis"
    },
    {
      "time": 181.6,
      "kind": "public_dto_active_guide",
      "agent_id": 9,
      "reason": "minimum_observed_predator_distance_hysteresis"
    },
    {
      "time": 181.7,
      "kind": "public_dto_active_guide",
      "agent_id": 4,
      "reason": "minimum_observed_predator_distance_hysteresis"
    },
    {
      "time": 181.8,
      "kind": "public_dto_active_guide",
      "agent_id": 9,
      "reason": "minimum_observed_predator_distance_hysteresis"
    },
    {
      "time": 181.9,
      "kind": "public_dto_active_guide",
      "agent_id": 4,
      "reason": "minimum_observed_predator_distance_hysteresis"
    },
    {
      "time": 182.1,
      "kind": "public_dto_active_guide",
      "agent_id": 6,
      "reason": "minimum_observed_predator_distance_hysteresis"
    },
    {
      "time": 182.3,
      "kind": "public_dto_active_guide",
      "agent_id": 7,
      "reason": "minimum_observed_predator_distance_hysteresis"
    },
    {
      "time": 182.5,
      "kind": "public_dto_active_guide",
      "agent_id": 6,
      "reason": "minimum_observed_predator_distance_hysteresis"
    },
    {
      "time": 182.8,
      "kind": "public_dto_active_guide",
      "agent_id": 7,
      "reason": "minimum_observed_predator_distance_hysteresis"
    },
    {
      "time": 182.9,
      "kind": "public_dto_active_guide",
      "agent_id": 6,
      "reason": "minimum_observed_predator_distance_hysteresis"
    },
    {
      "time": 183.0,
      "kind": "public_dto_active_guide",
      "agent_id": 9,
      "reason": "minimum_observed_predator_distance_hysteresis"
    },
    {
      "time": 183.5,
      "kind": "public_dto_active_guide",
      "agent_id": 4,
      "reason": "minimum_observed_predator_distance_hysteresis"
    },
    {
      "time": 183.6,
      "kind": "public_dto_active_guide",
      "agent_id": 9,
      "reason": "minimum_observed_predator_distance_hysteresis"
    },
    {
      "time": 183.7,
      "kind": "public_dto_active_guide",
      "agent_id": 4,
      "reason": "minimum_observed_predator_distance_hysteresis"
    },
    {
      "time": 184.0,
      "kind": "public_dto_active_guide",
      "agent_id": 7,
      "reason": "minimum_observed_predator_distance_hysteresis"
    },
    {
      "time": 184.1,
      "kind": "public_dto_active_guide",
      "agent_id": 4,
      "reason": "minimum_observed_predator_distance_hysteresis"
    },
    {
      "time": 184.2,
      "kind": "public_dto_active_guide",
      "agent_id": 9,
      "reason": "minimum_observed_predator_distance_hysteresis"
    },
    {
      "time": 187.6,
      "kind": "public_dto_active_guide",
      "agent_id": 7,
      "reason": "minimum_observed_predator_distance_hysteresis"
    }
  ],
  "success": false,
  "replay": "results/simple_chase/replays/real-map-BurstGuides-m10201-f20201-p1-direct_guide-sitebait1-0d59a968.json.gz"
}
/home/Ucals/projects/NordicCupAI-wall-funneling/survival-simulator/oscar-trap-research/survival/results/simple_chase/real-map-BurstGuides-m10201-f20201-p1-direct_guide-sitebait1-0d59a968.json
