{"progress": "real-map-BurstGuides-m10200-f20200-p1-direct_guide-sitebait1-c9a76203", "time": 10.0, "bait_deployed": 0.1, "policy_bait_ready": false, "encounter": 0.1, "oracle_handoff": null, "children": 8, "active_guide_id": 6, "guide_alive": true, "active_guide_alive": true, "guided_delivered": 0}
{"progress": "real-map-BurstGuides-m10200-f20200-p1-direct_guide-sitebait1-c9a76203", "time": 20.0, "bait_deployed": 0.1, "policy_bait_ready": false, "encounter": 0.1, "oracle_handoff": null, "children": 8, "active_guide_id": 3, "guide_alive": true, "active_guide_alive": true, "guided_delivered": 0}
{"progress": "real-map-BurstGuides-m10200-f20200-p1-direct_guide-sitebait1-c9a76203", "time": 30.0, "bait_deployed": 0.1, "policy_bait_ready": false, "encounter": 0.1, "oracle_handoff": null, "children": 8, "active_guide_id": 5, "guide_alive": true, "active_guide_alive": true, "guided_delivered": 0}
{"progress": "real-map-BurstGuides-m10200-f20200-p1-direct_guide-sitebait1-c9a76203", "time": 40.0, "bait_deployed": 0.1, "policy_bait_ready": false, "encounter": 0.1, "oracle_handoff": null, "children": 8, "active_guide_id": 1, "guide_alive": true, "active_guide_alive": true, "guided_delivered": 0}
{"progress": "real-map-BurstGuides-m10200-f20200-p1-direct_guide-sitebait1-c9a76203", "time": 50.0, "bait_deployed": 0.1, "policy_bait_ready": false, "encounter": 0.1, "oracle_handoff": null, "children": 8, "active_guide_id": 7, "guide_alive": true, "active_guide_alive": true, "guided_delivered": 0}
{"progress": "real-map-BurstGuides-m10200-f20200-p1-direct_guide-sitebait1-c9a76203", "time": 60.0, "bait_deployed": 0.1, "policy_bait_ready": false, "encounter": 0.1, "oracle_handoff": null, "children": 8, "active_guide_id": 1, "guide_alive": true, "active_guide_alive": true, "guided_delivered": 0}
{"progress": "real-map-BurstGuides-m10200-f20200-p1-direct_guide-sitebait1-c9a76203", "time": 70.0, "bait_deployed": 0.1, "policy_bait_ready": false, "encounter": 0.1, "oracle_handoff": null, "children": 8, "active_guide_id": 8, "guide_alive": true, "active_guide_alive": true, "guided_delivered": 0}
{"progress": "real-map-BurstGuides-m10200-f20200-p1-direct_guide-sitebait1-c9a76203", "time": 80.0, "bait_deployed": 0.1, "policy_bait_ready": false, "encounter": 0.1, "oracle_handoff": null, "children": 8, "active_guide_id": 2, "guide_alive": true, "active_guide_alive": true, "guided_delivered": 0}
{"progress": "real-map-BurstGuides-m10200-f20200-p1-direct_guide-sitebait1-c9a76203", "time": 90.0, "bait_deployed": 0.1, "policy_bait_ready": false, "encounter": 0.1, "oracle_handoff": null, "children": 8, "active_guide_id": 4, "guide_alive": false, "active_guide_alive": true, "guided_delivered": 0}
{"progress": "real-map-BurstGuides-m10200-f20200-p1-direct_guide-sitebait1-c9a76203", "time": 100.0, "bait_deployed": 0.1, "policy_bait_ready": false, "encounter": 0.1, "oracle_handoff": null, "children": 8, "active_guide_id": 9, "guide_alive": false, "active_guide_alive": true, "guided_delivered": 0}
{"progress": "real-map-BurstGuides-m10200-f20200-p1-direct_guide-sitebait1-c9a76203", "time": 110.0, "bait_deployed": 0.1, "policy_bait_ready": false, "encounter": 0.1, "oracle_handoff": null, "children": 8, "active_guide_id": 4, "guide_alive": false, "active_guide_alive": false, "guided_delivered": 0}
{"progress": "real-map-BurstGuides-m10200-f20200-p1-direct_guide-sitebait1-c9a76203", "time": 120.0, "bait_deployed": 0.1, "policy_bait_ready": false, "encounter": 0.1, "oracle_handoff": null, "children": 8, "active_guide_id": 4, "guide_alive": false, "active_guide_alive": false, "guided_delivered": 1}
{"progress": "real-map-BurstGuides-m10200-f20200-p1-direct_guide-sitebait1-c9a76203", "time": 130.0, "bait_deployed": 0.1, "policy_bait_ready": false, "encounter": 0.1, "oracle_handoff": null, "children": 8, "active_guide_id": 4, "guide_alive": false, "active_guide_alive": false, "guided_delivered": 1}
{"progress": "real-map-BurstGuides-m10200-f20200-p1-direct_guide-sitebait1-c9a76203", "time": 140.0, "bait_deployed": 0.1, "policy_bait_ready": false, "encounter": 0.1, "oracle_handoff": null, "children": 8, "active_guide_id": 4, "guide_alive": false, "active_guide_alive": false, "guided_delivered": 1}
{"progress": "real-map-BurstGuides-m10200-f20200-p1-direct_guide-sitebait1-c9a76203", "time": 150.0, "bait_deployed": 0.1, "policy_bait_ready": false, "encounter": 0.1, "oracle_handoff": null, "children": 8, "active_guide_id": 4, "guide_alive": false, "active_guide_alive": false, "guided_delivered": 1}
{"progress": "real-map-BurstGuides-m10200-f20200-p1-direct_guide-sitebait1-c9a76203", "time": 160.0, "bait_deployed": 0.1, "policy_bait_ready": false, "encounter": 0.1, "oracle_handoff": null, "children": 8, "active_guide_id": 4, "guide_alive": false, "active_guide_alive": false, "guided_delivered": 1}
{"progress": "real-map-BurstGuides-m10200-f20200-p1-direct_guide-sitebait1-c9a76203", "time": 170.0, "bait_deployed": 0.1, "policy_bait_ready": false, "encounter": 0.1, "oracle_handoff": null, "children": 8, "active_guide_id": 4, "guide_alive": false, "active_guide_alive": false, "guided_delivered": 1}
{"progress": "real-map-BurstGuides-m10200-f20200-p1-direct_guide-sitebait1-c9a76203", "time": 180.0, "bait_deployed": 0.1, "policy_bait_ready": false, "encounter": 0.1, "oracle_handoff": null, "children": 8, "active_guide_id": 4, "guide_alive": false, "active_guide_alive": false, "guided_delivered": 1}
{"progress": "real-map-BurstGuides-m10200-f20200-p1-direct_guide-sitebait1-c9a76203", "time": 190.0, "bait_deployed": 0.1, "policy_bait_ready": false, "encounter": 0.1, "oracle_handoff": null, "children": 8, "active_guide_id": 4, "guide_alive": false, "active_guide_alive": false, "guided_delivered": 1}
{"progress": "real-map-BurstGuides-m10200-f20200-p1-direct_guide-sitebait1-c9a76203", "time": 200.0, "bait_deployed": 0.1, "policy_bait_ready": false, "encounter": 0.1, "oracle_handoff": null, "children": 8, "active_guide_id": 4, "guide_alive": false, "active_guide_alive": false, "guided_delivered": 1}
{"progress": "real-map-BurstGuides-m10200-f20200-p1-direct_guide-sitebait1-c9a76203", "time": 210.0, "bait_deployed": 0.1, "policy_bait_ready": false, "encounter": 0.1, "oracle_handoff": null, "children": 8, "active_guide_id": 4, "guide_alive": false, "active_guide_alive": false, "guided_delivered": 1}
{"progress": "real-map-BurstGuides-m10200-f20200-p1-direct_guide-sitebait1-c9a76203", "time": 220.0, "bait_deployed": 0.1, "policy_bait_ready": false, "encounter": 0.1, "oracle_handoff": null, "children": 8, "active_guide_id": 4, "guide_alive": false, "active_guide_alive": false, "guided_delivered": 1}
{"progress": "real-map-BurstGuides-m10200-f20200-p1-direct_guide-sitebait1-c9a76203", "time": 230.0, "bait_deployed": 0.1, "policy_bait_ready": false, "encounter": 0.1, "oracle_handoff": null, "children": 8, "active_guide_id": 4, "guide_alive": false, "active_guide_alive": false, "guided_delivered": 1}
{"progress": "real-map-BurstGuides-m10200-f20200-p1-direct_guide-sitebait1-c9a76203", "time": 240.0, "bait_deployed": 0.1, "policy_bait_ready": false, "encounter": 0.1, "oracle_handoff": null, "children": 8, "active_guide_id": 4, "guide_alive": false, "active_guide_alive": false, "guided_delivered": 1}
{"progress": "real-map-BurstGuides-m10200-f20200-p1-direct_guide-sitebait1-c9a76203", "time": 250.0, "bait_deployed": 0.1, "policy_bait_ready": false, "encounter": 0.1, "oracle_handoff": null, "children": 8, "active_guide_id": 4, "guide_alive": false, "active_guide_alive": false, "guided_delivered": 1}
{"progress": "real-map-BurstGuides-m10200-f20200-p1-direct_guide-sitebait1-c9a76203", "time": 260.0, "bait_deployed": 0.1, "policy_bait_ready": false, "encounter": 0.1, "oracle_handoff": null, "children": 8, "active_guide_id": 4, "guide_alive": false, "active_guide_alive": false, "guided_delivered": 1}
{"progress": "real-map-BurstGuides-m10200-f20200-p1-direct_guide-sitebait1-c9a76203", "time": 270.0, "bait_deployed": 0.1, "policy_bait_ready": false, "encounter": 0.1, "oracle_handoff": null, "children": 8, "active_guide_id": 4, "guide_alive": false, "active_guide_alive": false, "guided_delivered": 1}
{"progress": "real-map-BurstGuides-m10200-f20200-p1-direct_guide-sitebait1-c9a76203", "time": 280.0, "bait_deployed": 0.1, "policy_bait_ready": false, "encounter": 0.1, "oracle_handoff": null, "children": 8, "active_guide_id": 4, "guide_alive": false, "active_guide_alive": false, "guided_delivered": 1}
{"progress": "real-map-BurstGuides-m10200-f20200-p1-direct_guide-sitebait1-c9a76203", "time": 290.0, "bait_deployed": 0.1, "policy_bait_ready": false, "encounter": 0.1, "oracle_handoff": null, "children": 8, "active_guide_id": 4, "guide_alive": false, "active_guide_alive": false, "guided_delivered": 1}
{"progress": "real-map-BurstGuides-m10200-f20200-p1-direct_guide-sitebait1-c9a76203", "time": 300.0, "bait_deployed": 0.1, "policy_bait_ready": false, "encounter": 0.1, "oracle_handoff": null, "children": 8, "active_guide_id": 4, "guide_alive": false, "active_guide_alive": false, "guided_delivered": 1}
{"viewer_manifest_refresh": {"status": "deferred", "reason": "bounded-memory runs defer full-replay viewer processing"}}
{
  "schema": "real-map-intake-result-v2",
  "policy": "backup_guides.burst:BurstGuides",
  "policy_hash": "642725a431ee4778c1adcf100ffb45e7d85faf9c4e086f5923097f43202b7d9d",
  "harness_hashes": {
    "research/simple_chase/run_streaming_v2.py": "837e02b05d1ba3af71df0949cb30beb18a8b2844f090f8b383c692192c52719a",
    "research/simple_chase/sampling.py": "1efb7d309c4cc79bc87916c1bea72a7845e78d0c2cdf0aeaf9e2a758ceed48ab",
    "research/simple_chase/static_map.py": "197b16cbe9dd2e3dd06b81fe9481986a97bd92d9c2a55f33597cc9b7280faf3c",
    "debugger/streaming_recorder_v2.py": "d5ecda6bb39ec74a9ad86fb20458df5de7f466d73052558af9e2877be3d99b19"
  },
  "mode": "direct_guide",
  "map_seed": 10200,
  "fixture_seed": 20200,
  "static_map_hash": "996bb0a94d65589e7be7bec2128a348406ad3a3b8b5e0e5b97fb2271ac4bcc82",
  "site": {
    "mouth": [
      768.3254,
      37.4998
    ],
    "inward": [
      1.0,
      0.0
    ],
    "cross": [
      -0.0,
      1.0
    ],
    "goal": [
      773.3254,
      37.4998
    ],
    "far": [
      643.3254,
      41.4998
    ],
    "hold": [
      693.3254,
      41.4998
    ],
    "gap": 14.9995,
    "overlap": 51.4236,
    "runup": [
      543.3254,
      41.4998
    ],
    "approach_lane_offset": 4.0,
    "offset_approach": true,
    "obstacle_indices": [
      0,
      12
    ],
    "axis": 1,
    "other_mouth": [
      819.7489,
      37.4998
    ],
    "replacement_entry": [
      839.7489,
      37.4998
    ],
    "second_access_clear": true,
    "second_access_radius": 5.01,
    "bait_depth": 5.0,
    "boundary_indices": [
      0
    ],
    "geometric_replacement_access_only": true
  },
  "station_bait": true,
  "requested_seconds": 300.0,
  "seconds": 300.0,
  "reason": "horizon",
  "native_render": true,
  "reproduction_of": null,
  "record_every_ticks": 1,
  "replay_frames": 3001,
  "initial_predators": 1,
  "final_predators_total": 2,
  "tracked_predators_present_final": 1,
  "ambient_predators_spawned": 1,
  "ambient_predators_present_final": 1,
  "agent_energy_refilled": true,
  "predator_state_native": false,
  "predator_dynamics_native_after_setup": true,
  "arranged_adjacent_awake_start": true,
  "bait_id": 0,
  "guide_id": 1,
  "bait_alive": true,
  "guide_alive": false,
  "deaths": [
    {
      "time": 55.9,
      "agent_id": 5,
      "role": "native_child"
    },
    {
      "time": 55.9,
      "agent_id": 6,
      "role": "native_child"
    },
    {
      "time": 86.2,
      "agent_id": 1,
      "role": "parent_guide"
    },
    {
      "time": 86.2,
      "agent_id": 2,
      "role": "native_child"
    },
    {
      "time": 86.2,
      "agent_id": 3,
      "role": "native_child"
    },
    {
      "time": 86.2,
      "agent_id": 7,
      "role": "native_child"
    },
    {
      "time": 86.2,
      "agent_id": 8,
      "role": "native_child"
    },
    {
      "time": 104.1,
      "agent_id": 9,
      "role": "native_child"
    },
    {
      "time": 109.2,
      "agent_id": 4,
      "role": "native_child"
    }
  ],
  "spawn_requests": [
    {
      "time": 0.1,
      "parent_id": 1
    },
    {
      "time": 0.2,
      "parent_id": 1
    },
    {
      "time": 0.3,
      "parent_id": 1
    },
    {
      "time": 0.4,
      "parent_id": 1
    },
    {
      "time": 0.5,
      "parent_id": 1
    },
    {
      "time": 0.6,
      "parent_id": 1
    },
    {
      "time": 0.7,
      "parent_id": 1
    },
    {
      "time": 0.8,
      "parent_id": 1
    }
  ],
  "child_births": [
    {
      "time": 0.1,
      "child_id": 2,
      "x": 148.597,
      "y": 114.7852,
      "requesting_parent_ids": [
        1
      ],
      "native_parent_proximity_spawn": true
    },
    {
      "time": 0.2,
      "child_id": 3,
      "x": 166.2868,
      "y": 169.2623,
      "requesting_parent_ids": [
        1
      ],
      "native_parent_proximity_spawn": true
    },
    {
      "time": 0.3,
      "child_id": 4,
      "x": 150.2664,
      "y": 126.1251,
      "requesting_parent_ids": [
        1
      ],
      "native_parent_proximity_spawn": true
    },
    {
      "time": 0.4,
      "child_id": 5,
      "x": 166.4045,
      "y": 167.4536,
      "requesting_parent_ids": [
        1
      ],
      "native_parent_proximity_spawn": true
    },
    {
      "time": 0.5,
      "child_id": 6,
      "x": 138.2141,
      "y": 191.8255,
      "requesting_parent_ids": [
        1
      ],
      "native_parent_proximity_spawn": true
    },
    {
      "time": 0.6,
      "child_id": 7,
      "x": 157.9309,
      "y": 140.6406,
      "requesting_parent_ids": [
        1
      ],
      "native_parent_proximity_spawn": true
    },
    {
      "time": 0.7,
      "child_id": 8,
      "x": 187.5018,
      "y": 158.2032,
      "requesting_parent_ids": [
        1
      ],
      "native_parent_proximity_spawn": true
    },
    {
      "time": 0.8,
      "child_id": 9,
      "x": 161.7082,
      "y": 134.29,
      "requesting_parent_ids": [
        1
      ],
      "native_parent_proximity_spawn": true
    }
  ],
  "fruit_consumptions": [
    {
      "time": 11.5,
      "agent_id": 5,
      "x": 286.9007,
      "y": 83.1428
    },
    {
      "time": 42.5,
      "agent_id": 4,
      "x": 492.9714,
      "y": 176.0319
    },
    {
      "time": 44.2,
      "agent_id": 5,
      "x": 557.3298,
      "y": 207.7712
    },
    {
      "time": 67.9,
      "agent_id": 4,
      "x": 686.7969,
      "y": 60.3788
    },
    {
      "time": 73.5,
      "agent_id": 2,
      "x": 586.9723,
      "y": 189.3937
    },
    {
      "time": 73.5,
      "agent_id": 2,
      "x": 602.8962,
      "y": 178.7363
    },
    {
      "time": 75.6,
      "agent_id": 1,
      "x": 554.7425,
      "y": 211.6317
    },
    {
      "time": 86.3,
      "agent_id": 9,
      "x": 649.4583,
      "y": 84.8512
    },
    {
      "time": 86.9,
      "agent_id": 4,
      "x": 673.1877,
      "y": 96.3314
    },
    {
      "time": 96.0,
      "agent_id": 4,
      "x": 732.7782,
      "y": 34.8818
    },
    {
      "time": 96.7,
      "agent_id": 4,
      "x": 751.7601,
      "y": 57.8885
    },
    {
      "time": 97.1,
      "agent_id": 9,
      "x": 693.146,
      "y": 109.5369
    }
  ],
  "parent_fruit_consumed_before_tracked_encounter": 0,
  "tracked_encounter_times": [
    0.1
  ],
  "conditional_delivery_denominator": true,
  "conditional_delivery_status": "not_applicable",
  "setup_oracle": false,
  "setup_oracle_target": null,
  "setup_oracle_ticks": 0,
  "setup_oracle_routing": null,
  "setup_oracle_route_resets": 0,
  "setup_oracle_policy_reset_before_handoff_act": false,
  "setup_oracle_handoff_time": null,
  "dynamic_action_privilege_ended_at": null,
  "target_switches": [
    {
      "time": 0.1,
      "tracked_predator_slot": 0,
      "target": 1
    },
    {
      "time": 0.2,
      "tracked_predator_slot": 0,
      "target": 2
    },
    {
      "time": 3.3,
      "tracked_predator_slot": 0,
      "target": 3
    },
    {
      "time": 3.4,
      "tracked_predator_slot": 0,
      "target": 1
    },
    {
      "time": 3.6,
      "tracked_predator_slot": 0,
      "target": 9
    },
    {
      "time": 3.8,
      "tracked_predator_slot": 0,
      "target": 7
    },
    {
      "time": 3.9,
      "tracked_predator_slot": 0,
      "target": 4
    },
    {
      "time": 4.2,
      "tracked_predator_slot": 0,
      "target": 3
    },
    {
      "time": 4.4,
      "tracked_predator_slot": 0,
      "target": 7
    },
    {
      "time": 4.5,
      "tracked_predator_slot": 0,
      "target": 3
    },
    {
      "time": 4.7,
      "tracked_predator_slot": 0,
      "target": 2
    },
    {
      "time": 4.8,
      "tracked_predator_slot": 0,
      "target": 9
    },
    {
      "time": 5.0,
      "tracked_predator_slot": 0,
      "target": 4
    },
    {
      "time": 5.1,
      "tracked_predator_slot": 0,
      "target": 3
    },
    {
      "time": 5.2,
      "tracked_predator_slot": 0,
      "target": 1
    },
    {
      "time": 5.3,
      "tracked_predator_slot": 0,
      "target": 4
    },
    {
      "time": 5.4,
      "tracked_predator_slot": 0,
      "target": 1
    },
    {
      "time": 5.5,
      "tracked_predator_slot": 0,
      "target": 4
    },
    {
      "time": 5.6,
      "tracked_predator_slot": 0,
      "target": 1
    },
    {
      "time": 5.7,
      "tracked_predator_slot": 0,
      "target": 4
    },
    {
      "time": 5.8,
      "tracked_predator_slot": 0,
      "target": 1
    },
    {
      "time": 5.9,
      "tracked_predator_slot": 0,
      "target": 4
    },
    {
      "time": 6.0,
      "tracked_predator_slot": 0,
      "target": 7
    },
    {
      "time": 6.1,
      "tracked_predator_slot": 0,
      "target": 9
    },
    {
      "time": 6.2,
      "tracked_predator_slot": 0,
      "target": 1
    },
    {
      "time": 7.0,
      "tracked_predator_slot": 0,
      "target": 4
    },
    {
      "time": 7.6,
      "tracked_predator_slot": 0,
      "target": 3
    },
    {
      "time": 7.7,
      "tracked_predator_slot": 0,
      "target": 6
    },
    {
      "time": 8.1,
      "tracked_predator_slot": 0,
      "target": 4
    },
    {
      "time": 8.4,
      "tracked_predator_slot": 0,
      "target": 1
    },
    {
      "time": 8.5,
      "tracked_predator_slot": 0,
      "target": 3
    },
    {
      "time": 8.6,
      "tracked_predator_slot": 0,
      "target": 1
    },
    {
      "time": 8.7,
      "tracked_predator_slot": 0,
      "target": 5
    },
    {
      "time": 8.8,
      "tracked_predator_slot": 0,
      "target": 7
    },
    {
      "time": 8.9,
      "tracked_predator_slot": 0,
      "target": 5
    },
    {
      "time": 9.0,
      "tracked_predator_slot": 0,
      "target": 3
    },
    {
      "time": 9.3,
      "tracked_predator_slot": 0,
      "target": 2
    },
    {
      "time": 9.6,
      "tracked_predator_slot": 0,
      "target": 3
    },
    {
      "time": 9.8,
      "tracked_predator_slot": 0,
      "target": 1
    },
    {
      "time": 9.9,
      "tracked_predator_slot": 0,
      "target": 6
    },
    {
      "time": 10.0,
      "tracked_predator_slot": 0,
      "target": 5
    },
    {
      "time": 10.1,
      "tracked_predator_slot": 0,
      "target": 7
    },
    {
      "time": 10.3,
      "tracked_predator_slot": 0,
      "target": 9
    },
    {
      "time": 10.4,
      "tracked_predator_slot": 0,
      "target": 5
    },
    {
      "time": 10.5,
      "tracked_predator_slot": 0,
      "target": 3
    },
    {
      "time": 10.6,
      "tracked_predator_slot": 0,
      "target": 2
    },
    {
      "time": 10.8,
      "tracked_predator_slot": 0,
      "target": 9
    },
    {
      "time": 10.9,
      "tracked_predator_slot": 0,
      "target": 7
    },
    {
      "time": 11.1,
      "tracked_predator_slot": 0,
      "target": 5
    },
    {
      "time": 11.2,
      "tracked_predator_slot": 0,
      "target": 1
    },
    {
      "time": 11.4,
      "tracked_predator_slot": 0,
      "target": 2
    },
    {
      "time": 11.5,
      "tracked_predator_slot": 0,
      "target": 3
    },
    {
      "time": 11.6,
      "tracked_predator_slot": 0,
      "target": 1
    },
    {
      "time": 11.8,
      "tracked_predator_slot": 0,
      "target": 6
    },
    {
      "time": 11.9,
      "tracked_predator_slot": 0,
      "target": 1
    },
    {
      "time": 12.0,
      "tracked_predator_slot": 0,
      "target": 9
    },
    {
      "time": 12.1,
      "tracked_predator_slot": 0,
      "target": 3
    },
    {
      "time": 12.2,
      "tracked_predator_slot": 0,
      "target": 6
    },
    {
      "time": 12.3,
      "tracked_predator_slot": 0,
      "target": 7
    },
    {
      "time": 12.4,
      "tracked_predator_slot": 0,
      "target": 1
    },
    {
      "time": 12.5,
      "tracked_predator_slot": 0,
      "target": 6
    },
    {
      "time": 12.7,
      "tracked_predator_slot": 0,
      "target": "resting"
    },
    {
      "time": 16.2,
      "tracked_predator_slot": 0,
      "target": 1
    },
    {
      "time": 16.3,
      "tracked_predator_slot": 0,
      "target": 6
    },
    {
      "time": 16.8,
      "tracked_predator_slot": 0,
      "target": 4
    },
    {
      "time": 16.9,
      "tracked_predator_slot": 0,
      "target": 6
    },
    {
      "time": 18.0,
      "tracked_predator_slot": 0,
      "target": 3
    },
    {
      "time": 18.1,
      "tracked_predator_slot": 0,
      "target": 7
    },
    {
      "time": 18.2,
      "tracked_predator_slot": 0,
      "target": 3
    },
    {
      "time": 18.3,
      "tracked_predator_slot": 0,
      "target": 9
    },
    {
      "time": 18.4,
      "tracked_predator_slot": 0,
      "target": 3
    },
    {
      "time": 18.5,
      "tracked_predator_slot": 0,
      "target": 6
    },
    {
      "time": 18.6,
      "tracked_predator_slot": 0,
      "target": 2
    },
    {
      "time": 18.8,
      "tracked_predator_slot": 0,
      "target": 4
    },
    {
      "time": 19.6,
      "tracked_predator_slot": 0,
      "target": 9
    },
    {
      "time": 19.7,
      "tracked_predator_slot": 0,
      "target": 3
    },
    {
      "time": 19.8,
      "tracked_predator_slot": 0,
      "target": 6
    },
    {
      "time": 20.1,
      "tracked_predator_slot": 0,
      "target": 8
    },
    {
      "time": 20.2,
      "tracked_predator_slot": 0,
      "target": 6
    },
    {
      "time": 20.3,
      "tracked_predator_slot": 0,
      "target": 4
    },
    {
      "time": 20.4,
      "tracked_predator_slot": 0,
      "target": 9
    },
    {
      "time": 20.5,
      "tracked_predator_slot": 0,
      "target": 6
    },
    {
      "time": 20.8,
      "tracked_predator_slot": 0,
      "target": 1
    },
    {
      "time": 21.0,
      "tracked_predator_slot": 0,
      "target": 6
    },
    {
      "time": 21.7,
      "tracked_predator_slot": 0,
      "target": 8
    },
    {
      "time": 21.8,
      "tracked_predator_slot": 0,
      "target": 6
    },
    {
      "time": 22.7,
      "tracked_predator_slot": 0,
      "target": 9
    },
    {
      "time": 22.8,
      "tracked_predator_slot": 0,
      "target": 1
    },
    {
      "time": 22.9,
      "tracked_predator_slot": 0,
      "target": 5
    },
    {
      "time": 23.0,
      "tracked_predator_slot": 0,
      "target": 1
    },
    {
      "time": 23.1,
      "tracked_predator_slot": 0,
      "target": 5
    },
    {
      "time": 23.2,
      "tracked_predator_slot": 0,
      "target": 1
    },
    {
      "time": 23.3,
      "tracked_predator_slot": 0,
      "target": 5
    },
    {
      "time": 23.4,
      "tracked_predator_slot": 0,
      "target": 1
    },
    {
      "time": 23.5,
      "tracked_predator_slot": 0,
      "target": 5
    },
    {
      "time": 23.6,
      "tracked_predator_slot": 0,
      "target": 1
    },
    {
      "time": 23.7,
      "tracked_predator_slot": 0,
      "target": 5
    },
    {
      "time": 23.8,
      "tracked_predator_slot": 0,
      "target": 1
    },
    {
      "time": 23.9,
      "tracked_predator_slot": 0,
      "target": 5
    },
    {
      "time": 24.0,
      "tracked_predator_slot": 0,
      "target": 1
    },
    {
      "time": 24.1,
      "tracked_predator_slot": 0,
      "target": 7
    },
    {
      "time": 24.2,
      "tracked_predator_slot": 0,
      "target": 6
    },
    {
      "time": 24.3,
      "tracked_predator_slot": 0,
      "target": 9
    },
    {
      "time": 24.7,
      "tracked_predator_slot": 0,
      "target": 5
    },
    {
      "time": 24.8,
      "tracked_predator_slot": 0,
      "target": 9
    },
    {
      "time": 24.9,
      "tracked_predator_slot": 0,
      "target": 4
    },
    {
      "time": 25.0,
      "tracked_predator_slot": 0,
      "target": 8
    },
    {
      "time": 25.1,
      "tracked_predator_slot": 0,
      "target": 2
    },
    {
      "time": 25.2,
      "tracked_predator_slot": 0,
      "target": "resting"
    },
    {
      "time": 28.7,
      "tracked_predator_slot": 0,
      "target": 3
    },
    {
      "time": 28.8,
      "tracked_predator_slot": 0,
      "target": 5
    },
    {
      "time": 28.9,
      "tracked_predator_slot": 0,
      "target": 1
    },
    {
      "time": 29.1,
      "tracked_predator_slot": 0,
      "target": 6
    },
    {
      "time": 29.2,
      "tracked_predator_slot": 0,
      "target": 2
    },
    {
      "time": 29.3,
      "tracked_predator_slot": 0,
      "target": 6
    },
    {
      "time": 29.4,
      "tracked_predator_slot": 0,
      "target": 1
    },
    {
      "time": 29.5,
      "tracked_predator_slot": 0,
      "target": 6
    },
    {
      "time": 29.6,
      "tracked_predator_slot": 0,
      "target": 1
    },
    {
      "time": 29.7,
      "tracked_predator_slot": 0,
      "target": 5
    },
    {
      "time": 29.8,
      "tracked_predator_slot": 0,
      "target": 1
    },
    {
      "time": 29.9,
      "tracked_predator_slot": 0,
      "target": 5
    },
    {
      "time": 30.0,
      "tracked_predator_slot": 0,
      "target": 1
    },
    {
      "time": 30.1,
      "tracked_predator_slot": 0,
      "target": 6
    },
    {
      "time": 30.2,
      "tracked_predator_slot": 0,
      "target": 1
    },
    {
      "time": 30.3,
      "tracked_predator_slot": 0,
      "target": 8
    },
    {
      "time": 30.7,
      "tracked_predator_slot": 0,
      "target": 1
    },
    {
      "time": 31.8,
      "tracked_predator_slot": 0,
      "target": 5
    },
    {
      "time": 32.0,
      "tracked_predator_slot": 0,
      "target": 7
    },
    {
      "time": 32.1,
      "tracked_predator_slot": 0,
      "target": 5
    },
    {
      "time": 32.2,
      "tracked_predator_slot": 0,
      "target": 1
    },
    {
      "time": 32.5,
      "tracked_predator_slot": 0,
      "target": 5
    },
    {
      "time": 32.6,
      "tracked_predator_slot": 0,
      "target": 8
    },
    {
      "time": 32.7,
      "tracked_predator_slot": 0,
      "target": 6
    },
    {
      "time": 32.8,
      "tracked_predator_slot": 0,
      "target": 4
    },
    {
      "time": 32.9,
      "tracked_predator_slot": 0,
      "target": 1
    },
    {
      "time": 33.0,
      "tracked_predator_slot": 0,
      "target": 2
    },
    {
      "time": 33.1,
      "tracked_predator_slot": 0,
      "target": 7
    },
    {
      "time": 33.2,
      "tracked_predator_slot": 0,
      "target": 1
    },
    {
      "time": 33.3,
      "tracked_predator_slot": 0,
      "target": 3
    },
    {
      "time": 33.4,
      "tracked_predator_slot": 0,
      "target": 4
    },
    {
      "time": 33.5,
      "tracked_predator_slot": 0,
      "target": 1
    },
    {
      "time": 34.9,
      "tracked_predator_slot": 0,
      "target": 5
    },
    {
      "time": 35.0,
      "tracked_predator_slot": 0,
      "target": 1
    },
    {
      "time": 35.1,
      "tracked_predator_slot": 0,
      "target": 5
    },
    {
      "time": 35.2,
      "tracked_predator_slot": 0,
      "target": 1
    },
    {
      "time": 35.4,
      "tracked_predator_slot": 0,
      "target": 3
    },
    {
      "time": 35.7,
      "tracked_predator_slot": 0,
      "target": 9
    },
    {
      "time": 35.8,
      "tracked_predator_slot": 0,
      "target": 3
    },
    {
      "time": 35.9,
      "tracked_predator_slot": 0,
      "target": 4
    },
    {
      "time": 36.2,
      "tracked_predator_slot": 0,
      "target": 3
    },
    {
      "time": 36.3,
      "tracked_predator_slot": 0,
      "target": 5
    },
    {
      "time": 36.5,
      "tracked_predator_slot": 0,
      "target": 8
    },
    {
      "time": 36.6,
      "tracked_predator_slot": 0,
      "target": 1
    },
    {
      "time": 36.7,
      "tracked_predator_slot": 0,
      "target": 8
    },
    {
      "time": 36.8,
      "tracked_predator_slot": 0,
      "target": 1
    },
    {
      "time": 36.9,
      "tracked_predator_slot": 0,
      "target": 6
    },
    {
      "time": 37.2,
      "tracked_predator_slot": 0,
      "target": 2
    },
    {
      "time": 37.4,
      "tracked_predator_slot": 0,
      "target": 1
    },
    {
      "time": 37.8,
      "tracked_predator_slot": 0,
      "target": "resting"
    },
    {
      "time": 41.3,
      "tracked_predator_slot": 0,
      "target": 1
    },
    {
      "time": 41.4,
      "tracked_predator_slot": 0,
      "target": 9
    },
    {
      "time": 41.5,
      "tracked_predator_slot": 0,
      "target": 7
    },
    {
      "time": 41.8,
      "tracked_predator_slot": 0,
      "target": 4
    },
    {
      "time": 41.9,
      "tracked_predator_slot": 0,
      "target": 7
    },
    {
      "time": 42.0,
      "tracked_predator_slot": 0,
      "target": 9
    },
    {
      "time": 42.1,
      "tracked_predator_slot": 0,
      "target": 7
    },
    {
      "time": 42.2,
      "tracked_predator_slot": 0,
      "target": 4
    },
    {
      "time": 42.3,
      "tracked_predator_slot": 0,
      "target": 7
    },
    {
      "time": 42.4,
      "tracked_predator_slot": 0,
      "target": 4
    },
    {
      "time": 42.5,
      "tracked_predator_slot": 0,
      "target": 7
    },
    {
      "time": 42.6,
      "tracked_predator_slot": 0,
      "target": 9
    },
    {
      "time": 42.7,
      "tracked_predator_slot": 0,
      "target": 4
    },
    {
      "time": 42.8,
      "tracked_predator_slot": 0,
      "target": 9
    },
    {
      "time": 42.9,
      "tracked_predator_slot": 0,
      "target": 3
    },
    {
      "time": 43.0,
      "tracked_predator_slot": 0,
      "target": 1
    },
    {
      "time": 43.2,
      "tracked_predator_slot": 0,
      "target": 8
    },
    {
      "time": 43.3,
      "tracked_predator_slot": 0,
      "target": 3
    },
    {
      "time": 43.4,
      "tracked_predator_slot": 0,
      "target": 4
    },
    {
      "time": 43.5,
      "tracked_predator_slot": 0,
      "target": 9
    },
    {
      "time": 43.6,
      "tracked_predator_slot": 0,
      "target": 7
    },
    {
      "time": 43.7,
      "tracked_predator_slot": 0,
      "target": 9
    },
    {
      "time": 43.8,
      "tracked_predator_slot": 0,
      "target": 3
    },
    {
      "time": 43.9,
      "tracked_predator_slot": 0,
      "target": 1
    },
    {
      "time": 44.1,
      "tracked_predator_slot": 0,
      "target": 3
    },
    {
      "time": 44.2,
      "tracked_predator_slot": 0,
      "target": 5
    },
    {
      "time": 44.3,
      "tracked_predator_slot": 0,
      "target": 3
    },
    {
      "time": 44.4,
      "tracked_predator_slot": 0,
      "target": 4
    },
    {
      "time": 44.5,
      "tracked_predator_slot": 0,
      "target": 7
    },
    {
      "time": 44.6,
      "tracked_predator_slot": 0,
      "target": 9
    },
    {
      "time": 44.7,
      "tracked_predator_slot": 0,
      "target": 2
    },
    {
      "time": 44.8,
      "tracked_predator_slot": 0,
      "target": 1
    },
    {
      "time": 44.9,
      "tracked_predator_slot": 0,
      "target": 2
    },
    {
      "time": 45.0,
      "tracked_predator_slot": 0,
      "target": 5
    },
    {
      "time": 45.2,
      "tracked_predator_slot": 0,
      "target": 6
    },
    {
      "time": 45.4,
      "tracked_predator_slot": 0,
      "target": 1
    },
    {
      "time": 45.5,
      "tracked_predator_slot": 0,
      "target": 2
    },
    {
      "time": 45.6,
      "tracked_predator_slot": 0,
      "target": 6
    },
    {
      "time": 45.8,
      "tracked_predator_slot": 0,
      "target": 5
    },
    {
      "time": 46.0,
      "tracked_predator_slot": 0,
      "target": 6
    },
    {
      "time": 46.1,
      "tracked_predator_slot": 0,
      "target": 1
    },
    {
      "time": 46.2,
      "tracked_predator_slot": 0,
      "target": 2
    },
    {
      "time": 46.4,
      "tracked_predator_slot": 0,
      "target": 8
    },
    {
      "time": 46.6,
      "tracked_predator_slot": 0,
      "target": 5
    },
    {
      "time": 46.7,
      "tracked_predator_slot": 0,
      "target": 9
    },
    {
      "time": 46.8,
      "tracked_predator_slot": 0,
      "target": 7
    },
    {
      "time": 46.9,
      "tracked_predator_slot": 0,
      "target": 5
    },
    {
      "time": 47.4,
      "tracked_predator_slot": 0,
      "target": 7
    },
    {
      "time": 47.5,
      "tracked_predator_slot": 0,
      "target": 4
    },
    {
      "time": 47.6,
      "tracked_predator_slot": 0,
      "target": 9
    },
    {
      "time": 47.7,
      "tracked_predator_slot": 0,
      "target": 4
    },
    {
      "time": 48.2,
      "tracked_predator_slot": 0,
      "target": 9
    },
    {
      "time": 48.3,
      "tracked_predator_slot": 0,
      "target": 3
    },
    {
      "time": 48.4,
      "tracked_predator_slot": 0,
      "target": 8
    },
    {
      "time": 48.5,
      "tracked_predator_slot": 0,
      "target": 4
    },
    {
      "time": 48.7,
      "tracked_predator_slot": 0,
      "target": 9
    },
    {
      "time": 48.9,
      "tracked_predator_slot": 0,
      "target": 6
    },
    {
      "time": 49.1,
      "tracked_predator_slot": 0,
      "target": 5
    },
    {
      "time": 49.2,
      "tracked_predator_slot": 0,
      "target": 1
    },
    {
      "time": 49.3,
      "tracked_predator_slot": 0,
      "target": 7
    },
    {
      "time": 50.4,
      "tracked_predator_slot": 0,
      "target": "resting"
    },
    {
      "time": 53.9,
      "tracked_predator_slot": 0,
      "target": 1
    },
    {
      "time": 54.0,
      "tracked_predator_slot": 0,
      "target": 6
    },
    {
      "time": 54.1,
      "tracked_predator_slot": 0,
      "target": 1
    },
    {
      "time": 54.2,
      "tracked_predator_slot": 0,
      "target": 6
    },
    {
      "time": 54.9,
      "tracked_predator_slot": 0,
      "target": 7
    },
    {
      "time": 55.0,
      "tracked_predator_slot": 0,
      "target": 5
    },
    {
      "time": 55.7,
      "tracked_predator_slot": 0,
      "target": 6
    },
    {
      "time": 55.9,
      "tracked_predator_slot": 0,
      "target": 9
    },
    {
      "time": 56.0,
      "tracked_predator_slot": 0,
      "target": null
    },
    {
      "time": 56.2,
      "tracked_predator_slot": 0,
      "target": 9
    },
    {
      "time": 56.4,
      "tracked_predator_slot": 0,
      "target": 3
    },
    {
      "time": 56.5,
      "tracked_predator_slot": 0,
      "target": 7
    },
    {
      "time": 56.6,
      "tracked_predator_slot": 0,
      "target": 4
    },
    {
      "time": 56.7,
      "tracked_predator_slot": 0,
      "target": 9
    },
    {
      "time": 56.8,
      "tracked_predator_slot": 0,
      "target": 7
    },
    {
      "time": 57.2,
      "tracked_predator_slot": 0,
      "target": 2
    },
    {
      "time": 57.3,
      "tracked_predator_slot": 0,
      "target": 9
    },
    {
      "time": 57.4,
      "tracked_predator_slot": 0,
      "target": 2
    },
    {
      "time": 57.7,
      "tracked_predator_slot": 0,
      "target": 1
    },
    {
      "time": 57.8,
      "tracked_predator_slot": 0,
      "target": 2
    },
    {
      "time": 58.2,
      "tracked_predator_slot": 0,
      "target": 1
    },
    {
      "time": 59.6,
      "tracked_predator_slot": 0,
      "target": 8
    },
    {
      "time": 59.7,
      "tracked_predator_slot": 0,
      "target": 9
    },
    {
      "time": 59.8,
      "tracked_predator_slot": 0,
      "target": 1
    },
    {
      "time": 60.1,
      "tracked_predator_slot": 0,
      "target": 4
    },
    {
      "time": 60.3,
      "tracked_predator_slot": 0,
      "target": 7
    },
    {
      "time": 60.4,
      "tracked_predator_slot": 0,
      "target": 3
    },
    {
      "time": 60.5,
      "tracked_predator_slot": 0,
      "target": 7
    },
    {
      "time": 60.6,
      "tracked_predator_slot": 0,
      "target": 2
    },
    {
      "time": 60.7,
      "tracked_predator_slot": 0,
      "target": 1
    },
    {
      "time": 60.8,
      "tracked_predator_slot": 0,
      "target": 9
    },
    {
      "time": 61.0,
      "tracked_predator_slot": 0,
      "target": 7
    },
    {
      "time": 61.1,
      "tracked_predator_slot": 0,
      "target": 9
    },
    {
      "time": 61.2,
      "tracked_predator_slot": 0,
      "target": 7
    },
    {
      "time": 61.3,
      "tracked_predator_slot": 0,
      "target": 2
    },
    {
      "time": 61.4,
      "tracked_predator_slot": 0,
      "target": 9
    },
    {
      "time": 61.5,
      "tracked_predator_slot": 0,
      "target": 7
    },
    {
      "time": 61.6,
      "tracked_predator_slot": 0,
      "target": 9
    },
    {
      "time": 61.7,
      "tracked_predator_slot": 0,
      "target": 7
    },
    {
      "time": 61.8,
      "tracked_predator_slot": 0,
      "target": 4
    },
    {
      "time": 61.9,
      "tracked_predator_slot": 0,
      "target": 3
    },
    {
      "time": 62.0,
      "tracked_predator_slot": 0,
      "target": 2
    },
    {
      "time": 62.6,
      "tracked_predator_slot": 0,
      "target": 1
    },
    {
      "time": 62.7,
      "tracked_predator_slot": 0,
      "target": 8
    },
    {
      "time": 62.8,
      "tracked_predator_slot": 0,
      "target": 1
    },
    {
      "time": 62.9,
      "tracked_predator_slot": 0,
      "target": 7
    },
    {
      "time": 63.0,
      "tracked_predator_slot": 0,
      "target": 4
    },
    {
      "time": 63.2,
      "tracked_predator_slot": 0,
      "target": 8
    },
    {
      "time": 63.3,
      "tracked_predator_slot": 0,
      "target": 7
    },
    {
      "time": 63.4,
      "tracked_predator_slot": 0,
      "target": 9
    },
    {
      "time": 63.5,
      "tracked_predator_slot": 0,
      "target": 2
    },
    {
      "time": 63.6,
      "tracked_predator_slot": 0,
      "target": 9
    },
    {
      "time": 63.7,
      "tracked_predator_slot": 0,
      "target": 8
    },
    {
      "time": 63.8,
      "tracked_predator_slot": 0,
      "target": 1
    },
    {
      "time": 63.9,
      "tracked_predator_slot": 0,
      "target": 2
    },
    {
      "time": 64.0,
      "tracked_predator_slot": 0,
      "target": 3
    },
    {
      "time": 64.1,
      "tracked_predator_slot": 0,
      "target": 8
    },
    {
      "time": 64.3,
      "tracked_predator_slot": 0,
      "target": 9
    },
    {
      "time": 64.8,
      "tracked_predator_slot": 0,
      "target": 8
    },
    {
      "time": 65.1,
      "tracked_predator_slot": 0,
      "target": 2
    },
    {
      "time": 65.2,
      "tracked_predator_slot": 0,
      "target": 7
    },
    {
      "time": 65.3,
      "tracked_predator_slot": 0,
      "target": 1
    },
    {
      "time": 65.4,
      "tracked_predator_slot": 0,
      "target": 8
    },
    {
      "time": 67.4,
      "tracked_predator_slot": 0,
      "target": 4
    },
    {
      "time": 67.5,
      "tracked_predator_slot": 0,
      "target": 8
    },
    {
      "time": 67.6,
      "tracked_predator_slot": 0,
      "target": 1
    },
    {
      "time": 67.7,
      "tracked_predator_slot": 0,
      "target": 8
    },
    {
      "time": 68.0,
      "tracked_predator_slot": 0,
      "target": 1
    },
    {
      "time": 68.1,
      "tracked_predator_slot": 0,
      "target": 9
    },
    {
      "time": 68.3,
      "tracked_predator_slot": 0,
      "target": 2
    },
    {
      "time": 68.4,
      "tracked_predator_slot": 0,
      "target": 9
    },
    {
      "time": 68.5,
      "tracked_predator_slot": 0,
      "target": 1
    },
    {
      "time": 68.6,
      "tracked_predator_slot": 0,
      "target": "resting"
    },
    {
      "time": 72.1,
      "tracked_predator_slot": 0,
      "target": 8
    },
    {
      "time": 72.2,
      "tracked_predator_slot": 0,
      "target": 2
    },
    {
      "time": 72.3,
      "tracked_predator_slot": 0,
      "target": 1
    },
    {
      "time": 72.7,
      "tracked_predator_slot": 0,
      "target": 2
    },
    {
      "time": 74.8,
      "tracked_predator_slot": 0,
      "target": 1
    },
    {
      "time": 74.9,
      "tracked_predator_slot": 0,
      "target": 9
    },
    {
      "time": 75.0,
      "tracked_predator_slot": 0,
      "target": 1
    },
    {
      "time": 75.1,
      "tracked_predator_slot": 0,
      "target": 2
    },
    {
      "time": 75.5,
      "tracked_predator_slot": 0,
      "target": 3
    },
    {
      "time": 75.6,
      "tracked_predator_slot": 0,
      "target": 4
    },
    {
      "time": 75.7,
      "tracked_predator_slot": 0,
      "target": 3
    },
    {
      "time": 75.9,
      "tracked_predator_slot": 0,
      "target": 2
    },
    {
      "time": 76.0,
      "tracked_predator_slot": 0,
      "target": 4
    },
    {
      "time": 76.1,
      "tracked_predator_slot": 0,
      "target": 1
    },
    {
      "time": 76.2,
      "tracked_predator_slot": 0,
      "target": 9
    },
    {
      "time": 76.3,
      "tracked_predator_slot": 0,
      "target": 2
    },
    {
      "time": 76.5,
      "tracked_predator_slot": 0,
      "target": 9
    },
    {
      "time": 76.6,
      "tracked_predator_slot": 0,
      "target": 3
    },
    {
      "time": 76.7,
      "tracked_predator_slot": 0,
      "target": 1
    },
    {
      "time": 76.9,
      "tracked_predator_slot": 0,
      "target": 3
    },
    {
      "time": 77.0,
      "tracked_predator_slot": 0,
      "target": 1
    },
    {
      "time": 77.1,
      "tracked_predator_slot": 0,
      "target": 8
    },
    {
      "time": 77.2,
      "tracked_predator_slot": 0,
      "target": 9
    },
    {
      "time": 77.3,
      "tracked_predator_slot": 0,
      "target": 8
    },
    {
      "time": 77.4,
      "tracked_predator_slot": 0,
      "target": 2
    },
    {
      "time": 77.5,
      "tracked_predator_slot": 0,
      "target": 8
    },
    {
      "time": 77.6,
      "tracked_predator_slot": 0,
      "target": 2
    },
    {
      "time": 77.7,
      "tracked_predator_slot": 0,
      "target": 8
    },
    {
      "time": 77.8,
      "tracked_predator_slot": 0,
      "target": 2
    },
    {
      "time": 77.9,
      "tracked_predator_slot": 0,
      "target": 7
    },
    {
      "time": 78.0,
      "tracked_predator_slot": 0,
      "target": 8
    },
    {
      "time": 78.1,
      "tracked_predator_slot": 0,
      "target": 7
    },
    {
      "time": 78.2,
      "tracked_predator_slot": 0,
      "target": 2
    },
    {
      "time": 78.3,
      "tracked_predator_slot": 0,
      "target": 7
    },
    {
      "time": 78.4,
      "tracked_predator_slot": 0,
      "target": 2
    },
    {
      "time": 78.5,
      "tracked_predator_slot": 0,
      "target": 1
    },
    {
      "time": 79.5,
      "tracked_predator_slot": 0,
      "target": 9
    },
    {
      "time": 79.7,
      "tracked_predator_slot": 0,
      "target": 7
    },
    {
      "time": 79.8,
      "tracked_predator_slot": 0,
      "target": 4
    },
    {
      "time": 79.9,
      "tracked_predator_slot": 0,
      "target": 2
    },
    {
      "time": 80.0,
      "tracked_predator_slot": 0,
      "target": 1
    },
    {
      "time": 80.1,
      "tracked_predator_slot": 0,
      "target": 7
    },
    {
      "time": 80.2,
      "tracked_predator_slot": 0,
      "target": 1
    },
    {
      "time": 80.3,
      "tracked_predator_slot": 0,
      "target": 9
    },
    {
      "time": 80.4,
      "tracked_predator_slot": 0,
      "target": 2
    },
    {
      "time": 80.5,
      "tracked_predator_slot": 0,
      "target": 1
    },
    {
      "time": 80.6,
      "tracked_predator_slot": 0,
      "target": 2
    },
    {
      "time": 80.8,
      "tracked_predator_slot": 0,
      "target": 1
    },
    {
      "time": 80.9,
      "tracked_predator_slot": 0,
      "target": 4
    },
    {
      "time": 81.1,
      "tracked_predator_slot": 0,
      "target": 3
    },
    {
      "time": 81.3,
      "tracked_predator_slot": 0,
      "target": "resting"
    },
    {
      "time": 84.8,
      "tracked_predator_slot": 0,
      "target": 9
    },
    {
      "time": 85.0,
      "tracked_predator_slot": 0,
      "target": 3
    },
    {
      "time": 85.1,
      "tracked_predator_slot": 0,
      "target": 4
    },
    {
      "time": 85.6,
      "tracked_predator_slot": 0,
      "target": 2
    },
    {
      "time": 85.7,
      "tracked_predator_slot": 0,
      "target": 3
    },
    {
      "time": 85.9,
      "tracked_predator_slot": 0,
      "target": 4
    },
    {
      "time": 86.0,
      "tracked_predator_slot": 0,
      "target": 7
    },
    {
      "time": 86.2,
      "tracked_predator_slot": 0,
      "target": 4
    },
    {
      "time": 87.3,
      "tracked_predator_slot": 0,
      "target": 9
    },
    {
      "time": 87.4,
      "tracked_predator_slot": 0,
      "target": 4
    },
    {
      "time": 87.5,
      "tracked_predator_slot": 0,
      "target": 9
    },
    {
      "time": 88.3,
      "tracked_predator_slot": 0,
      "target": 4
    },
    {
      "time": 88.4,
      "tracked_predator_slot": 0,
      "target": 9
    },
    {
      "time": 89.7,
      "tracked_predator_slot": 0,
      "target": 4
    },
    {
      "time": 90.3,
      "tracked_predator_slot": 0,
      "target": 9
    },
    {
      "time": 90.4,
      "tracked_predator_slot": 0,
      "target": 4
    },
    {
      "time": 90.5,
      "tracked_predator_slot": 0,
      "target": 9
    },
    {
      "time": 91.6,
      "tracked_predator_slot": 0,
      "target": 4
    },
    {
      "time": 91.9,
      "tracked_predator_slot": 0,
      "target": 9
    },
    {
      "time": 92.0,
      "tracked_predator_slot": 0,
      "target": 4
    },
    {
      "time": 92.1,
      "tracked_predator_slot": 0,
      "target": 9
    },
    {
      "time": 92.4,
      "tracked_predator_slot": 0,
      "target": 4
    },
    {
      "time": 92.5,
      "tracked_predator_slot": 0,
      "target": 9
    },
    {
      "time": 92.6,
      "tracked_predator_slot": 0,
      "target": 4
    },
    {
      "time": 92.8,
      "tracked_predator_slot": 0,
      "target": 9
    },
    {
      "time": 93.5,
      "tracked_predator_slot": 0,
      "target": 4
    },
    {
      "time": 94.0,
      "tracked_predator_slot": 0,
      "target": 9
    },
    {
      "time": 94.1,
      "tracked_predator_slot": 0,
      "target": null
    },
    {
      "time": 94.2,
      "tracked_predator_slot": 0,
      "target": 9
    },
    {
      "time": 95.3,
      "tracked_predator_slot": 0,
      "target": 4
    },
    {
      "time": 95.7,
      "tracked_predator_slot": 0,
      "target": 9
    },
    {
      "time": 96.2,
      "tracked_predator_slot": 0,
      "target": 4
    },
    {
      "time": 96.3,
      "tracked_predator_slot": 0,
      "target": 9
    },
    {
      "time": 96.5,
      "tracked_predator_slot": 0,
      "target": 4
    },
    {
      "time": 98.3,
      "tracked_predator_slot": 0,
      "target": 9
    },
    {
      "time": 98.9,
      "tracked_predator_slot": 0,
      "target": 4
    },
    {
      "time": 99.0,
      "tracked_predator_slot": 0,
      "target": 9
    },
    {
      "time": 99.2,
      "tracked_predator_slot": 0,
      "target": "resting"
    },
    {
      "time": 102.7,
      "tracked_predator_slot": 0,
      "target": 9
    },
    {
      "time": 103.3,
      "tracked_predator_slot": 0,
      "target": 4
    },
    {
      "time": 103.5,
      "tracked_predator_slot": 0,
      "target": 9
    },
    {
      "time": 103.6,
      "tracked_predator_slot": 0,
      "target": 4
    },
    {
      "time": 103.7,
      "tracked_predator_slot": 0,
      "target": 9
    },
    {
      "time": 104.1,
      "tracked_predator_slot": 0,
      "target": 4
    },
    {
      "time": 109.2,
      "tracked_predator_slot": 0,
      "target": 0
    },
    {
      "time": 122.3,
      "tracked_predator_slot": 0,
      "target": "resting"
    },
    {
      "time": 125.8,
      "tracked_predator_slot": 0,
      "target": 0
    },
    {
      "time": 134.9,
      "tracked_predator_slot": 0,
      "target": "resting"
    },
    {
      "time": 138.4,
      "tracked_predator_slot": 0,
      "target": 0
    },
    {
      "time": 147.8,
      "tracked_predator_slot": 0,
      "target": "resting"
    },
    {
      "time": 151.3,
      "tracked_predator_slot": 0,
      "target": 0
    },
    {
      "time": 160.4,
      "tracked_predator_slot": 0,
      "target": "resting"
    },
    {
      "time": 163.9,
      "tracked_predator_slot": 0,
      "target": 0
    },
    {
      "time": 173.3,
      "tracked_predator_slot": 0,
      "target": "resting"
    },
    {
      "time": 176.8,
      "tracked_predator_slot": 0,
      "target": 0
    },
    {
      "time": 186.2,
      "tracked_predator_slot": 0,
      "target": "resting"
    },
    {
      "time": 189.7,
      "tracked_predator_slot": 0,
      "target": 0
    },
    {
      "time": 198.8,
      "tracked_predator_slot": 0,
      "target": "resting"
    },
    {
      "time": 202.3,
      "tracked_predator_slot": 0,
      "target": 0
    },
    {
      "time": 211.4,
      "tracked_predator_slot": 0,
      "target": "resting"
    },
    {
      "time": 214.9,
      "tracked_predator_slot": 0,
      "target": 0
    },
    {
      "time": 224.3,
      "tracked_predator_slot": 0,
      "target": "resting"
    },
    {
      "time": 227.8,
      "tracked_predator_slot": 0,
      "target": 0
    },
    {
      "time": 237.2,
      "tracked_predator_slot": 0,
      "target": "resting"
    },
    {
      "time": 240.7,
      "tracked_predator_slot": 0,
      "target": 0
    },
    {
      "time": 249.8,
      "tracked_predator_slot": 0,
      "target": "resting"
    },
    {
      "time": 253.3,
      "tracked_predator_slot": 0,
      "target": 0
    },
    {
      "time": 262.4,
      "tracked_predator_slot": 0,
      "target": "resting"
    },
    {
      "time": 265.9,
      "tracked_predator_slot": 0,
      "target": 0
    },
    {
      "time": 275.3,
      "tracked_predator_slot": 0,
      "target": "resting"
    },
    {
      "time": 278.8,
      "tracked_predator_slot": 0,
      "target": 0
    },
    {
      "time": 287.9,
      "tracked_predator_slot": 0,
      "target": "resting"
    },
    {
      "time": 291.4,
      "tracked_predator_slot": 0,
      "target": 0
    }
  ],
  "guide_role_trace": [
    {
      "time": 0,
      "active_guide_id": 1
    },
    {
      "time": 0.3,
      "active_guide_id": 2
    },
    {
      "time": 3.2,
      "active_guide_id": 3
    },
    {
      "time": 3.6,
      "active_guide_id": 9
    },
    {
      "time": 3.8,
      "active_guide_id": 7
    },
    {
      "time": 3.9,
      "active_guide_id": 3
    },
    {
      "time": 4.0,
      "active_guide_id": 4
    },
    {
      "time": 4.2,
      "active_guide_id": 3
    },
    {
      "time": 4.6,
      "active_guide_id": 2
    },
    {
      "time": 4.9,
      "active_guide_id": 9
    },
    {
      "time": 5.2,
      "active_guide_id": 1
    },
    {
      "time": 7.2,
      "active_guide_id": 4
    },
    {
      "time": 7.6,
      "active_guide_id": 3
    },
    {
      "time": 7.7,
      "active_guide_id": 9
    },
    {
      "time": 7.9,
      "active_guide_id": 5
    },
    {
      "time": 8.0,
      "active_guide_id": 7
    },
    {
      "time": 8.1,
      "active_guide_id": 4
    },
    {
      "time": 8.2,
      "active_guide_id": 3
    },
    {
      "time": 8.6,
      "active_guide_id": 5
    },
    {
      "time": 8.8,
      "active_guide_id": 7
    },
    {
      "time": 8.9,
      "active_guide_id": 5
    },
    {
      "time": 9.0,
      "active_guide_id": 6
    },
    {
      "time": 9.5,
      "active_guide_id": 2
    },
    {
      "time": 9.7,
      "active_guide_id": 3
    },
    {
      "time": 9.8,
      "active_guide_id": 6
    },
    {
      "time": 10.1,
      "active_guide_id": 7
    },
    {
      "time": 10.6,
      "active_guide_id": 2
    },
    {
      "time": 10.8,
      "active_guide_id": 9
    },
    {
      "time": 10.9,
      "active_guide_id": 6
    },
    {
      "time": 11.2,
      "active_guide_id": 1
    },
    {
      "time": 12.0,
      "active_guide_id": 9
    },
    {
      "time": 12.1,
      "active_guide_id": 3
    },
    {
      "time": 12.3,
      "active_guide_id": 7
    },
    {
      "time": 12.4,
      "active_guide_id": 1
    },
    {
      "time": 12.8,
      "active_guide_id": 4
    },
    {
      "time": 13.0,
      "active_guide_id": 1
    },
    {
      "time": 16.4,
      "active_guide_id": 6
    },
    {
      "time": 18.1,
      "active_guide_id": 7
    },
    {
      "time": 18.5,
      "active_guide_id": 6
    },
    {
      "time": 18.7,
      "active_guide_id": 4
    },
    {
      "time": 19.7,
      "active_guide_id": 3
    },
    {
      "time": 20.0,
      "active_guide_id": 2
    },
    {
      "time": 20.1,
      "active_guide_id": 8
    },
    {
      "time": 20.3,
      "active_guide_id": 4
    },
    {
      "time": 20.5,
      "active_guide_id": 6
    },
    {
      "time": 24.4,
      "active_guide_id": 9
    },
    {
      "time": 24.7,
      "active_guide_id": 5
    },
    {
      "time": 24.9,
      "active_guide_id": 4
    },
    {
      "time": 25.0,
      "active_guide_id": 8
    },
    {
      "time": 25.1,
      "active_guide_id": 2
    },
    {
      "time": 25.2,
      "active_guide_id": 1
    },
    {
      "time": 25.3,
      "active_guide_id": 4
    },
    {
      "time": 25.5,
      "active_guide_id": 9
    },
    {
      "time": 29.0,
      "active_guide_id": 1
    },
    {
      "time": 29.2,
      "active_guide_id": 2
    },
    {
      "time": 29.9,
      "active_guide_id": 5
    },
    {
      "time": 30.3,
      "active_guide_id": 8
    },
    {
      "time": 30.8,
      "active_guide_id": 1
    },
    {
      "time": 31.9,
      "active_guide_id": 5
    },
    {
      "time": 32.6,
      "active_guide_id": 8
    },
    {
      "time": 32.7,
      "active_guide_id": 6
    },
    {
      "time": 32.9,
      "active_guide_id": 5
    },
    {
      "time": 33.3,
      "active_guide_id": 3
    },
    {
      "time": 33.4,
      "active_guide_id": 4
    },
    {
      "time": 33.5,
      "active_guide_id": 5
    },
    {
      "time": 33.8,
      "active_guide_id": 1
    },
    {
      "time": 35.6,
      "active_guide_id": 4
    },
    {
      "time": 36.2,
      "active_guide_id": 3
    },
    {
      "time": 36.4,
      "active_guide_id": 5
    },
    {
      "time": 36.7,
      "active_guide_id": 8
    },
    {
      "time": 36.8,
      "active_guide_id": 1
    },
    {
      "time": 36.9,
      "active_guide_id": 4
    },
    {
      "time": 37.0,
      "active_guide_id": 7
    },
    {
      "time": 37.3,
      "active_guide_id": 2
    },
    {
      "time": 37.5,
      "active_guide_id": 1
    },
    {
      "time": 37.9,
      "active_guide_id": 4
    },
    {
      "time": 38.0,
      "active_guide_id": 7
    },
    {
      "time": 38.2,
      "active_guide_id": 9
    },
    {
      "time": 38.5,
      "active_guide_id": 1
    },
    {
      "time": 42.0,
      "active_guide_id": 9
    },
    {
      "time": 42.1,
      "active_guide_id": 7
    },
    {
      "time": 42.7,
      "active_guide_id": 3
    },
    {
      "time": 43.0,
      "active_guide_id": 1
    },
    {
      "time": 43.2,
      "active_guide_id": 8
    },
    {
      "time": 43.4,
      "active_guide_id": 7
    },
    {
      "time": 43.7,
      "active_guide_id": 9
    },
    {
      "time": 43.8,
      "active_guide_id": 3
    },
    {
      "time": 44.2,
      "active_guide_id": 5
    },
    {
      "time": 44.4,
      "active_guide_id": 4
    },
    {
      "time": 44.8,
      "active_guide_id": 1
    },
    {
      "time": 45.0,
      "active_guide_id": 5
    },
    {
      "time": 45.4,
      "active_guide_id": 1
    },
    {
      "time": 45.6,
      "active_guide_id": 6
    },
    {
      "time": 46.7,
      "active_guide_id": 9
    },
    {
      "time": 46.8,
      "active_guide_id": 7
    },
    {
      "time": 46.9,
      "active_guide_id": 5
    },
    {
      "time": 47.4,
      "active_guide_id": 7
    },
    {
      "time": 47.6,
      "active_guide_id": 9
    },
    {
      "time": 47.8,
      "active_guide_id": 4
    },
    {
      "time": 48.7,
      "active_guide_id": 9
    },
    {
      "time": 48.9,
      "active_guide_id": 7
    },
    {
      "time": 51.1,
      "active_guide_id": 1
    },
    {
      "time": 54.2,
      "active_guide_id": 6
    },
    {
      "time": 54.6,
      "active_guide_id": 7
    },
    {
      "time": 55.0,
      "active_guide_id": 5
    },
    {
      "time": 55.1,
      "active_guide_id": 1
    },
    {
      "time": 55.6,
      "active_guide_id": 5
    },
    {
      "time": 55.9,
      "active_guide_id": 7
    },
    {
      "time": 57.3,
      "active_guide_id": 9
    },
    {
      "time": 57.4,
      "active_guide_id": 2
    },
    {
      "time": 58.5,
      "active_guide_id": 1
    },
    {
      "time": 59.4,
      "active_guide_id": 2
    },
    {
      "time": 59.7,
      "active_guide_id": 3
    },
    {
      "time": 59.8,
      "active_guide_id": 1
    },
    {
      "time": 60.2,
      "active_guide_id": 4
    },
    {
      "time": 60.3,
      "active_guide_id": 7
    },
    {
      "time": 60.4,
      "active_guide_id": 4
    },
    {
      "time": 60.6,
      "active_guide_id": 1
    },
    {
      "time": 61.0,
      "active_guide_id": 7
    },
    {
      "time": 61.4,
      "active_guide_id": 9
    },
    {
      "time": 61.5,
      "active_guide_id": 7
    },
    {
      "time": 61.8,
      "active_guide_id": 2
    },
    {
      "time": 62.6,
      "active_guide_id": 1
    },
    {
      "time": 62.9,
      "active_guide_id": 7
    },
    {
      "time": 63.0,
      "active_guide_id": 4
    },
    {
      "time": 63.2,
      "active_guide_id": 3
    },
    {
      "time": 63.5,
      "active_guide_id": 2
    },
    {
      "time": 63.6,
      "active_guide_id": 9
    },
    {
      "time": 63.7,
      "active_guide_id": 8
    },
    {
      "time": 63.8,
      "active_guide_id": 1
    },
    {
      "time": 64.0,
      "active_guide_id": 3
    },
    {
      "time": 64.2,
      "active_guide_id": 9
    },
    {
      "time": 64.9,
      "active_guide_id": 7
    },
    {
      "time": 65.1,
      "active_guide_id": 3
    },
    {
      "time": 65.2,
      "active_guide_id": 7
    },
    {
      "time": 65.3,
      "active_guide_id": 2
    },
    {
      "time": 65.4,
      "active_guide_id": 8
    },
    {
      "time": 67.6,
      "active_guide_id": 1
    },
    {
      "time": 68.2,
      "active_guide_id": 9
    },
    {
      "time": 68.6,
      "active_guide_id": 3
    },
    {
      "time": 68.8,
      "active_guide_id": 9
    },
    {
      "time": 69.2,
      "active_guide_id": 8
    },
    {
      "time": 72.4,
      "active_guide_id": 1
    },
    {
      "time": 73.4,
      "active_guide_id": 2
    },
    {
      "time": 74.6,
      "active_guide_id": 9
    },
    {
      "time": 74.7,
      "active_guide_id": 1
    },
    {
      "time": 75.1,
      "active_guide_id": 2
    },
    {
      "time": 75.5,
      "active_guide_id": 3
    },
    {
      "time": 75.9,
      "active_guide_id": 2
    },
    {
      "time": 76.0,
      "active_guide_id": 3
    },
    {
      "time": 76.1,
      "active_guide_id": 1
    },
    {
      "time": 76.4,
      "active_guide_id": 2
    },
    {
      "time": 76.6,
      "active_guide_id": 3
    },
    {
      "time": 76.7,
      "active_guide_id": 1
    },
    {
      "time": 78.3,
      "active_guide_id": 7
    },
    {
      "time": 78.5,
      "active_guide_id": 9
    },
    {
      "time": 78.6,
      "active_guide_id": 1
    },
    {
      "time": 79.0,
      "active_guide_id": 4
    },
    {
      "time": 79.1,
      "active_guide_id": 9
    },
    {
      "time": 79.8,
      "active_guide_id": 4
    },
    {
      "time": 79.9,
      "active_guide_id": 2
    },
    {
      "time": 80.0,
      "active_guide_id": 8
    },
    {
      "time": 80.2,
      "active_guide_id": 9
    },
    {
      "time": 80.4,
      "active_guide_id": 2
    },
    {
      "time": 80.9,
      "active_guide_id": 4
    },
    {
      "time": 81.2,
      "active_guide_id": 9
    },
    {
      "time": 85.0,
      "active_guide_id": 7
    },
    {
      "time": 85.2,
      "active_guide_id": 4
    },
    {
      "time": 85.4,
      "active_guide_id": 9
    },
    {
      "time": 85.8,
      "active_guide_id": 3
    },
    {
      "time": 86.2,
      "active_guide_id": 4
    },
    {
      "time": 87.8,
      "active_guide_id": 9
    },
    {
      "time": 89.7,
      "active_guide_id": 4
    },
    {
      "time": 90.6,
      "active_guide_id": 9
    },
    {
      "time": 91.6,
      "active_guide_id": 4
    },
    {
      "time": 91.9,
      "active_guide_id": 9
    },
    {
      "time": 92.0,
      "active_guide_id": 4
    },
    {
      "time": 92.1,
      "active_guide_id": 9
    },
    {
      "time": 92.4,
      "active_guide_id": 4
    },
    {
      "time": 92.8,
      "active_guide_id": 9
    },
    {
      "time": 93.5,
      "active_guide_id": 4
    },
    {
      "time": 94.0,
      "active_guide_id": 9
    },
    {
      "time": 95.4,
      "active_guide_id": 4
    },
    {
      "time": 95.7,
      "active_guide_id": 9
    },
    {
      "time": 96.5,
      "active_guide_id": 4
    },
    {
      "time": 98.3,
      "active_guide_id": 9
    },
    {
      "time": 103.3,
      "active_guide_id": 4
    },
    {
      "time": 103.8,
      "active_guide_id": 9
    },
    {
      "time": 104.1,
      "active_guide_id": 4
    }
  ],
  "guide_follow_trace": [
    {
      "time": 0.1,
      "active_guide_id": 1,
      "tracked_predator_slot": 0
    },
    {
      "time": 0.4,
      "active_guide_id": 2,
      "tracked_predator_slot": 0
    },
    {
      "time": 3.3,
      "active_guide_id": 3,
      "tracked_predator_slot": 0
    },
    {
      "time": 3.7,
      "active_guide_id": 9,
      "tracked_predator_slot": 0
    },
    {
      "time": 4.1,
      "active_guide_id": 4,
      "tracked_predator_slot": 0
    },
    {
      "time": 4.3,
      "active_guide_id": 3,
      "tracked_predator_slot": 0
    },
    {
      "time": 4.7,
      "active_guide_id": 2,
      "tracked_predator_slot": 0
    },
    {
      "time": 5.4,
      "active_guide_id": 1,
      "tracked_predator_slot": 0
    },
    {
      "time": 7.3,
      "active_guide_id": 4,
      "tracked_predator_slot": 0
    },
    {
      "time": 8.2,
      "active_guide_id": 4,
      "tracked_predator_slot": 0
    },
    {
      "time": 8.5,
      "active_guide_id": 3,
      "tracked_predator_slot": 0
    },
    {
      "time": 8.7,
      "active_guide_id": 5,
      "tracked_predator_slot": 0
    },
    {
      "time": 9.9,
      "active_guide_id": 6,
      "tracked_predator_slot": 0
    },
    {
      "time": 10.2,
      "active_guide_id": 7,
      "tracked_predator_slot": 0
    },
    {
      "time": 10.7,
      "active_guide_id": 2,
      "tracked_predator_slot": 0
    },
    {
      "time": 11.3,
      "active_guide_id": 1,
      "tracked_predator_slot": 0
    },
    {
      "time": 16.2,
      "active_guide_id": 1,
      "tracked_predator_slot": 0
    },
    {
      "time": 16.5,
      "active_guide_id": 6,
      "tracked_predator_slot": 0
    },
    {
      "time": 18.8,
      "active_guide_id": 4,
      "tracked_predator_slot": 0
    },
    {
      "time": 20.6,
      "active_guide_id": 6,
      "tracked_predator_slot": 0
    },
    {
      "time": 24.5,
      "active_guide_id": 9,
      "tracked_predator_slot": 0
    },
    {
      "time": 30.4,
      "active_guide_id": 8,
      "tracked_predator_slot": 0
    },
    {
      "time": 30.9,
      "active_guide_id": 1,
      "tracked_predator_slot": 0
    },
    {
      "time": 32.1,
      "active_guide_id": 5,
      "tracked_predator_slot": 0
    },
    {
      "time": 33.9,
      "active_guide_id": 1,
      "tracked_predator_slot": 0
    },
    {
      "time": 35.9,
      "active_guide_id": 4,
      "tracked_predator_slot": 0
    },
    {
      "time": 37.6,
      "active_guide_id": 1,
      "tracked_predator_slot": 0
    },
    {
      "time": 41.3,
      "active_guide_id": 1,
      "tracked_predator_slot": 0
    },
    {
      "time": 42.3,
      "active_guide_id": 7,
      "tracked_predator_slot": 0
    },
    {
      "time": 42.9,
      "active_guide_id": 3,
      "tracked_predator_slot": 0
    },
    {
      "time": 43.1,
      "active_guide_id": 1,
      "tracked_predator_slot": 0
    },
    {
      "time": 43.6,
      "active_guide_id": 7,
      "tracked_predator_slot": 0
    },
    {
      "time": 44.1,
      "active_guide_id": 3,
      "tracked_predator_slot": 0
    },
    {
      "time": 45.1,
      "active_guide_id": 5,
      "tracked_predator_slot": 0
    },
    {
      "time": 45.7,
      "active_guide_id": 6,
      "tracked_predator_slot": 0
    },
    {
      "time": 47.0,
      "active_guide_id": 5,
      "tracked_predator_slot": 0
    },
    {
      "time": 47.9,
      "active_guide_id": 4,
      "tracked_predator_slot": 0
    },
    {
      "time": 48.8,
      "active_guide_id": 9,
      "tracked_predator_slot": 0
    },
    {
      "time": 49.3,
      "active_guide_id": 7,
      "tracked_predator_slot": 0
    },
    {
      "time": 53.9,
      "active_guide_id": 1,
      "tracked_predator_slot": 0
    },
    {
      "time": 54.3,
      "active_guide_id": 6,
      "tracked_predator_slot": 0
    },
    {
      "time": 54.9,
      "active_guide_id": 7,
      "tracked_predator_slot": 0
    },
    {
      "time": 55.1,
      "active_guide_id": 5,
      "tracked_predator_slot": 0
    },
    {
      "time": 56.5,
      "active_guide_id": 7,
      "tracked_predator_slot": 0
    },
    {
      "time": 57.5,
      "active_guide_id": 2,
      "tracked_predator_slot": 0
    },
    {
      "time": 58.6,
      "active_guide_id": 1,
      "tracked_predator_slot": 0
    },
    {
      "time": 59.9,
      "active_guide_id": 1,
      "tracked_predator_slot": 0
    },
    {
      "time": 60.7,
      "active_guide_id": 1,
      "tracked_predator_slot": 0
    },
    {
      "time": 61.2,
      "active_guide_id": 7,
      "tracked_predator_slot": 0
    },
    {
      "time": 61.7,
      "active_guide_id": 7,
      "tracked_predator_slot": 0
    },
    {
      "time": 62.0,
      "active_guide_id": 2,
      "tracked_predator_slot": 0
    },
    {
      "time": 62.8,
      "active_guide_id": 1,
      "tracked_predator_slot": 0
    },
    {
      "time": 63.1,
      "active_guide_id": 4,
      "tracked_predator_slot": 0
    },
    {
      "time": 64.3,
      "active_guide_id": 9,
      "tracked_predator_slot": 0
    },
    {
      "time": 65.5,
      "active_guide_id": 8,
      "tracked_predator_slot": 0
    },
    {
      "time": 68.0,
      "active_guide_id": 1,
      "tracked_predator_slot": 0
    },
    {
      "time": 68.4,
      "active_guide_id": 9,
      "tracked_predator_slot": 0
    },
    {
      "time": 72.1,
      "active_guide_id": 8,
      "tracked_predator_slot": 0
    },
    {
      "time": 72.5,
      "active_guide_id": 1,
      "tracked_predator_slot": 0
    },
    {
      "time": 73.5,
      "active_guide_id": 2,
      "tracked_predator_slot": 0
    },
    {
      "time": 74.8,
      "active_guide_id": 1,
      "tracked_predator_slot": 0
    },
    {
      "time": 75.2,
      "active_guide_id": 2,
      "tracked_predator_slot": 0
    },
    {
      "time": 75.7,
      "active_guide_id": 3,
      "tracked_predator_slot": 0
    },
    {
      "time": 76.8,
      "active_guide_id": 1,
      "tracked_predator_slot": 0
    },
    {
      "time": 78.7,
      "active_guide_id": 1,
      "tracked_predator_slot": 0
    },
    {
      "time": 79.5,
      "active_guide_id": 9,
      "tracked_predator_slot": 0
    },
    {
      "time": 80.3,
      "active_guide_id": 9,
      "tracked_predator_slot": 0
    },
    {
      "time": 80.6,
      "active_guide_id": 2,
      "tracked_predator_slot": 0
    },
    {
      "time": 81.0,
      "active_guide_id": 4,
      "tracked_predator_slot": 0
    },
    {
      "time": 84.8,
      "active_guide_id": 9,
      "tracked_predator_slot": 0
    },
    {
      "time": 85.3,
      "active_guide_id": 4,
      "tracked_predator_slot": 0
    },
    {
      "time": 86.3,
      "active_guide_id": 4,
      "tracked_predator_slot": 0
    },
    {
      "time": 87.9,
      "active_guide_id": 9,
      "tracked_predator_slot": 0
    },
    {
      "time": 89.8,
      "active_guide_id": 4,
      "tracked_predator_slot": 0
    },
    {
      "time": 90.7,
      "active_guide_id": 9,
      "tracked_predator_slot": 0
    },
    {
      "time": 91.7,
      "active_guide_id": 4,
      "tracked_predator_slot": 0
    },
    {
      "time": 92.2,
      "active_guide_id": 9,
      "tracked_predator_slot": 0
    },
    {
      "time": 92.6,
      "active_guide_id": 4,
      "tracked_predator_slot": 0
    },
    {
      "time": 92.9,
      "active_guide_id": 9,
      "tracked_predator_slot": 0
    },
    {
      "time": 93.6,
      "active_guide_id": 4,
      "tracked_predator_slot": 0
    },
    {
      "time": 94.2,
      "active_guide_id": 9,
      "tracked_predator_slot": 0
    },
    {
      "time": 95.5,
      "active_guide_id": 4,
      "tracked_predator_slot": 0
    },
    {
      "time": 95.8,
      "active_guide_id": 9,
      "tracked_predator_slot": 0
    },
    {
      "time": 96.6,
      "active_guide_id": 4,
      "tracked_predator_slot": 0
    },
    {
      "time": 98.4,
      "active_guide_id": 9,
      "tracked_predator_slot": 0
    },
    {
      "time": 103.4,
      "active_guide_id": 4,
      "tracked_predator_slot": 0
    },
    {
      "time": 103.9,
      "active_guide_id": 9,
      "tracked_predator_slot": 0
    },
    {
      "time": 104.2,
      "active_guide_id": 4,
      "tracked_predator_slot": 0
    }
  ],
  "guide_role": "child",
  "parent_role": "gather_evade",
  "child_role": "guide",
  "active_guide_id_final": 4,
  "active_guide_alive_final": false,
  "guide_role_ids": [
    1,
    2,
    3,
    4,
    5,
    6,
    7,
    8,
    9
  ],
  "bait_deployed_at": 0.1,
  "policy_bait_ready_final": false,
  "bait_left_after_deployment": null,
  "final_bait_distance_to_goal": 0.0,
  "first_guide_predator_observation": 0.1,
  "first_predator_following_guide": 0.1,
  "first_predator_following_active_guide": 104.2,
  "tracked_seen_by_guide": 1,
  "tracked_followed_active_guide": 1,
  "physical_entered": 1,
  "guided_delivered": 1,
  "physical_losses_after_delivery": 0,
  "target_losses_after_delivery": 0,
  "physical_entry_times": [
    109.4
  ],
  "guided_delivery_times": [
    109.4
  ],
  "loss_times": [
    null
  ],
  "target_loss_times": [
    null
  ],
  "tail_seconds": 30.0,
  "tail_physical_min": 1,
  "tail_contained_min": 1,
  "final_distance_from_mouth": [
    11.6061
  ],
  "max_distance_after_delivery": [
    18.9191
  ],
  "policy_events": [
    {
      "time": 0.1,
      "kind": "bounded_emergency_reserve_birth",
      "parent_id": 1,
      "request_number": 1,
      "observed_distance": 55.0
    },
    {
      "time": 0.2,
      "kind": "native_backup_registered",
      "agent_id": 2
    },
    {
      "time": 0.2,
      "kind": "bounded_emergency_reserve_birth",
      "parent_id": 1,
      "request_number": 2,
      "observed_distance": 53.7435
    },
    {
      "time": 0.3,
      "kind": "native_backup_registered",
      "agent_id": 3
    },
    {
      "time": 0.3,
      "kind": "public_dto_active_guide",
      "agent_id": 2,
      "reason": "minimum_observed_predator_distance_hysteresis"
    },
    {
      "time": 0.3,
      "kind": "bounded_emergency_reserve_birth",
      "parent_id": 1,
      "request_number": 3,
      "observed_distance": 51.7783
    },
    {
      "time": 0.4,
      "kind": "native_backup_registered",
      "agent_id": 4
    },
    {
      "time": 0.4,
      "kind": "bounded_emergency_reserve_birth",
      "parent_id": 1,
      "request_number": 4,
      "observed_distance": 53.4631
    },
    {
      "time": 0.5,
      "kind": "native_backup_registered",
      "agent_id": 5
    },
    {
      "time": 0.5,
      "kind": "bounded_emergency_reserve_birth",
      "parent_id": 1,
      "request_number": 5,
      "observed_distance": 58.2521
    },
    {
      "time": 0.6,
      "kind": "native_backup_registered",
      "agent_id": 6
    },
    {
      "time": 0.6,
      "kind": "bounded_emergency_reserve_birth",
      "parent_id": 1,
      "request_number": 6,
      "observed_distance": 67.5441
    },
    {
      "time": 0.7,
      "kind": "native_backup_registered",
      "agent_id": 7
    },
    {
      "time": 0.7,
      "kind": "bounded_emergency_reserve_birth",
      "parent_id": 1,
      "request_number": 7,
      "observed_distance": 65.5584
    },
    {
      "time": 0.8,
      "kind": "native_backup_registered",
      "agent_id": 8
    },
    {
      "time": 0.8,
      "kind": "bounded_emergency_reserve_birth",
      "parent_id": 1,
      "request_number": 8,
      "observed_distance": 68.6133
    },
    {
      "time": 0.9,
      "kind": "native_backup_registered",
      "agent_id": 9
    },
    {
      "time": 3.2,
      "kind": "public_dto_active_guide",
      "agent_id": 3,
      "reason": "minimum_observed_predator_distance_hysteresis"
    },
    {
      "time": 3.6,
      "kind": "public_dto_active_guide",
      "agent_id": 9,
      "reason": "minimum_observed_predator_distance_hysteresis"
    },
    {
      "time": 3.8,
      "kind": "public_dto_active_guide",
      "agent_id": 7,
      "reason": "minimum_observed_predator_distance_hysteresis"
    },
    {
      "time": 3.9,
      "kind": "public_dto_active_guide",
      "agent_id": 3,
      "reason": "minimum_observed_predator_distance_hysteresis"
    },
    {
      "time": 4.0,
      "kind": "public_dto_active_guide",
      "agent_id": 4,
      "reason": "minimum_observed_predator_distance_hysteresis"
    },
    {
      "time": 4.2,
      "kind": "public_dto_active_guide",
      "agent_id": 3,
      "reason": "minimum_observed_predator_distance_hysteresis"
    },
    {
      "time": 4.6,
      "kind": "public_dto_active_guide",
      "agent_id": 2,
      "reason": "minimum_observed_predator_distance_hysteresis"
    },
    {
      "time": 4.9,
      "kind": "public_dto_active_guide",
      "agent_id": 9,
      "reason": "minimum_observed_predator_distance_hysteresis"
    },
    {
      "time": 5.2,
      "kind": "public_dto_active_guide",
      "agent_id": 1,
      "reason": "minimum_observed_predator_distance_hysteresis"
    },
    {
      "time": 7.2,
      "kind": "public_dto_active_guide",
      "agent_id": 4,
      "reason": "minimum_observed_predator_distance_hysteresis"
    },
    {
      "time": 7.6,
      "kind": "public_dto_active_guide",
      "agent_id": 3,
      "reason": "minimum_observed_predator_distance_hysteresis"
    },
    {
      "time": 7.7,
      "kind": "public_dto_active_guide",
      "agent_id": 9,
      "reason": "minimum_observed_predator_distance_hysteresis"
    },
    {
      "time": 7.9,
      "kind": "public_dto_active_guide",
      "agent_id": 5,
      "reason": "minimum_observed_predator_distance_hysteresis"
    },
    {
      "time": 8.0,
      "kind": "public_dto_active_guide",
      "agent_id": 7,
      "reason": "minimum_observed_predator_distance_hysteresis"
    },
    {
      "time": 8.1,
      "kind": "public_dto_active_guide",
      "agent_id": 4,
      "reason": "minimum_observed_predator_distance_hysteresis"
    },
    {
      "time": 8.2,
      "kind": "public_dto_active_guide",
      "agent_id": 3,
      "reason": "minimum_observed_predator_distance_hysteresis"
    },
    {
      "time": 8.6,
      "kind": "public_dto_active_guide",
      "agent_id": 5,
      "reason": "minimum_observed_predator_distance_hysteresis"
    },
    {
      "time": 8.8,
      "kind": "public_dto_active_guide",
      "agent_id": 7,
      "reason": "minimum_observed_predator_distance_hysteresis"
    },
    {
      "time": 8.9,
      "kind": "public_dto_active_guide",
      "agent_id": 5,
      "reason": "minimum_observed_predator_distance_hysteresis"
    },
    {
      "time": 9.0,
      "kind": "public_dto_active_guide",
      "agent_id": 6,
      "reason": "minimum_observed_predator_distance_hysteresis"
    },
    {
      "time": 9.5,
      "kind": "public_dto_active_guide",
      "agent_id": 2,
      "reason": "minimum_observed_predator_distance_hysteresis"
    },
    {
      "time": 9.7,
      "kind": "public_dto_active_guide",
      "agent_id": 3,
      "reason": "minimum_observed_predator_distance_hysteresis"
    },
    {
      "time": 9.8,
      "kind": "public_dto_active_guide",
      "agent_id": 6,
      "reason": "minimum_observed_predator_distance_hysteresis"
    },
    {
      "time": 10.1,
      "kind": "public_dto_active_guide",
      "agent_id": 7,
      "reason": "minimum_observed_predator_distance_hysteresis"
    },
    {
      "time": 10.6,
      "kind": "public_dto_active_guide",
      "agent_id": 2,
      "reason": "minimum_observed_predator_distance_hysteresis"
    },
    {
      "time": 10.8,
      "kind": "public_dto_active_guide",
      "agent_id": 9,
      "reason": "minimum_observed_predator_distance_hysteresis"
    },
    {
      "time": 10.9,
      "kind": "public_dto_active_guide",
      "agent_id": 6,
      "reason": "minimum_observed_predator_distance_hysteresis"
    },
    {
      "time": 11.2,
      "kind": "public_dto_active_guide",
      "agent_id": 1,
      "reason": "minimum_observed_predator_distance_hysteresis"
    },
    {
      "time": 12.0,
      "kind": "public_dto_active_guide",
      "agent_id": 9,
      "reason": "minimum_observed_predator_distance_hysteresis"
    },
    {
      "time": 12.1,
      "kind": "public_dto_active_guide",
      "agent_id": 3,
      "reason": "minimum_observed_predator_distance_hysteresis"
    },
    {
      "time": 12.3,
      "kind": "public_dto_active_guide",
      "agent_id": 7,
      "reason": "minimum_observed_predator_distance_hysteresis"
    },
    {
      "time": 12.4,
      "kind": "public_dto_active_guide",
      "agent_id": 1,
      "reason": "minimum_observed_predator_distance_hysteresis"
    },
    {
      "time": 12.8,
      "kind": "public_dto_active_guide",
      "agent_id": 4,
      "reason": "minimum_observed_predator_distance_hysteresis"
    },
    {
      "time": 13.0,
      "kind": "public_dto_active_guide",
      "agent_id": 1,
      "reason": "minimum_observed_predator_distance_hysteresis"
    },
    {
      "time": 16.4,
      "kind": "public_dto_active_guide",
      "agent_id": 6,
      "reason": "minimum_observed_predator_distance_hysteresis"
    },
    {
      "time": 18.1,
      "kind": "public_dto_active_guide",
      "agent_id": 7,
      "reason": "minimum_observed_predator_distance_hysteresis"
    },
    {
      "time": 18.5,
      "kind": "public_dto_active_guide",
      "agent_id": 6,
      "reason": "minimum_observed_predator_distance_hysteresis"
    },
    {
      "time": 18.7,
      "kind": "public_dto_active_guide",
      "agent_id": 4,
      "reason": "minimum_observed_predator_distance_hysteresis"
    },
    {
      "time": 19.7,
      "kind": "public_dto_active_guide",
      "agent_id": 3,
      "reason": "minimum_observed_predator_distance_hysteresis"
    },
    {
      "time": 20.0,
      "kind": "public_dto_active_guide",
      "agent_id": 2,
      "reason": "minimum_observed_predator_distance_hysteresis"
    },
    {
      "time": 20.1,
      "kind": "public_dto_active_guide",
      "agent_id": 8,
      "reason": "minimum_observed_predator_distance_hysteresis"
    },
    {
      "time": 20.3,
      "kind": "public_dto_active_guide",
      "agent_id": 4,
      "reason": "minimum_observed_predator_distance_hysteresis"
    },
    {
      "time": 20.5,
      "kind": "public_dto_active_guide",
      "agent_id": 6,
      "reason": "minimum_observed_predator_distance_hysteresis"
    },
    {
      "time": 24.4,
      "kind": "public_dto_active_guide",
      "agent_id": 9,
      "reason": "minimum_observed_predator_distance_hysteresis"
    },
    {
      "time": 24.7,
      "kind": "public_dto_active_guide",
      "agent_id": 5,
      "reason": "minimum_observed_predator_distance_hysteresis"
    },
    {
      "time": 24.9,
      "kind": "public_dto_active_guide",
      "agent_id": 4,
      "reason": "minimum_observed_predator_distance_hysteresis"
    },
    {
      "time": 25.0,
      "kind": "public_dto_active_guide",
      "agent_id": 8,
      "reason": "minimum_observed_predator_distance_hysteresis"
    },
    {
      "time": 25.1,
      "kind": "public_dto_active_guide",
      "agent_id": 2,
      "reason": "minimum_observed_predator_distance_hysteresis"
    },
    {
      "time": 25.2,
      "kind": "public_dto_active_guide",
      "agent_id": 1,
      "reason": "minimum_observed_predator_distance_hysteresis"
    },
    {
      "time": 25.3,
      "kind": "public_dto_active_guide",
      "agent_id": 4,
      "reason": "minimum_observed_predator_distance_hysteresis"
    },
    {
      "time": 25.5,
      "kind": "public_dto_active_guide",
      "agent_id": 9,
      "reason": "minimum_observed_predator_distance_hysteresis"
    },
    {
      "time": 29.0,
      "kind": "public_dto_active_guide",
      "agent_id": 1,
      "reason": "minimum_observed_predator_distance_hysteresis"
    },
    {
      "time": 29.2,
      "kind": "public_dto_active_guide",
      "agent_id": 2,
      "reason": "minimum_observed_predator_distance_hysteresis"
    },
    {
      "time": 29.9,
      "kind": "public_dto_active_guide",
      "agent_id": 5,
      "reason": "minimum_observed_predator_distance_hysteresis"
    },
    {
      "time": 30.3,
      "kind": "public_dto_active_guide",
      "agent_id": 8,
      "reason": "minimum_observed_predator_distance_hysteresis"
    },
    {
      "time": 30.8,
      "kind": "public_dto_active_guide",
      "agent_id": 1,
      "reason": "minimum_observed_predator_distance_hysteresis"
    },
    {
      "time": 31.9,
      "kind": "public_dto_active_guide",
      "agent_id": 5,
      "reason": "minimum_observed_predator_distance_hysteresis"
    },
    {
      "time": 32.6,
      "kind": "public_dto_active_guide",
      "agent_id": 8,
      "reason": "minimum_observed_predator_distance_hysteresis"
    },
    {
      "time": 32.7,
      "kind": "public_dto_active_guide",
      "agent_id": 6,
      "reason": "minimum_observed_predator_distance_hysteresis"
    },
    {
      "time": 32.9,
      "kind": "public_dto_active_guide",
      "agent_id": 5,
      "reason": "minimum_observed_predator_distance_hysteresis"
    },
    {
      "time": 33.3,
      "kind": "public_dto_active_guide",
      "agent_id": 3,
      "reason": "minimum_observed_predator_distance_hysteresis"
    },
    {
      "time": 33.4,
      "kind": "public_dto_active_guide",
      "agent_id": 4,
      "reason": "minimum_observed_predator_distance_hysteresis"
    },
    {
      "time": 33.5,
      "kind": "public_dto_active_guide",
      "agent_id": 5,
      "reason": "minimum_observed_predator_distance_hysteresis"
    },
    {
      "time": 33.8,
      "kind": "public_dto_active_guide",
      "agent_id": 1,
      "reason": "minimum_observed_predator_distance_hysteresis"
    },
    {
      "time": 35.6,
      "kind": "public_dto_active_guide",
      "agent_id": 4,
      "reason": "minimum_observed_predator_distance_hysteresis"
    },
    {
      "time": 36.2,
      "kind": "public_dto_active_guide",
      "agent_id": 3,
      "reason": "minimum_observed_predator_distance_hysteresis"
    },
    {
      "time": 36.4,
      "kind": "public_dto_active_guide",
      "agent_id": 5,
      "reason": "minimum_observed_predator_distance_hysteresis"
    },
    {
      "time": 36.7,
      "kind": "public_dto_active_guide",
      "agent_id": 8,
      "reason": "minimum_observed_predator_distance_hysteresis"
    },
    {
      "time": 36.8,
      "kind": "public_dto_active_guide",
      "agent_id": 1,
      "reason": "minimum_observed_predator_distance_hysteresis"
    },
    {
      "time": 36.9,
      "kind": "public_dto_active_guide",
      "agent_id": 4,
      "reason": "minimum_observed_predator_distance_hysteresis"
    },
    {
      "time": 37.0,
      "kind": "public_dto_active_guide",
      "agent_id": 7,
      "reason": "minimum_observed_predator_distance_hysteresis"
    },
    {
      "time": 37.3,
      "kind": "public_dto_active_guide",
      "agent_id": 2,
      "reason": "minimum_observed_predator_distance_hysteresis"
    },
    {
      "time": 37.5,
      "kind": "public_dto_active_guide",
      "agent_id": 1,
      "reason": "minimum_observed_predator_distance_hysteresis"
    },
    {
      "time": 37.9,
      "kind": "public_dto_active_guide",
      "agent_id": 4,
      "reason": "minimum_observed_predator_distance_hysteresis"
    },
    {
      "time": 38.0,
      "kind": "public_dto_active_guide",
      "agent_id": 7,
      "reason": "minimum_observed_predator_distance_hysteresis"
    },
    {
      "time": 38.2,
      "kind": "public_dto_active_guide",
      "agent_id": 9,
      "reason": "minimum_observed_predator_distance_hysteresis"
    },
    {
      "time": 38.5,
      "kind": "public_dto_active_guide",
      "agent_id": 1,
      "reason": "minimum_observed_predator_distance_hysteresis"
    },
    {
      "time": 42.0,
      "kind": "public_dto_active_guide",
      "agent_id": 9,
      "reason": "minimum_observed_predator_distance_hysteresis"
    },
    {
      "time": 42.1,
      "kind": "public_dto_active_guide",
      "agent_id": 7,
      "reason": "minimum_observed_predator_distance_hysteresis"
    },
    {
      "time": 42.7,
      "kind": "public_dto_active_guide",
      "agent_id": 3,
      "reason": "minimum_observed_predator_distance_hysteresis"
    },
    {
      "time": 43.0,
      "kind": "public_dto_active_guide",
      "agent_id": 1,
      "reason": "minimum_observed_predator_distance_hysteresis"
    },
    {
      "time": 43.2,
      "kind": "public_dto_active_guide",
      "agent_id": 8,
      "reason": "minimum_observed_predator_distance_hysteresis"
    },
    {
      "time": 43.4,
      "kind": "public_dto_active_guide",
      "agent_id": 7,
      "reason": "minimum_observed_predator_distance_hysteresis"
    },
    {
      "time": 43.7,
      "kind": "public_dto_active_guide",
      "agent_id": 9,
      "reason": "minimum_observed_predator_distance_hysteresis"
    },
    {
      "time": 43.8,
      "kind": "public_dto_active_guide",
      "agent_id": 3,
      "reason": "minimum_observed_predator_distance_hysteresis"
    },
    {
      "time": 44.2,
      "kind": "public_dto_active_guide",
      "agent_id": 5,
      "reason": "minimum_observed_predator_distance_hysteresis"
    },
    {
      "time": 44.4,
      "kind": "public_dto_active_guide",
      "agent_id": 4,
      "reason": "minimum_observed_predator_distance_hysteresis"
    },
    {
      "time": 44.8,
      "kind": "public_dto_active_guide",
      "agent_id": 1,
      "reason": "minimum_observed_predator_distance_hysteresis"
    },
    {
      "time": 45.0,
      "kind": "public_dto_active_guide",
      "agent_id": 5,
      "reason": "minimum_observed_predator_distance_hysteresis"
    },
    {
      "time": 45.4,
      "kind": "public_dto_active_guide",
      "agent_id": 1,
      "reason": "minimum_observed_predator_distance_hysteresis"
    },
    {
      "time": 45.6,
      "kind": "public_dto_active_guide",
      "agent_id": 6,
      "reason": "minimum_observed_predator_distance_hysteresis"
    },
    {
      "time": 46.7,
      "kind": "public_dto_active_guide",
      "agent_id": 9,
      "reason": "minimum_observed_predator_distance_hysteresis"
    },
    {
      "time": 46.8,
      "kind": "public_dto_active_guide",
      "agent_id": 7,
      "reason": "minimum_observed_predator_distance_hysteresis"
    },
    {
      "time": 46.9,
      "kind": "public_dto_active_guide",
      "agent_id": 5,
      "reason": "minimum_observed_predator_distance_hysteresis"
    },
    {
      "time": 47.4,
      "kind": "public_dto_active_guide",
      "agent_id": 7,
      "reason": "minimum_observed_predator_distance_hysteresis"
    },
    {
      "time": 47.6,
      "kind": "public_dto_active_guide",
      "agent_id": 9,
      "reason": "minimum_observed_predator_distance_hysteresis"
    },
    {
      "time": 47.8,
      "kind": "public_dto_active_guide",
      "agent_id": 4,
      "reason": "minimum_observed_predator_distance_hysteresis"
    },
    {
      "time": 48.7,
      "kind": "public_dto_active_guide",
      "agent_id": 9,
      "reason": "minimum_observed_predator_distance_hysteresis"
    },
    {
      "time": 48.9,
      "kind": "public_dto_active_guide",
      "agent_id": 7,
      "reason": "minimum_observed_predator_distance_hysteresis"
    },
    {
      "time": 51.1,
      "kind": "public_dto_active_guide",
      "agent_id": 1,
      "reason": "minimum_observed_predator_distance_hysteresis"
    },
    {
      "time": 54.2,
      "kind": "public_dto_active_guide",
      "agent_id": 6,
      "reason": "minimum_observed_predator_distance_hysteresis"
    },
    {
      "time": 54.6,
      "kind": "public_dto_active_guide",
      "agent_id": 7,
      "reason": "minimum_observed_predator_distance_hysteresis"
    },
    {
      "time": 55.0,
      "kind": "public_dto_active_guide",
      "agent_id": 5,
      "reason": "minimum_observed_predator_distance_hysteresis"
    },
    {
      "time": 55.1,
      "kind": "public_dto_active_guide",
      "agent_id": 1,
      "reason": "minimum_observed_predator_distance_hysteresis"
    },
    {
      "time": 55.6,
      "kind": "public_dto_active_guide",
      "agent_id": 5,
      "reason": "minimum_observed_predator_distance_hysteresis"
    },
    {
      "time": 55.9,
      "kind": "public_dto_active_guide",
      "agent_id": 7,
      "reason": "minimum_observed_predator_distance_hysteresis"
    },
    {
      "time": 57.3,
      "kind": "public_dto_active_guide",
      "agent_id": 9,
      "reason": "minimum_observed_predator_distance_hysteresis"
    },
    {
      "time": 57.4,
      "kind": "public_dto_active_guide",
      "agent_id": 2,
      "reason": "minimum_observed_predator_distance_hysteresis"
    },
    {
      "time": 58.5,
      "kind": "public_dto_active_guide",
      "agent_id": 1,
      "reason": "minimum_observed_predator_distance_hysteresis"
    },
    {
      "time": 59.4,
      "kind": "public_dto_active_guide",
      "agent_id": 2,
      "reason": "minimum_observed_predator_distance_hysteresis"
    },
    {
      "time": 59.7,
      "kind": "public_dto_active_guide",
      "agent_id": 3,
      "reason": "minimum_observed_predator_distance_hysteresis"
    },
    {
      "time": 59.8,
      "kind": "public_dto_active_guide",
      "agent_id": 1,
      "reason": "minimum_observed_predator_distance_hysteresis"
    },
    {
      "time": 60.2,
      "kind": "public_dto_active_guide",
      "agent_id": 4,
      "reason": "minimum_observed_predator_distance_hysteresis"
    },
    {
      "time": 60.3,
      "kind": "public_dto_active_guide",
      "agent_id": 7,
      "reason": "minimum_observed_predator_distance_hysteresis"
    },
    {
      "time": 60.4,
      "kind": "public_dto_active_guide",
      "agent_id": 4,
      "reason": "minimum_observed_predator_distance_hysteresis"
    },
    {
      "time": 60.6,
      "kind": "public_dto_active_guide",
      "agent_id": 1,
      "reason": "minimum_observed_predator_distance_hysteresis"
    },
    {
      "time": 61.0,
      "kind": "public_dto_active_guide",
      "agent_id": 7,
      "reason": "minimum_observed_predator_distance_hysteresis"
    },
    {
      "time": 61.4,
      "kind": "public_dto_active_guide",
      "agent_id": 9,
      "reason": "minimum_observed_predator_distance_hysteresis"
    },
    {
      "time": 61.5,
      "kind": "public_dto_active_guide",
      "agent_id": 7,
      "reason": "minimum_observed_predator_distance_hysteresis"
    },
    {
      "time": 61.8,
      "kind": "public_dto_active_guide",
      "agent_id": 2,
      "reason": "minimum_observed_predator_distance_hysteresis"
    },
    {
      "time": 62.6,
      "kind": "public_dto_active_guide",
      "agent_id": 1,
      "reason": "minimum_observed_predator_distance_hysteresis"
    },
    {
      "time": 62.9,
      "kind": "public_dto_active_guide",
      "agent_id": 7,
      "reason": "minimum_observed_predator_distance_hysteresis"
    },
    {
      "time": 63.0,
      "kind": "public_dto_active_guide",
      "agent_id": 4,
      "reason": "minimum_observed_predator_distance_hysteresis"
    },
    {
      "time": 63.2,
      "kind": "public_dto_active_guide",
      "agent_id": 3,
      "reason": "minimum_observed_predator_distance_hysteresis"
    },
    {
      "time": 63.5,
      "kind": "public_dto_active_guide",
      "agent_id": 2,
      "reason": "minimum_observed_predator_distance_hysteresis"
    },
    {
      "time": 63.6,
      "kind": "public_dto_active_guide",
      "agent_id": 9,
      "reason": "minimum_observed_predator_distance_hysteresis"
    },
    {
      "time": 63.7,
      "kind": "public_dto_active_guide",
      "agent_id": 8,
      "reason": "minimum_observed_predator_distance_hysteresis"
    },
    {
      "time": 63.8,
      "kind": "public_dto_active_guide",
      "agent_id": 1,
      "reason": "minimum_observed_predator_distance_hysteresis"
    },
    {
      "time": 64.0,
      "kind": "public_dto_active_guide",
      "agent_id": 3,
      "reason": "minimum_observed_predator_distance_hysteresis"
    },
    {
      "time": 64.2,
      "kind": "public_dto_active_guide",
      "agent_id": 9,
      "reason": "minimum_observed_predator_distance_hysteresis"
    },
    {
      "time": 64.9,
      "kind": "public_dto_active_guide",
      "agent_id": 7,
      "reason": "minimum_observed_predator_distance_hysteresis"
    },
    {
      "time": 65.1,
      "kind": "public_dto_active_guide",
      "agent_id": 3,
      "reason": "minimum_observed_predator_distance_hysteresis"
    },
    {
      "time": 65.2,
      "kind": "public_dto_active_guide",
      "agent_id": 7,
      "reason": "minimum_observed_predator_distance_hysteresis"
    },
    {
      "time": 65.3,
      "kind": "public_dto_active_guide",
      "agent_id": 2,
      "reason": "minimum_observed_predator_distance_hysteresis"
    },
    {
      "time": 65.4,
      "kind": "public_dto_active_guide",
      "agent_id": 8,
      "reason": "minimum_observed_predator_distance_hysteresis"
    },
    {
      "time": 67.6,
      "kind": "public_dto_active_guide",
      "agent_id": 1,
      "reason": "minimum_observed_predator_distance_hysteresis"
    },
    {
      "time": 68.2,
      "kind": "public_dto_active_guide",
      "agent_id": 9,
      "reason": "minimum_observed_predator_distance_hysteresis"
    },
    {
      "time": 68.6,
      "kind": "public_dto_active_guide",
      "agent_id": 3,
      "reason": "minimum_observed_predator_distance_hysteresis"
    },
    {
      "time": 68.8,
      "kind": "public_dto_active_guide",
      "agent_id": 9,
      "reason": "minimum_observed_predator_distance_hysteresis"
    },
    {
      "time": 69.2,
      "kind": "public_dto_active_guide",
      "agent_id": 8,
      "reason": "minimum_observed_predator_distance_hysteresis"
    },
    {
      "time": 72.4,
      "kind": "public_dto_active_guide",
      "agent_id": 1,
      "reason": "minimum_observed_predator_distance_hysteresis"
    },
    {
      "time": 73.4,
      "kind": "public_dto_active_guide",
      "agent_id": 2,
      "reason": "minimum_observed_predator_distance_hysteresis"
    },
    {
      "time": 74.6,
      "kind": "public_dto_active_guide",
      "agent_id": 9,
      "reason": "minimum_observed_predator_distance_hysteresis"
    },
    {
      "time": 74.7,
      "kind": "public_dto_active_guide",
      "agent_id": 1,
      "reason": "minimum_observed_predator_distance_hysteresis"
    },
    {
      "time": 75.1,
      "kind": "public_dto_active_guide",
      "agent_id": 2,
      "reason": "minimum_observed_predator_distance_hysteresis"
    },
    {
      "time": 75.5,
      "kind": "public_dto_active_guide",
      "agent_id": 3,
      "reason": "minimum_observed_predator_distance_hysteresis"
    },
    {
      "time": 75.9,
      "kind": "public_dto_active_guide",
      "agent_id": 2,
      "reason": "minimum_observed_predator_distance_hysteresis"
    },
    {
      "time": 76.0,
      "kind": "public_dto_active_guide",
      "agent_id": 3,
      "reason": "minimum_observed_predator_distance_hysteresis"
    },
    {
      "time": 76.1,
      "kind": "public_dto_active_guide",
      "agent_id": 1,
      "reason": "minimum_observed_predator_distance_hysteresis"
    },
    {
      "time": 76.4,
      "kind": "public_dto_active_guide",
      "agent_id": 2,
      "reason": "minimum_observed_predator_distance_hysteresis"
    },
    {
      "time": 76.6,
      "kind": "public_dto_active_guide",
      "agent_id": 3,
      "reason": "minimum_observed_predator_distance_hysteresis"
    },
    {
      "time": 76.7,
      "kind": "public_dto_active_guide",
      "agent_id": 1,
      "reason": "minimum_observed_predator_distance_hysteresis"
    },
    {
      "time": 78.3,
      "kind": "public_dto_active_guide",
      "agent_id": 7,
      "reason": "minimum_observed_predator_distance_hysteresis"
    },
    {
      "time": 78.5,
      "kind": "public_dto_active_guide",
      "agent_id": 9,
      "reason": "minimum_observed_predator_distance_hysteresis"
    },
    {
      "time": 78.6,
      "kind": "public_dto_active_guide",
      "agent_id": 1,
      "reason": "minimum_observed_predator_distance_hysteresis"
    },
    {
      "time": 79.0,
      "kind": "public_dto_active_guide",
      "agent_id": 4,
      "reason": "minimum_observed_predator_distance_hysteresis"
    },
    {
      "time": 79.1,
      "kind": "public_dto_active_guide",
      "agent_id": 9,
      "reason": "minimum_observed_predator_distance_hysteresis"
    },
    {
      "time": 79.8,
      "kind": "public_dto_active_guide",
      "agent_id": 4,
      "reason": "minimum_observed_predator_distance_hysteresis"
    },
    {
      "time": 79.9,
      "kind": "public_dto_active_guide",
      "agent_id": 2,
      "reason": "minimum_observed_predator_distance_hysteresis"
    },
    {
      "time": 80.0,
      "kind": "public_dto_active_guide",
      "agent_id": 8,
      "reason": "minimum_observed_predator_distance_hysteresis"
    },
    {
      "time": 80.2,
      "kind": "public_dto_active_guide",
      "agent_id": 9,
      "reason": "minimum_observed_predator_distance_hysteresis"
    },
    {
      "time": 80.4,
      "kind": "public_dto_active_guide",
      "agent_id": 2,
      "reason": "minimum_observed_predator_distance_hysteresis"
    },
    {
      "time": 80.9,
      "kind": "public_dto_active_guide",
      "agent_id": 4,
      "reason": "minimum_observed_predator_distance_hysteresis"
    },
    {
      "time": 81.2,
      "kind": "public_dto_active_guide",
      "agent_id": 9,
      "reason": "minimum_observed_predator_distance_hysteresis"
    },
    {
      "time": 85.0,
      "kind": "public_dto_active_guide",
      "agent_id": 7,
      "reason": "minimum_observed_predator_distance_hysteresis"
    },
    {
      "time": 85.2,
      "kind": "public_dto_active_guide",
      "agent_id": 4,
      "reason": "minimum_observed_predator_distance_hysteresis"
    },
    {
      "time": 85.4,
      "kind": "public_dto_active_guide",
      "agent_id": 9,
      "reason": "minimum_observed_predator_distance_hysteresis"
    },
    {
      "time": 85.8,
      "kind": "public_dto_active_guide",
      "agent_id": 3,
      "reason": "minimum_observed_predator_distance_hysteresis"
    },
    {
      "time": 86.2,
      "kind": "public_dto_active_guide",
      "agent_id": 4,
      "reason": "minimum_observed_predator_distance_hysteresis"
    },
    {
      "time": 87.8,
      "kind": "public_dto_active_guide",
      "agent_id": 9,
      "reason": "minimum_observed_predator_distance_hysteresis"
    },
    {
      "time": 89.7,
      "kind": "public_dto_active_guide",
      "agent_id": 4,
      "reason": "minimum_observed_predator_distance_hysteresis"
    },
    {
      "time": 90.6,
      "kind": "public_dto_active_guide",
      "agent_id": 9,
      "reason": "minimum_observed_predator_distance_hysteresis"
    },
    {
      "time": 91.6,
      "kind": "public_dto_active_guide",
      "agent_id": 4,
      "reason": "minimum_observed_predator_distance_hysteresis"
    },
    {
      "time": 91.9,
      "kind": "public_dto_active_guide",
      "agent_id": 9,
      "reason": "minimum_observed_predator_distance_hysteresis"
    },
    {
      "time": 92.0,
      "kind": "public_dto_active_guide",
      "agent_id": 4,
      "reason": "minimum_observed_predator_distance_hysteresis"
    },
    {
      "time": 92.1,
      "kind": "public_dto_active_guide",
      "agent_id": 9,
      "reason": "minimum_observed_predator_distance_hysteresis"
    },
    {
      "time": 92.4,
      "kind": "public_dto_active_guide",
      "agent_id": 4,
      "reason": "minimum_observed_predator_distance_hysteresis"
    },
    {
      "time": 92.8,
      "kind": "public_dto_active_guide",
      "agent_id": 9,
      "reason": "minimum_observed_predator_distance_hysteresis"
    },
    {
      "time": 93.5,
      "kind": "public_dto_active_guide",
      "agent_id": 4,
      "reason": "minimum_observed_predator_distance_hysteresis"
    },
    {
      "time": 94.0,
      "kind": "public_dto_active_guide",
      "agent_id": 9,
      "reason": "minimum_observed_predator_distance_hysteresis"
    },
    {
      "time": 95.4,
      "kind": "public_dto_active_guide",
      "agent_id": 4,
      "reason": "minimum_observed_predator_distance_hysteresis"
    },
    {
      "time": 95.7,
      "kind": "public_dto_active_guide",
      "agent_id": 9,
      "reason": "minimum_observed_predator_distance_hysteresis"
    },
    {
      "time": 96.5,
      "kind": "public_dto_active_guide",
      "agent_id": 4,
      "reason": "minimum_observed_predator_distance_hysteresis"
    },
    {
      "time": 98.3,
      "kind": "public_dto_active_guide",
      "agent_id": 9,
      "reason": "minimum_observed_predator_distance_hysteresis"
    },
    {
      "time": 103.3,
      "kind": "public_dto_active_guide",
      "agent_id": 4,
      "reason": "minimum_observed_predator_distance_hysteresis"
    },
    {
      "time": 103.8,
      "kind": "public_dto_active_guide",
      "agent_id": 9,
      "reason": "minimum_observed_predator_distance_hysteresis"
    },
    {
      "time": 104.1,
      "kind": "public_dto_active_guide",
      "agent_id": 4,
      "reason": "minimum_observed_predator_distance_hysteresis"
    }
  ],
  "success": true,
  "replay": "results/simple_chase/replays/real-map-BurstGuides-m10200-f20200-p1-direct_guide-sitebait1-c9a76203.json.gz"
}
/home/Ucals/projects/NordicCupAI-wall-funneling/survival-simulator/oscar-trap-research/survival/results/simple_chase/real-map-BurstGuides-m10200-f20200-p1-direct_guide-sitebait1-c9a76203.json
