Running as unit: run-p925956-i842427.scope; invocation ID: 8da53e61302e4ebf972ac5196277a802
{"progress": "real-map-EmergencyGuides-m10343-f20343-p1-direct_guide-sitebait1-7222b1eb", "time": 10.0, "bait_deployed": 0.1, "policy_bait_ready": false, "encounter": 0.1, "oracle_handoff": null, "children": 8, "active_guide_id": 9, "guide_alive": true, "active_guide_alive": true, "guided_delivered": 0}
{"progress": "real-map-EmergencyGuides-m10343-f20343-p1-direct_guide-sitebait1-7222b1eb", "time": 20.0, "bait_deployed": 0.1, "policy_bait_ready": false, "encounter": 0.1, "oracle_handoff": null, "children": 8, "active_guide_id": 6, "guide_alive": true, "active_guide_alive": true, "guided_delivered": 0}
{"progress": "real-map-EmergencyGuides-m10343-f20343-p1-direct_guide-sitebait1-7222b1eb", "time": 30.0, "bait_deployed": 0.1, "policy_bait_ready": false, "encounter": 0.1, "oracle_handoff": null, "children": 8, "active_guide_id": 2, "guide_alive": true, "active_guide_alive": true, "guided_delivered": 0}
{"progress": "real-map-EmergencyGuides-m10343-f20343-p1-direct_guide-sitebait1-7222b1eb", "time": 40.0, "bait_deployed": 0.1, "policy_bait_ready": false, "encounter": 0.1, "oracle_handoff": null, "children": 8, "active_guide_id": 1, "guide_alive": true, "active_guide_alive": true, "guided_delivered": 0}
{"progress": "real-map-EmergencyGuides-m10343-f20343-p1-direct_guide-sitebait1-7222b1eb", "time": 50.0, "bait_deployed": 0.1, "policy_bait_ready": false, "encounter": 0.1, "oracle_handoff": null, "children": 8, "active_guide_id": 2, "guide_alive": true, "active_guide_alive": true, "guided_delivered": 0}
{"progress": "real-map-EmergencyGuides-m10343-f20343-p1-direct_guide-sitebait1-7222b1eb", "time": 60.0, "bait_deployed": 0.1, "policy_bait_ready": false, "encounter": 0.1, "oracle_handoff": null, "children": 8, "active_guide_id": 1, "guide_alive": true, "active_guide_alive": true, "guided_delivered": 0}
{"progress": "real-map-EmergencyGuides-m10343-f20343-p1-direct_guide-sitebait1-7222b1eb", "time": 70.0, "bait_deployed": 0.1, "policy_bait_ready": false, "encounter": 0.1, "oracle_handoff": null, "children": 8, "active_guide_id": 7, "guide_alive": true, "active_guide_alive": true, "guided_delivered": 0}
{"progress": "real-map-EmergencyGuides-m10343-f20343-p1-direct_guide-sitebait1-7222b1eb", "time": 80.0, "bait_deployed": 0.1, "policy_bait_ready": false, "encounter": 0.1, "oracle_handoff": null, "children": 8, "active_guide_id": 6, "guide_alive": false, "active_guide_alive": true, "guided_delivered": 0}
{"progress": "real-map-EmergencyGuides-m10343-f20343-p1-direct_guide-sitebait1-7222b1eb", "time": 90.0, "bait_deployed": 0.1, "policy_bait_ready": false, "encounter": 0.1, "oracle_handoff": null, "children": 8, "active_guide_id": 5, "guide_alive": false, "active_guide_alive": true, "guided_delivered": 0}
{"progress": "real-map-EmergencyGuides-m10343-f20343-p1-direct_guide-sitebait1-7222b1eb", "time": 100.0, "bait_deployed": 0.1, "policy_bait_ready": false, "encounter": 0.1, "oracle_handoff": null, "children": 8, "active_guide_id": 5, "guide_alive": false, "active_guide_alive": true, "guided_delivered": 0}
{"progress": "real-map-EmergencyGuides-m10343-f20343-p1-direct_guide-sitebait1-7222b1eb", "time": 110.0, "bait_deployed": 0.1, "policy_bait_ready": false, "encounter": 0.1, "oracle_handoff": null, "children": 8, "active_guide_id": 5, "guide_alive": false, "active_guide_alive": true, "guided_delivered": 0}
{"progress": "real-map-EmergencyGuides-m10343-f20343-p1-direct_guide-sitebait1-7222b1eb", "time": 120.0, "bait_deployed": 0.1, "policy_bait_ready": false, "encounter": 0.1, "oracle_handoff": null, "children": 8, "active_guide_id": 5, "guide_alive": false, "active_guide_alive": true, "guided_delivered": 0}
{"progress": "real-map-EmergencyGuides-m10343-f20343-p1-direct_guide-sitebait1-7222b1eb", "time": 130.0, "bait_deployed": 0.1, "policy_bait_ready": false, "encounter": 0.1, "oracle_handoff": null, "children": 8, "active_guide_id": 6, "guide_alive": false, "active_guide_alive": true, "guided_delivered": 0}
{"progress": "real-map-EmergencyGuides-m10343-f20343-p1-direct_guide-sitebait1-7222b1eb", "time": 140.0, "bait_deployed": 0.1, "policy_bait_ready": false, "encounter": 0.1, "oracle_handoff": null, "children": 8, "active_guide_id": 9, "guide_alive": false, "active_guide_alive": true, "guided_delivered": 0}
{"progress": "real-map-EmergencyGuides-m10343-f20343-p1-direct_guide-sitebait1-7222b1eb", "time": 150.0, "bait_deployed": 0.1, "policy_bait_ready": false, "encounter": 0.1, "oracle_handoff": null, "children": 8, "active_guide_id": 5, "guide_alive": false, "active_guide_alive": true, "guided_delivered": 0}
{"progress": "real-map-EmergencyGuides-m10343-f20343-p1-direct_guide-sitebait1-7222b1eb", "time": 160.0, "bait_deployed": 0.1, "policy_bait_ready": false, "encounter": 0.1, "oracle_handoff": null, "children": 8, "active_guide_id": 6, "guide_alive": false, "active_guide_alive": true, "guided_delivered": 0}
{"progress": "real-map-EmergencyGuides-m10343-f20343-p1-direct_guide-sitebait1-7222b1eb", "time": 170.0, "bait_deployed": 0.1, "policy_bait_ready": false, "encounter": 0.1, "oracle_handoff": null, "children": 8, "active_guide_id": 5, "guide_alive": false, "active_guide_alive": false, "guided_delivered": 1}
{"progress": "real-map-EmergencyGuides-m10343-f20343-p1-direct_guide-sitebait1-7222b1eb", "time": 180.0, "bait_deployed": 0.1, "policy_bait_ready": false, "encounter": 0.1, "oracle_handoff": null, "children": 8, "active_guide_id": 5, "guide_alive": false, "active_guide_alive": false, "guided_delivered": 1}
{"progress": "real-map-EmergencyGuides-m10343-f20343-p1-direct_guide-sitebait1-7222b1eb", "time": 190.0, "bait_deployed": 0.1, "policy_bait_ready": false, "encounter": 0.1, "oracle_handoff": null, "children": 8, "active_guide_id": 5, "guide_alive": false, "active_guide_alive": false, "guided_delivered": 1}
{"progress": "real-map-EmergencyGuides-m10343-f20343-p1-direct_guide-sitebait1-7222b1eb", "time": 200.0, "bait_deployed": 0.1, "policy_bait_ready": false, "encounter": 0.1, "oracle_handoff": null, "children": 8, "active_guide_id": 5, "guide_alive": false, "active_guide_alive": false, "guided_delivered": 1}
{"progress": "real-map-EmergencyGuides-m10343-f20343-p1-direct_guide-sitebait1-7222b1eb", "time": 210.0, "bait_deployed": 0.1, "policy_bait_ready": false, "encounter": 0.1, "oracle_handoff": null, "children": 8, "active_guide_id": 5, "guide_alive": false, "active_guide_alive": false, "guided_delivered": 1}
{"progress": "real-map-EmergencyGuides-m10343-f20343-p1-direct_guide-sitebait1-7222b1eb", "time": 220.0, "bait_deployed": 0.1, "policy_bait_ready": false, "encounter": 0.1, "oracle_handoff": null, "children": 8, "active_guide_id": 5, "guide_alive": false, "active_guide_alive": false, "guided_delivered": 1}
{"progress": "real-map-EmergencyGuides-m10343-f20343-p1-direct_guide-sitebait1-7222b1eb", "time": 230.0, "bait_deployed": 0.1, "policy_bait_ready": false, "encounter": 0.1, "oracle_handoff": null, "children": 8, "active_guide_id": 5, "guide_alive": false, "active_guide_alive": false, "guided_delivered": 1}
{"progress": "real-map-EmergencyGuides-m10343-f20343-p1-direct_guide-sitebait1-7222b1eb", "time": 240.0, "bait_deployed": 0.1, "policy_bait_ready": false, "encounter": 0.1, "oracle_handoff": null, "children": 8, "active_guide_id": 5, "guide_alive": false, "active_guide_alive": false, "guided_delivered": 1}
{"progress": "real-map-EmergencyGuides-m10343-f20343-p1-direct_guide-sitebait1-7222b1eb", "time": 250.0, "bait_deployed": 0.1, "policy_bait_ready": false, "encounter": 0.1, "oracle_handoff": null, "children": 8, "active_guide_id": 5, "guide_alive": false, "active_guide_alive": false, "guided_delivered": 1}
{"progress": "real-map-EmergencyGuides-m10343-f20343-p1-direct_guide-sitebait1-7222b1eb", "time": 260.0, "bait_deployed": 0.1, "policy_bait_ready": false, "encounter": 0.1, "oracle_handoff": null, "children": 8, "active_guide_id": 5, "guide_alive": false, "active_guide_alive": false, "guided_delivered": 1}
{"progress": "real-map-EmergencyGuides-m10343-f20343-p1-direct_guide-sitebait1-7222b1eb", "time": 270.0, "bait_deployed": 0.1, "policy_bait_ready": false, "encounter": 0.1, "oracle_handoff": null, "children": 8, "active_guide_id": 5, "guide_alive": false, "active_guide_alive": false, "guided_delivered": 1}
{"progress": "real-map-EmergencyGuides-m10343-f20343-p1-direct_guide-sitebait1-7222b1eb", "time": 280.0, "bait_deployed": 0.1, "policy_bait_ready": false, "encounter": 0.1, "oracle_handoff": null, "children": 8, "active_guide_id": 5, "guide_alive": false, "active_guide_alive": false, "guided_delivered": 1}
{"progress": "real-map-EmergencyGuides-m10343-f20343-p1-direct_guide-sitebait1-7222b1eb", "time": 290.0, "bait_deployed": 0.1, "policy_bait_ready": false, "encounter": 0.1, "oracle_handoff": null, "children": 8, "active_guide_id": 5, "guide_alive": false, "active_guide_alive": false, "guided_delivered": 1}
{"progress": "real-map-EmergencyGuides-m10343-f20343-p1-direct_guide-sitebait1-7222b1eb", "time": 300.0, "bait_deployed": 0.1, "policy_bait_ready": false, "encounter": 0.1, "oracle_handoff": null, "children": 8, "active_guide_id": 5, "guide_alive": false, "active_guide_alive": false, "guided_delivered": 1}
{"viewer_manifest_refresh": {"status": "deferred", "reason": "bounded-memory runs defer full-replay viewer processing"}}
{
  "schema": "real-map-intake-result-v2",
  "policy": "integrated_guide.policy_v34_wide_emergency:EmergencyGuides",
  "policy_hash": "41e1169f4cf2954e8749cc49a89d271db8dfa535114ff82644fa1a471897bac7",
  "harness_hashes": {
    "research/simple_chase/run_streaming_v2.py": "837e02b05d1ba3af71df0949cb30beb18a8b2844f090f8b383c692192c52719a",
    "research/simple_chase/sampling.py": "1efb7d309c4cc79bc87916c1bea72a7845e78d0c2cdf0aeaf9e2a758ceed48ab",
    "research/simple_chase/static_map.py": "197b16cbe9dd2e3dd06b81fe9481986a97bd92d9c2a55f33597cc9b7280faf3c",
    "debugger/streaming_recorder_v2.py": "d5ecda6bb39ec74a9ad86fb20458df5de7f466d73052558af9e2877be3d99b19"
  },
  "mode": "direct_guide",
  "map_seed": 10343,
  "fixture_seed": 20343,
  "static_map_hash": "0edb06df40dbcb2427a471c75678cef5fe49fabf4fec75ce48503b3686f979e6",
  "site": {
    "mouth": [
      277.5235,
      637.5125
    ],
    "inward": [
      -1.0,
      0.0
    ],
    "cross": [
      -0.0,
      -1.0
    ],
    "goal": [
      272.5235,
      637.5125
    ],
    "far": [
      402.5235,
      637.5125
    ],
    "hold": [
      352.5235,
      637.5125
    ],
    "gap": 17.1319,
    "overlap": 38.3433,
    "runup": [
      527.5235,
      637.5125
    ],
    "approach_lane_offset": 0.0,
    "offset_approach": false,
    "obstacle_indices": [
      41,
      57
    ],
    "axis": 1,
    "other_mouth": [
      239.1801,
      637.5125
    ],
    "replacement_entry": [
      219.1801,
      637.5125
    ],
    "second_access_clear": true,
    "second_access_radius": 5.01,
    "bait_depth": 5.0,
    "boundary_indices": [],
    "geometric_replacement_access_only": true
  },
  "station_bait": true,
  "requested_seconds": 300.0,
  "seconds": 300.0,
  "reason": "horizon",
  "native_render": true,
  "reproduction_of": null,
  "record_every_ticks": 1,
  "replay_frames": 3001,
  "initial_predators": 1,
  "final_predators_total": 3,
  "tracked_predators_present_final": 1,
  "ambient_predators_spawned": 2,
  "ambient_predators_present_final": 2,
  "agent_energy_refilled": true,
  "predator_state_native": false,
  "predator_dynamics_native_after_setup": true,
  "arranged_adjacent_awake_start": true,
  "bait_id": 0,
  "guide_id": 1,
  "bait_alive": true,
  "guide_alive": false,
  "deaths": [
    {
      "time": 70.1,
      "agent_id": 7,
      "role": "native_child"
    },
    {
      "time": 70.2,
      "agent_id": 1,
      "role": "parent_guide"
    },
    {
      "time": 70.2,
      "agent_id": 2,
      "role": "native_child"
    },
    {
      "time": 117.9,
      "agent_id": 3,
      "role": "native_child"
    },
    {
      "time": 117.9,
      "agent_id": 8,
      "role": "native_child"
    },
    {
      "time": 129.5,
      "agent_id": 4,
      "role": "native_child"
    },
    {
      "time": 140.2,
      "agent_id": 9,
      "role": "native_child"
    },
    {
      "time": 164.1,
      "agent_id": 6,
      "role": "native_child"
    },
    {
      "time": 166.8,
      "agent_id": 5,
      "role": "native_child"
    }
  ],
  "spawn_requests": [
    {
      "time": 4.1,
      "parent_id": 1
    },
    {
      "time": 4.2,
      "parent_id": 2
    },
    {
      "time": 4.3,
      "parent_id": 3
    },
    {
      "time": 4.4,
      "parent_id": 3
    },
    {
      "time": 4.5,
      "parent_id": 3
    },
    {
      "time": 4.6,
      "parent_id": 3
    },
    {
      "time": 4.7,
      "parent_id": 2
    },
    {
      "time": 4.8,
      "parent_id": 4
    }
  ],
  "child_births": [
    {
      "time": 4.1,
      "child_id": 2,
      "x": 453.3505,
      "y": 909.0188,
      "requesting_parent_ids": [
        1
      ],
      "native_parent_proximity_spawn": true
    },
    {
      "time": 4.2,
      "child_id": 3,
      "x": 445.9453,
      "y": 879.9151,
      "requesting_parent_ids": [
        2
      ],
      "native_parent_proximity_spawn": true
    },
    {
      "time": 4.3,
      "child_id": 4,
      "x": 449.4913,
      "y": 860.232,
      "requesting_parent_ids": [
        3
      ],
      "native_parent_proximity_spawn": true
    },
    {
      "time": 4.4,
      "child_id": 5,
      "x": 463.6334,
      "y": 846.0898,
      "requesting_parent_ids": [
        3
      ],
      "native_parent_proximity_spawn": true
    },
    {
      "time": 4.5,
      "child_id": 6,
      "x": 468.6318,
      "y": 808.8022,
      "requesting_parent_ids": [
        3
      ],
      "native_parent_proximity_spawn": true
    },
    {
      "time": 4.6,
      "child_id": 7,
      "x": 482.111,
      "y": 818.4362,
      "requesting_parent_ids": [
        3
      ],
      "native_parent_proximity_spawn": true
    },
    {
      "time": 4.7,
      "child_id": 8,
      "x": 486.0149,
      "y": 825.9396,
      "requesting_parent_ids": [
        2
      ],
      "native_parent_proximity_spawn": true
    },
    {
      "time": 4.8,
      "child_id": 9,
      "x": 461.3369,
      "y": 786.541,
      "requesting_parent_ids": [
        4
      ],
      "native_parent_proximity_spawn": true
    }
  ],
  "fruit_consumptions": [
    {
      "time": 4.9,
      "agent_id": 4,
      "x": 487.0755,
      "y": 791.0697
    },
    {
      "time": 27.3,
      "agent_id": 2,
      "x": 315.4188,
      "y": 768.6823
    },
    {
      "time": 31.0,
      "agent_id": 5,
      "x": 1230.6496,
      "y": 731.0851
    },
    {
      "time": 34.1,
      "agent_id": 5,
      "x": 573.7114,
      "y": 938.4932
    },
    {
      "time": 36.2,
      "agent_id": 2,
      "x": 503.1945,
      "y": 731.0884
    },
    {
      "time": 36.7,
      "agent_id": 6,
      "x": 586.7905,
      "y": 912.8903
    },
    {
      "time": 39.3,
      "agent_id": 8,
      "x": 759.0148,
      "y": 1036.834
    },
    {
      "time": 41.7,
      "agent_id": 5,
      "x": 872.323,
      "y": 1057.131
    },
    {
      "time": 46.1,
      "agent_id": 5,
      "x": 859.7207,
      "y": 1017.6276
    },
    {
      "time": 47.3,
      "agent_id": 8,
      "x": 673.2461,
      "y": 912.9243
    },
    {
      "time": 51.7,
      "agent_id": 5,
      "x": 107.3482,
      "y": 268.9015
    },
    {
      "time": 51.7,
      "agent_id": 5,
      "x": 86.8414,
      "y": 270.4367
    },
    {
      "time": 52.3,
      "agent_id": 5,
      "x": 102.5236,
      "y": 164.3337
    },
    {
      "time": 53.4,
      "agent_id": 5,
      "x": 196.7744,
      "y": 102.2005
    },
    {
      "time": 53.5,
      "agent_id": 5,
      "x": 221.8336,
      "y": 111.9834
    },
    {
      "time": 53.8,
      "agent_id": 5,
      "x": 267.7843,
      "y": 109.1539
    },
    {
      "time": 53.8,
      "agent_id": 5,
      "x": 259.5893,
      "y": 112.7387
    },
    {
      "time": 55.4,
      "agent_id": 8,
      "x": 99.064,
      "y": 191.4115
    },
    {
      "time": 57.1,
      "agent_id": 8,
      "x": 190.5464,
      "y": 104.0575
    },
    {
      "time": 57.3,
      "agent_id": 8,
      "x": 214.4474,
      "y": 95.8915
    },
    {
      "time": 58.3,
      "agent_id": 8,
      "x": 311.2868,
      "y": 106.7497
    },
    {
      "time": 59.6,
      "agent_id": 4,
      "x": 112.5166,
      "y": 600.0279
    },
    {
      "time": 60.0,
      "agent_id": 8,
      "x": 468.1966,
      "y": 145.606
    },
    {
      "time": 60.9,
      "agent_id": 5,
      "x": 1371.5111,
      "y": 257.9607
    },
    {
      "time": 61.0,
      "agent_id": 8,
      "x": 571.7579,
      "y": 168.9289
    },
    {
      "time": 61.1,
      "agent_id": 5,
      "x": 1333.6992,
      "y": 254.4861
    },
    {
      "time": 64.0,
      "agent_id": 2,
      "x": 514.9418,
      "y": 753.1019
    },
    {
      "time": 67.4,
      "agent_id": 5,
      "x": 226.8272,
      "y": 270.6628
    },
    {
      "time": 68.0,
      "agent_id": 5,
      "x": 132.468,
      "y": 252.559
    },
    {
      "time": 68.0,
      "agent_id": 5,
      "x": 128.6041,
      "y": 263.3186
    },
    {
      "time": 68.1,
      "agent_id": 5,
      "x": 117.7819,
      "y": 258.5797
    },
    {
      "time": 69.6,
      "agent_id": 8,
      "x": 1155.4575,
      "y": 301.615
    },
    {
      "time": 69.9,
      "agent_id": 5,
      "x": 259.8255,
      "y": 502.5961
    },
    {
      "time": 70.2,
      "agent_id": 5,
      "x": 294.541,
      "y": 484.7696
    },
    {
      "time": 70.3,
      "agent_id": 6,
      "x": 706.6989,
      "y": 178.3027
    },
    {
      "time": 70.6,
      "agent_id": 5,
      "x": 338.7426,
      "y": 445.2677
    },
    {
      "time": 70.8,
      "agent_id": 5,
      "x": 363.4571,
      "y": 438.8941
    },
    {
      "time": 71.6,
      "agent_id": 5,
      "x": 491.1686,
      "y": 411.9114
    },
    {
      "time": 84.3,
      "agent_id": 5,
      "x": 515.9538,
      "y": 195.7994
    },
    {
      "time": 84.6,
      "agent_id": 5,
      "x": 490.8393,
      "y": 162.4679
    },
    {
      "time": 89.8,
      "agent_id": 4,
      "x": 1218.9071,
      "y": 133.8815
    },
    {
      "time": 91.9,
      "agent_id": 4,
      "x": 1305.9191,
      "y": 237.7645
    },
    {
      "time": 92.1,
      "agent_id": 4,
      "x": 1275.3115,
      "y": 246.932
    },
    {
      "time": 97.3,
      "agent_id": 4,
      "x": 674.6866,
      "y": 195.1675
    },
    {
      "time": 97.5,
      "agent_id": 4,
      "x": 637.5141,
      "y": 235.6973
    },
    {
      "time": 97.6,
      "agent_id": 5,
      "x": 486.4757,
      "y": 438.2376
    },
    {
      "time": 98.0,
      "agent_id": 4,
      "x": 558.9492,
      "y": 275.563
    },
    {
      "time": 98.0,
      "agent_id": 4,
      "x": 548.458,
      "y": 271.8222
    },
    {
      "time": 98.4,
      "agent_id": 5,
      "x": 435.8823,
      "y": 494.732
    },
    {
      "time": 99.1,
      "agent_id": 5,
      "x": 410.3018,
      "y": 528.7718
    },
    {
      "time": 100.0,
      "agent_id": 4,
      "x": 338.9658,
      "y": 252.6188
    },
    {
      "time": 100.1,
      "agent_id": 4,
      "x": 333.6172,
      "y": 275.0999
    },
    {
      "time": 100.8,
      "agent_id": 5,
      "x": 264.3589,
      "y": 549.2957
    },
    {
      "time": 101.0,
      "agent_id": 5,
      "x": 261.9935,
      "y": 571.7769
    },
    {
      "time": 101.8,
      "agent_id": 5,
      "x": 227.8282,
      "y": 546.0459
    },
    {
      "time": 101.8,
      "agent_id": 5,
      "x": 220.1359,
      "y": 542.9594
    },
    {
      "time": 102.1,
      "agent_id": 4,
      "x": 123.395,
      "y": 263.044
    },
    {
      "time": 102.3,
      "agent_id": 5,
      "x": 214.901,
      "y": 503.593
    },
    {
      "time": 102.7,
      "agent_id": 4,
      "x": 113.2725,
      "y": 306.708
    },
    {
      "time": 102.8,
      "agent_id": 5,
      "x": 159.0466,
      "y": 483.4205
    },
    {
      "time": 103.2,
      "agent_id": 4,
      "x": 102.8312,
      "y": 354.1526
    },
    {
      "time": 103.4,
      "agent_id": 5,
      "x": 112.8292,
      "y": 444.2459
    },
    {
      "time": 103.5,
      "agent_id": 5,
      "x": 101.9408,
      "y": 430.4313
    },
    {
      "time": 103.9,
      "agent_id": 4,
      "x": 82.8613,
      "y": 396.6106
    },
    {
      "time": 104.2,
      "agent_id": 5,
      "x": 101.3573,
      "y": 464.4852
    },
    {
      "time": 105.6,
      "agent_id": 5,
      "x": 160.7646,
      "y": 488.6485
    },
    {
      "time": 111.0,
      "agent_id": 5,
      "x": 210.7086,
      "y": 481.0789
    },
    {
      "time": 111.7,
      "agent_id": 8,
      "x": 214.6395,
      "y": 544.8818
    },
    {
      "time": 114.0,
      "agent_id": 8,
      "x": 152.4888,
      "y": 491.4775
    },
    {
      "time": 114.1,
      "agent_id": 5,
      "x": 91.2799,
      "y": 420.4217
    },
    {
      "time": 114.1,
      "agent_id": 5,
      "x": 88.2124,
      "y": 411.6645
    },
    {
      "time": 114.2,
      "agent_id": 5,
      "x": 79.9909,
      "y": 437.5464
    },
    {
      "time": 114.5,
      "agent_id": 6,
      "x": 57.8468,
      "y": 416.1001
    },
    {
      "time": 115.9,
      "agent_id": 9,
      "x": 58.3933,
      "y": 468.3001
    },
    {
      "time": 117.5,
      "agent_id": 4,
      "x": 250.4304,
      "y": 567.6739
    },
    {
      "time": 117.6,
      "agent_id": 3,
      "x": 281.5065,
      "y": 565.3763
    },
    {
      "time": 117.7,
      "agent_id": 8,
      "x": 251.9138,
      "y": 581.2976
    },
    {
      "time": 119.5,
      "agent_id": 5,
      "x": 278.0425,
      "y": 499.1238
    },
    {
      "time": 119.5,
      "agent_id": 5,
      "x": 291.7574,
      "y": 500.2201
    },
    {
      "time": 119.7,
      "agent_id": 5,
      "x": 293.8113,
      "y": 486.3296
    },
    {
      "time": 119.8,
      "agent_id": 4,
      "x": 239.868,
      "y": 515.4796
    },
    {
      "time": 120.5,
      "agent_id": 6,
      "x": 245.5249,
      "y": 474.3508
    },
    {
      "time": 120.8,
      "agent_id": 6,
      "x": 262.0098,
      "y": 468.8028
    },
    {
      "time": 121.5,
      "agent_id": 6,
      "x": 315.4415,
      "y": 429.8503
    },
    {
      "time": 125.6,
      "agent_id": 9,
      "x": 99.5781,
      "y": 437.7261
    },
    {
      "time": 126.5,
      "agent_id": 9,
      "x": 39.1492,
      "y": 369.7385
    },
    {
      "time": 127.0,
      "agent_id": 9,
      "x": 46.1803,
      "y": 476.3562
    },
    {
      "time": 127.0,
      "agent_id": 9,
      "x": 42.0692,
      "y": 465.7488
    },
    {
      "time": 129.3,
      "agent_id": 9,
      "x": 159.1334,
      "y": 546.7483
    },
    {
      "time": 129.9,
      "agent_id": 5,
      "x": 206.5859,
      "y": 549.4477
    },
    {
      "time": 138.8,
      "agent_id": 6,
      "x": 210.5361,
      "y": 499.0138
    },
    {
      "time": 141.1,
      "agent_id": 6,
      "x": 141.1275,
      "y": 415.9903
    },
    {
      "time": 141.5,
      "agent_id": 6,
      "x": 165.9311,
      "y": 425.9659
    },
    {
      "time": 149.4,
      "agent_id": 5,
      "x": 376.3191,
      "y": 467.804
    },
    {
      "time": 159.0,
      "agent_id": 5,
      "x": 464.5703,
      "y": 694.4231
    },
    {
      "time": 159.4,
      "agent_id": 5,
      "x": 478.2316,
      "y": 673.8172
    },
    {
      "time": 159.4,
      "agent_id": 5,
      "x": 474.8756,
      "y": 678.8787
    },
    {
      "time": 159.4,
      "agent_id": 5,
      "x": 467.2365,
      "y": 676.1057
    }
  ],
  "parent_fruit_consumed_before_tracked_encounter": 0,
  "tracked_encounter_times": [
    0.1
  ],
  "conditional_delivery_denominator": true,
  "conditional_delivery_status": "not_applicable",
  "setup_oracle": false,
  "setup_oracle_target": null,
  "setup_oracle_ticks": 0,
  "setup_oracle_routing": null,
  "setup_oracle_route_resets": 0,
  "setup_oracle_policy_reset_before_handoff_act": false,
  "setup_oracle_handoff_time": null,
  "dynamic_action_privilege_ended_at": null,
  "target_switches": [
    {
      "time": 0.1,
      "tracked_predator_slot": 0,
      "target": 1
    },
    {
      "time": 2.7,
      "tracked_predator_slot": 0,
      "target": null
    },
    {
      "time": 3.9,
      "tracked_predator_slot": 0,
      "target": 1
    },
    {
      "time": 4.3,
      "tracked_predator_slot": 0,
      "target": 2
    },
    {
      "time": 4.5,
      "tracked_predator_slot": 0,
      "target": 4
    },
    {
      "time": 4.6,
      "tracked_predator_slot": 0,
      "target": 5
    },
    {
      "time": 4.7,
      "tracked_predator_slot": 0,
      "target": 4
    },
    {
      "time": 4.8,
      "tracked_predator_slot": 0,
      "target": 3
    },
    {
      "time": 4.9,
      "tracked_predator_slot": 0,
      "target": 6
    },
    {
      "time": 5.1,
      "tracked_predator_slot": 0,
      "target": 1
    },
    {
      "time": 5.2,
      "tracked_predator_slot": 0,
      "target": 8
    },
    {
      "time": 5.3,
      "tracked_predator_slot": 0,
      "target": 6
    },
    {
      "time": 5.4,
      "tracked_predator_slot": 0,
      "target": 9
    },
    {
      "time": 6.0,
      "tracked_predator_slot": 0,
      "target": 2
    },
    {
      "time": 6.1,
      "tracked_predator_slot": 0,
      "target": 5
    },
    {
      "time": 6.2,
      "tracked_predator_slot": 0,
      "target": 9
    },
    {
      "time": 6.3,
      "tracked_predator_slot": 0,
      "target": 2
    },
    {
      "time": 6.4,
      "tracked_predator_slot": 0,
      "target": 9
    },
    {
      "time": 6.5,
      "tracked_predator_slot": 0,
      "target": null
    },
    {
      "time": 6.6,
      "tracked_predator_slot": 0,
      "target": 7
    },
    {
      "time": 6.7,
      "tracked_predator_slot": 0,
      "target": 3
    },
    {
      "time": 6.8,
      "tracked_predator_slot": 0,
      "target": 2
    },
    {
      "time": 7.1,
      "tracked_predator_slot": 0,
      "target": 5
    },
    {
      "time": 7.2,
      "tracked_predator_slot": 0,
      "target": 7
    },
    {
      "time": 7.3,
      "tracked_predator_slot": 0,
      "target": 8
    },
    {
      "time": 7.4,
      "tracked_predator_slot": 0,
      "target": 3
    },
    {
      "time": 7.5,
      "tracked_predator_slot": 0,
      "target": 7
    },
    {
      "time": 7.6,
      "tracked_predator_slot": 0,
      "target": 3
    },
    {
      "time": 7.7,
      "tracked_predator_slot": 0,
      "target": 8
    },
    {
      "time": 7.8,
      "tracked_predator_slot": 0,
      "target": 4
    },
    {
      "time": 7.9,
      "tracked_predator_slot": 0,
      "target": 3
    },
    {
      "time": 8.0,
      "tracked_predator_slot": 0,
      "target": 4
    },
    {
      "time": 8.1,
      "tracked_predator_slot": 0,
      "target": 7
    },
    {
      "time": 8.2,
      "tracked_predator_slot": 0,
      "target": 8
    },
    {
      "time": 8.3,
      "tracked_predator_slot": 0,
      "target": 6
    },
    {
      "time": 8.4,
      "tracked_predator_slot": 0,
      "target": 3
    },
    {
      "time": 8.6,
      "tracked_predator_slot": 0,
      "target": 8
    },
    {
      "time": 8.7,
      "tracked_predator_slot": 0,
      "target": 1
    },
    {
      "time": 8.8,
      "tracked_predator_slot": 0,
      "target": 6
    },
    {
      "time": 8.9,
      "tracked_predator_slot": 0,
      "target": 1
    },
    {
      "time": 9.0,
      "tracked_predator_slot": 0,
      "target": 8
    },
    {
      "time": 9.1,
      "tracked_predator_slot": 0,
      "target": 3
    },
    {
      "time": 9.2,
      "tracked_predator_slot": 0,
      "target": 5
    },
    {
      "time": 9.6,
      "tracked_predator_slot": 0,
      "target": 1
    },
    {
      "time": 9.7,
      "tracked_predator_slot": 0,
      "target": 9
    },
    {
      "time": 10.1,
      "tracked_predator_slot": 0,
      "target": null
    },
    {
      "time": 10.4,
      "tracked_predator_slot": 0,
      "target": 4
    },
    {
      "time": 10.5,
      "tracked_predator_slot": 0,
      "target": 2
    },
    {
      "time": 10.8,
      "tracked_predator_slot": 0,
      "target": 4
    },
    {
      "time": 10.9,
      "tracked_predator_slot": 0,
      "target": 8
    },
    {
      "time": 11.0,
      "tracked_predator_slot": 0,
      "target": 7
    },
    {
      "time": 11.1,
      "tracked_predator_slot": 0,
      "target": 5
    },
    {
      "time": 11.2,
      "tracked_predator_slot": 0,
      "target": 7
    },
    {
      "time": 11.3,
      "tracked_predator_slot": 0,
      "target": 4
    },
    {
      "time": 11.4,
      "tracked_predator_slot": 0,
      "target": 1
    },
    {
      "time": 11.5,
      "tracked_predator_slot": 0,
      "target": 9
    },
    {
      "time": 11.6,
      "tracked_predator_slot": 0,
      "target": 8
    },
    {
      "time": 11.7,
      "tracked_predator_slot": 0,
      "target": 2
    },
    {
      "time": 11.8,
      "tracked_predator_slot": 0,
      "target": 9
    },
    {
      "time": 11.9,
      "tracked_predator_slot": 0,
      "target": 4
    },
    {
      "time": 12.0,
      "tracked_predator_slot": 0,
      "target": 1
    },
    {
      "time": 12.1,
      "tracked_predator_slot": 0,
      "target": 8
    },
    {
      "time": 12.2,
      "tracked_predator_slot": 0,
      "target": 9
    },
    {
      "time": 12.3,
      "tracked_predator_slot": 0,
      "target": 1
    },
    {
      "time": 12.4,
      "tracked_predator_slot": 0,
      "target": 6
    },
    {
      "time": 12.5,
      "tracked_predator_slot": 0,
      "target": 9
    },
    {
      "time": 12.6,
      "tracked_predator_slot": 0,
      "target": 8
    },
    {
      "time": 12.7,
      "tracked_predator_slot": 0,
      "target": 6
    },
    {
      "time": 12.8,
      "tracked_predator_slot": 0,
      "target": 9
    },
    {
      "time": 12.9,
      "tracked_predator_slot": 0,
      "target": 1
    },
    {
      "time": 13.1,
      "tracked_predator_slot": 0,
      "target": 4
    },
    {
      "time": 13.2,
      "tracked_predator_slot": 0,
      "target": 8
    },
    {
      "time": 13.3,
      "tracked_predator_slot": 0,
      "target": 5
    },
    {
      "time": 13.4,
      "tracked_predator_slot": 0,
      "target": 9
    },
    {
      "time": 13.5,
      "tracked_predator_slot": 0,
      "target": 5
    },
    {
      "time": 13.6,
      "tracked_predator_slot": 0,
      "target": 9
    },
    {
      "time": 13.7,
      "tracked_predator_slot": 0,
      "target": 8
    },
    {
      "time": 13.8,
      "tracked_predator_slot": 0,
      "target": 6
    },
    {
      "time": 13.9,
      "tracked_predator_slot": 0,
      "target": 5
    },
    {
      "time": 14.0,
      "tracked_predator_slot": 0,
      "target": 7
    },
    {
      "time": 14.1,
      "tracked_predator_slot": 0,
      "target": 9
    },
    {
      "time": 14.2,
      "tracked_predator_slot": 0,
      "target": 3
    },
    {
      "time": 14.3,
      "tracked_predator_slot": 0,
      "target": "resting"
    },
    {
      "time": 17.8,
      "tracked_predator_slot": 0,
      "target": 3
    },
    {
      "time": 17.9,
      "tracked_predator_slot": 0,
      "target": 4
    },
    {
      "time": 18.0,
      "tracked_predator_slot": 0,
      "target": 5
    },
    {
      "time": 18.1,
      "tracked_predator_slot": 0,
      "target": 8
    },
    {
      "time": 18.3,
      "tracked_predator_slot": 0,
      "target": 1
    },
    {
      "time": 18.4,
      "tracked_predator_slot": 0,
      "target": 8
    },
    {
      "time": 18.5,
      "tracked_predator_slot": 0,
      "target": 1
    },
    {
      "time": 18.6,
      "tracked_predator_slot": 0,
      "target": 5
    },
    {
      "time": 18.7,
      "tracked_predator_slot": 0,
      "target": 2
    },
    {
      "time": 18.9,
      "tracked_predator_slot": 0,
      "target": 8
    },
    {
      "time": 19.4,
      "tracked_predator_slot": 0,
      "target": 1
    },
    {
      "time": 19.5,
      "tracked_predator_slot": 0,
      "target": 7
    },
    {
      "time": 19.8,
      "tracked_predator_slot": 0,
      "target": 1
    },
    {
      "time": 19.9,
      "tracked_predator_slot": 0,
      "target": 6
    },
    {
      "time": 20.1,
      "tracked_predator_slot": 0,
      "target": 1
    },
    {
      "time": 20.2,
      "tracked_predator_slot": 0,
      "target": 7
    },
    {
      "time": 20.3,
      "tracked_predator_slot": 0,
      "target": 6
    },
    {
      "time": 20.4,
      "tracked_predator_slot": 0,
      "target": 3
    },
    {
      "time": 20.5,
      "tracked_predator_slot": 0,
      "target": 2
    },
    {
      "time": 20.8,
      "tracked_predator_slot": 0,
      "target": 4
    },
    {
      "time": 21.6,
      "tracked_predator_slot": 0,
      "target": 3
    },
    {
      "time": 21.8,
      "tracked_predator_slot": 0,
      "target": 9
    },
    {
      "time": 22.1,
      "tracked_predator_slot": 0,
      "target": 1
    },
    {
      "time": 22.4,
      "tracked_predator_slot": 0,
      "target": 5
    },
    {
      "time": 22.5,
      "tracked_predator_slot": 0,
      "target": 9
    },
    {
      "time": 22.6,
      "tracked_predator_slot": 0,
      "target": 4
    },
    {
      "time": 22.7,
      "tracked_predator_slot": 0,
      "target": 5
    },
    {
      "time": 22.8,
      "tracked_predator_slot": 0,
      "target": 1
    },
    {
      "time": 23.0,
      "tracked_predator_slot": 0,
      "target": 8
    },
    {
      "time": 23.4,
      "tracked_predator_slot": 0,
      "target": 4
    },
    {
      "time": 23.5,
      "tracked_predator_slot": 0,
      "target": 9
    },
    {
      "time": 23.6,
      "tracked_predator_slot": 0,
      "target": 1
    },
    {
      "time": 23.7,
      "tracked_predator_slot": 0,
      "target": 4
    },
    {
      "time": 24.0,
      "tracked_predator_slot": 0,
      "target": null
    },
    {
      "time": 24.1,
      "tracked_predator_slot": 0,
      "target": 2
    },
    {
      "time": 24.2,
      "tracked_predator_slot": 0,
      "target": 7
    },
    {
      "time": 24.4,
      "tracked_predator_slot": 0,
      "target": 1
    },
    {
      "time": 24.5,
      "tracked_predator_slot": 0,
      "target": 7
    },
    {
      "time": 24.7,
      "tracked_predator_slot": 0,
      "target": 2
    },
    {
      "time": 24.9,
      "tracked_predator_slot": 0,
      "target": null
    },
    {
      "time": 25.2,
      "tracked_predator_slot": 0,
      "target": 1
    },
    {
      "time": 25.3,
      "tracked_predator_slot": 0,
      "target": null
    },
    {
      "time": 25.9,
      "tracked_predator_slot": 0,
      "target": 2
    },
    {
      "time": 26.0,
      "tracked_predator_slot": 0,
      "target": null
    },
    {
      "time": 26.2,
      "tracked_predator_slot": 0,
      "target": 7
    },
    {
      "time": 26.4,
      "tracked_predator_slot": 0,
      "target": null
    },
    {
      "time": 26.7,
      "tracked_predator_slot": 0,
      "target": "resting"
    },
    {
      "time": 30.2,
      "tracked_predator_slot": 0,
      "target": 2
    },
    {
      "time": 30.4,
      "tracked_predator_slot": 0,
      "target": null
    },
    {
      "time": 30.7,
      "tracked_predator_slot": 0,
      "target": 2
    },
    {
      "time": 30.8,
      "tracked_predator_slot": 0,
      "target": null
    },
    {
      "time": 30.9,
      "tracked_predator_slot": 0,
      "target": 2
    },
    {
      "time": 31.0,
      "tracked_predator_slot": 0,
      "target": 1
    },
    {
      "time": 31.2,
      "tracked_predator_slot": 0,
      "target": 2
    },
    {
      "time": 31.5,
      "tracked_predator_slot": 0,
      "target": 1
    },
    {
      "time": 31.6,
      "tracked_predator_slot": 0,
      "target": 2
    },
    {
      "time": 31.7,
      "tracked_predator_slot": 0,
      "target": 1
    },
    {
      "time": 31.8,
      "tracked_predator_slot": 0,
      "target": 7
    },
    {
      "time": 32.0,
      "tracked_predator_slot": 0,
      "target": 2
    },
    {
      "time": 32.1,
      "tracked_predator_slot": 0,
      "target": 7
    },
    {
      "time": 32.3,
      "tracked_predator_slot": 0,
      "target": 1
    },
    {
      "time": 32.7,
      "tracked_predator_slot": 0,
      "target": 7
    },
    {
      "time": 33.4,
      "tracked_predator_slot": 0,
      "target": 1
    },
    {
      "time": 33.7,
      "tracked_predator_slot": 0,
      "target": 2
    },
    {
      "time": 33.9,
      "tracked_predator_slot": 0,
      "target": 7
    },
    {
      "time": 34.6,
      "tracked_predator_slot": 0,
      "target": 2
    },
    {
      "time": 34.7,
      "tracked_predator_slot": 0,
      "target": 7
    },
    {
      "time": 34.8,
      "tracked_predator_slot": 0,
      "target": 1
    },
    {
      "time": 35.2,
      "tracked_predator_slot": 0,
      "target": null
    },
    {
      "time": 35.3,
      "tracked_predator_slot": 0,
      "target": 1
    },
    {
      "time": 39.0,
      "tracked_predator_slot": 0,
      "target": 2
    },
    {
      "time": 39.1,
      "tracked_predator_slot": 0,
      "target": 7
    },
    {
      "time": 39.2,
      "tracked_predator_slot": 0,
      "target": 2
    },
    {
      "time": 39.3,
      "tracked_predator_slot": 0,
      "target": "resting"
    },
    {
      "time": 42.8,
      "tracked_predator_slot": 0,
      "target": 1
    },
    {
      "time": 44.4,
      "tracked_predator_slot": 0,
      "target": 7
    },
    {
      "time": 44.5,
      "tracked_predator_slot": 0,
      "target": 2
    },
    {
      "time": 44.6,
      "tracked_predator_slot": 0,
      "target": 1
    },
    {
      "time": 46.4,
      "tracked_predator_slot": 0,
      "target": 2
    },
    {
      "time": 46.5,
      "tracked_predator_slot": 0,
      "target": 1
    },
    {
      "time": 46.7,
      "tracked_predator_slot": 0,
      "target": 2
    },
    {
      "time": 46.9,
      "tracked_predator_slot": 0,
      "target": 1
    },
    {
      "time": 47.1,
      "tracked_predator_slot": 0,
      "target": 7
    },
    {
      "time": 47.2,
      "tracked_predator_slot": 0,
      "target": 1
    },
    {
      "time": 47.3,
      "tracked_predator_slot": 0,
      "target": 2
    },
    {
      "time": 47.4,
      "tracked_predator_slot": 0,
      "target": 7
    },
    {
      "time": 47.5,
      "tracked_predator_slot": 0,
      "target": 2
    },
    {
      "time": 47.7,
      "tracked_predator_slot": 0,
      "target": 1
    },
    {
      "time": 47.9,
      "tracked_predator_slot": 0,
      "target": 7
    },
    {
      "time": 48.1,
      "tracked_predator_slot": 0,
      "target": 2
    },
    {
      "time": 48.2,
      "tracked_predator_slot": 0,
      "target": 7
    },
    {
      "time": 48.3,
      "tracked_predator_slot": 0,
      "target": 2
    },
    {
      "time": 48.5,
      "tracked_predator_slot": 0,
      "target": 1
    },
    {
      "time": 49.8,
      "tracked_predator_slot": 0,
      "target": 2
    },
    {
      "time": 49.9,
      "tracked_predator_slot": 0,
      "target": 1
    },
    {
      "time": 51.0,
      "tracked_predator_slot": 0,
      "target": 2
    },
    {
      "time": 52.1,
      "tracked_predator_slot": 0,
      "target": "resting"
    },
    {
      "time": 55.6,
      "tracked_predator_slot": 0,
      "target": 2
    },
    {
      "time": 55.7,
      "tracked_predator_slot": 0,
      "target": 7
    },
    {
      "time": 55.8,
      "tracked_predator_slot": 0,
      "target": 2
    },
    {
      "time": 57.1,
      "tracked_predator_slot": 0,
      "target": null
    },
    {
      "time": 57.4,
      "tracked_predator_slot": 0,
      "target": 2
    },
    {
      "time": 57.8,
      "tracked_predator_slot": 0,
      "target": 7
    },
    {
      "time": 58.6,
      "tracked_predator_slot": 0,
      "target": 2
    },
    {
      "time": 58.7,
      "tracked_predator_slot": 0,
      "target": 7
    },
    {
      "time": 59.0,
      "tracked_predator_slot": 0,
      "target": 1
    },
    {
      "time": 59.1,
      "tracked_predator_slot": 0,
      "target": 7
    },
    {
      "time": 59.3,
      "tracked_predator_slot": 0,
      "target": 2
    },
    {
      "time": 59.4,
      "tracked_predator_slot": 0,
      "target": 7
    },
    {
      "time": 59.5,
      "tracked_predator_slot": 0,
      "target": 1
    },
    {
      "time": 59.6,
      "tracked_predator_slot": 0,
      "target": 7
    },
    {
      "time": 59.7,
      "tracked_predator_slot": 0,
      "target": 1
    },
    {
      "time": 59.9,
      "tracked_predator_slot": 0,
      "target": 7
    },
    {
      "time": 60.0,
      "tracked_predator_slot": 0,
      "target": 2
    },
    {
      "time": 60.1,
      "tracked_predator_slot": 0,
      "target": 7
    },
    {
      "time": 60.4,
      "tracked_predator_slot": 0,
      "target": 1
    },
    {
      "time": 60.5,
      "tracked_predator_slot": 0,
      "target": 7
    },
    {
      "time": 60.6,
      "tracked_predator_slot": 0,
      "target": 1
    },
    {
      "time": 60.7,
      "tracked_predator_slot": 0,
      "target": 7
    },
    {
      "time": 60.9,
      "tracked_predator_slot": 0,
      "target": 1
    },
    {
      "time": 61.1,
      "tracked_predator_slot": 0,
      "target": 7
    },
    {
      "time": 61.4,
      "tracked_predator_slot": 0,
      "target": 2
    },
    {
      "time": 61.7,
      "tracked_predator_slot": 0,
      "target": 1
    },
    {
      "time": 61.8,
      "tracked_predator_slot": 0,
      "target": 2
    },
    {
      "time": 61.9,
      "tracked_predator_slot": 0,
      "target": 7
    },
    {
      "time": 62.1,
      "tracked_predator_slot": 0,
      "target": 1
    },
    {
      "time": 62.2,
      "tracked_predator_slot": 0,
      "target": 2
    },
    {
      "time": 62.4,
      "tracked_predator_slot": 0,
      "target": 1
    },
    {
      "time": 62.5,
      "tracked_predator_slot": 0,
      "target": 2
    },
    {
      "time": 62.6,
      "tracked_predator_slot": 0,
      "target": 1
    },
    {
      "time": 62.7,
      "tracked_predator_slot": 0,
      "target": 2
    },
    {
      "time": 63.0,
      "tracked_predator_slot": 0,
      "target": 1
    },
    {
      "time": 63.3,
      "tracked_predator_slot": 0,
      "target": 7
    },
    {
      "time": 63.4,
      "tracked_predator_slot": 0,
      "target": 2
    },
    {
      "time": 63.5,
      "tracked_predator_slot": 0,
      "target": 7
    },
    {
      "time": 63.6,
      "tracked_predator_slot": 0,
      "target": 1
    },
    {
      "time": 63.7,
      "tracked_predator_slot": 0,
      "target": 2
    },
    {
      "time": 63.9,
      "tracked_predator_slot": 0,
      "target": 7
    },
    {
      "time": 64.0,
      "tracked_predator_slot": 0,
      "target": 1
    },
    {
      "time": 64.2,
      "tracked_predator_slot": 0,
      "target": 7
    },
    {
      "time": 64.6,
      "tracked_predator_slot": 0,
      "target": 1
    },
    {
      "time": 64.9,
      "tracked_predator_slot": 0,
      "target": "resting"
    },
    {
      "time": 68.4,
      "tracked_predator_slot": 0,
      "target": 1
    },
    {
      "time": 68.7,
      "tracked_predator_slot": 0,
      "target": 7
    },
    {
      "time": 69.0,
      "tracked_predator_slot": 0,
      "target": null
    },
    {
      "time": 69.1,
      "tracked_predator_slot": 0,
      "target": 7
    },
    {
      "time": 69.4,
      "tracked_predator_slot": 0,
      "target": 2
    },
    {
      "time": 69.5,
      "tracked_predator_slot": 0,
      "target": 1
    },
    {
      "time": 69.6,
      "tracked_predator_slot": 0,
      "target": 2
    },
    {
      "time": 69.7,
      "tracked_predator_slot": 0,
      "target": 7
    },
    {
      "time": 70.0,
      "tracked_predator_slot": 0,
      "target": 2
    },
    {
      "time": 70.2,
      "tracked_predator_slot": 0,
      "target": null
    },
    {
      "time": 71.4,
      "tracked_predator_slot": 0,
      "target": 5
    },
    {
      "time": 73.4,
      "tracked_predator_slot": 0,
      "target": null
    },
    {
      "time": 84.6,
      "tracked_predator_slot": 0,
      "target": 5
    },
    {
      "time": 84.8,
      "tracked_predator_slot": 0,
      "target": null
    },
    {
      "time": 85.5,
      "tracked_predator_slot": 0,
      "target": 5
    },
    {
      "time": 85.7,
      "tracked_predator_slot": 0,
      "target": null
    },
    {
      "time": 85.9,
      "tracked_predator_slot": 0,
      "target": 5
    },
    {
      "time": 86.2,
      "tracked_predator_slot": 0,
      "target": null
    },
    {
      "time": 86.3,
      "tracked_predator_slot": 0,
      "target": 5
    },
    {
      "time": 86.4,
      "tracked_predator_slot": 0,
      "target": null
    },
    {
      "time": 86.5,
      "tracked_predator_slot": 0,
      "target": 5
    },
    {
      "time": 92.1,
      "tracked_predator_slot": 0,
      "target": null
    },
    {
      "time": 92.8,
      "tracked_predator_slot": 0,
      "target": 5
    },
    {
      "time": 92.9,
      "tracked_predator_slot": 0,
      "target": null
    },
    {
      "time": 93.7,
      "tracked_predator_slot": 0,
      "target": 5
    },
    {
      "time": 93.8,
      "tracked_predator_slot": 0,
      "target": "resting"
    },
    {
      "time": 97.3,
      "tracked_predator_slot": 0,
      "target": null
    },
    {
      "time": 97.4,
      "tracked_predator_slot": 0,
      "target": 5
    },
    {
      "time": 97.5,
      "tracked_predator_slot": 0,
      "target": null
    },
    {
      "time": 97.7,
      "tracked_predator_slot": 0,
      "target": 5
    },
    {
      "time": 103.8,
      "tracked_predator_slot": 0,
      "target": 4
    },
    {
      "time": 104.8,
      "tracked_predator_slot": 0,
      "target": 5
    },
    {
      "time": 104.9,
      "tracked_predator_slot": 0,
      "target": 4
    },
    {
      "time": 105.2,
      "tracked_predator_slot": 0,
      "target": 5
    },
    {
      "time": 106.8,
      "tracked_predator_slot": 0,
      "target": "resting"
    },
    {
      "time": 110.3,
      "tracked_predator_slot": 0,
      "target": 5
    },
    {
      "time": 110.5,
      "tracked_predator_slot": 0,
      "target": 4
    },
    {
      "time": 111.1,
      "tracked_predator_slot": 0,
      "target": 5
    },
    {
      "time": 111.2,
      "tracked_predator_slot": 0,
      "target": 4
    },
    {
      "time": 111.7,
      "tracked_predator_slot": 0,
      "target": 0
    },
    {
      "time": 111.8,
      "tracked_predator_slot": 0,
      "target": 8
    },
    {
      "time": 112.0,
      "tracked_predator_slot": 0,
      "target": 4
    },
    {
      "time": 112.3,
      "tracked_predator_slot": 0,
      "target": 3
    },
    {
      "time": 112.4,
      "tracked_predator_slot": 0,
      "target": 4
    },
    {
      "time": 112.5,
      "tracked_predator_slot": 0,
      "target": 3
    },
    {
      "time": 112.6,
      "tracked_predator_slot": 0,
      "target": 8
    },
    {
      "time": 112.7,
      "tracked_predator_slot": 0,
      "target": 5
    },
    {
      "time": 112.8,
      "tracked_predator_slot": 0,
      "target": 8
    },
    {
      "time": 112.9,
      "tracked_predator_slot": 0,
      "target": 5
    },
    {
      "time": 113.0,
      "tracked_predator_slot": 0,
      "target": 8
    },
    {
      "time": 113.4,
      "tracked_predator_slot": 0,
      "target": 9
    },
    {
      "time": 113.6,
      "tracked_predator_slot": 0,
      "target": 3
    },
    {
      "time": 113.7,
      "tracked_predator_slot": 0,
      "target": 8
    },
    {
      "time": 114.1,
      "tracked_predator_slot": 0,
      "target": 3
    },
    {
      "time": 114.2,
      "tracked_predator_slot": 0,
      "target": 5
    },
    {
      "time": 114.3,
      "tracked_predator_slot": 0,
      "target": null
    },
    {
      "time": 114.4,
      "tracked_predator_slot": 0,
      "target": 6
    },
    {
      "time": 114.5,
      "tracked_predator_slot": 0,
      "target": 3
    },
    {
      "time": 114.6,
      "tracked_predator_slot": 0,
      "target": 5
    },
    {
      "time": 114.7,
      "tracked_predator_slot": 0,
      "target": 8
    },
    {
      "time": 114.8,
      "tracked_predator_slot": 0,
      "target": 9
    },
    {
      "time": 114.9,
      "tracked_predator_slot": 0,
      "target": 8
    },
    {
      "time": 115.0,
      "tracked_predator_slot": 0,
      "target": 5
    },
    {
      "time": 115.1,
      "tracked_predator_slot": 0,
      "target": 4
    },
    {
      "time": 115.2,
      "tracked_predator_slot": 0,
      "target": 9
    },
    {
      "time": 115.3,
      "tracked_predator_slot": 0,
      "target": 5
    },
    {
      "time": 115.4,
      "tracked_predator_slot": 0,
      "target": 6
    },
    {
      "time": 115.6,
      "tracked_predator_slot": 0,
      "target": 9
    },
    {
      "time": 115.9,
      "tracked_predator_slot": 0,
      "target": 8
    },
    {
      "time": 116.0,
      "tracked_predator_slot": 0,
      "target": 6
    },
    {
      "time": 116.3,
      "tracked_predator_slot": 0,
      "target": 8
    },
    {
      "time": 116.4,
      "tracked_predator_slot": 0,
      "target": 5
    },
    {
      "time": 116.5,
      "tracked_predator_slot": 0,
      "target": 8
    },
    {
      "time": 116.6,
      "tracked_predator_slot": 0,
      "target": 4
    },
    {
      "time": 116.7,
      "tracked_predator_slot": 0,
      "target": 5
    },
    {
      "time": 116.9,
      "tracked_predator_slot": 0,
      "target": 4
    },
    {
      "time": 117.1,
      "tracked_predator_slot": 0,
      "target": 5
    },
    {
      "time": 117.5,
      "tracked_predator_slot": 0,
      "target": 4
    },
    {
      "time": 117.7,
      "tracked_predator_slot": 0,
      "target": 3
    },
    {
      "time": 117.8,
      "tracked_predator_slot": 0,
      "target": 8
    },
    {
      "time": 117.9,
      "tracked_predator_slot": 0,
      "target": 4
    },
    {
      "time": 118.1,
      "tracked_predator_slot": 0,
      "target": 9
    },
    {
      "time": 118.2,
      "tracked_predator_slot": 0,
      "target": 0
    },
    {
      "time": 118.3,
      "tracked_predator_slot": 0,
      "target": 5
    },
    {
      "time": 118.4,
      "tracked_predator_slot": 0,
      "target": 0
    },
    {
      "time": 118.5,
      "tracked_predator_slot": 0,
      "target": 5
    },
    {
      "time": 118.6,
      "tracked_predator_slot": 0,
      "target": null
    },
    {
      "time": 118.8,
      "tracked_predator_slot": 0,
      "target": 5
    },
    {
      "time": 118.9,
      "tracked_predator_slot": 0,
      "target": 6
    },
    {
      "time": 119.1,
      "tracked_predator_slot": 0,
      "target": 4
    },
    {
      "time": 119.2,
      "tracked_predator_slot": 0,
      "target": 9
    },
    {
      "time": 119.4,
      "tracked_predator_slot": 0,
      "target": 5
    },
    {
      "time": 122.2,
      "tracked_predator_slot": 0,
      "target": 4
    },
    {
      "time": 122.3,
      "tracked_predator_slot": 0,
      "target": 5
    },
    {
      "time": 122.5,
      "tracked_predator_slot": 0,
      "target": 6
    },
    {
      "time": 122.6,
      "tracked_predator_slot": 0,
      "target": 4
    },
    {
      "time": 122.7,
      "tracked_predator_slot": 0,
      "target": 9
    },
    {
      "time": 122.8,
      "tracked_predator_slot": 0,
      "target": 4
    },
    {
      "time": 122.9,
      "tracked_predator_slot": 0,
      "target": 5
    },
    {
      "time": 123.0,
      "tracked_predator_slot": 0,
      "target": 9
    },
    {
      "time": 123.2,
      "tracked_predator_slot": 0,
      "target": 5
    },
    {
      "time": 123.3,
      "tracked_predator_slot": 0,
      "target": 6
    },
    {
      "time": 123.4,
      "tracked_predator_slot": 0,
      "target": 9
    },
    {
      "time": 123.7,
      "tracked_predator_slot": 0,
      "target": 4
    },
    {
      "time": 124.0,
      "tracked_predator_slot": 0,
      "target": 9
    },
    {
      "time": 124.4,
      "tracked_predator_slot": 0,
      "target": 5
    },
    {
      "time": 124.5,
      "tracked_predator_slot": 0,
      "target": 9
    },
    {
      "time": 124.7,
      "tracked_predator_slot": 0,
      "target": 6
    },
    {
      "time": 124.9,
      "tracked_predator_slot": 0,
      "target": 5
    },
    {
      "time": 125.0,
      "tracked_predator_slot": 0,
      "target": 4
    },
    {
      "time": 125.5,
      "tracked_predator_slot": 0,
      "target": 6
    },
    {
      "time": 126.6,
      "tracked_predator_slot": 0,
      "target": 9
    },
    {
      "time": 126.9,
      "tracked_predator_slot": 0,
      "target": 5
    },
    {
      "time": 127.0,
      "tracked_predator_slot": 0,
      "target": 9
    },
    {
      "time": 127.1,
      "tracked_predator_slot": 0,
      "target": 5
    },
    {
      "time": 127.2,
      "tracked_predator_slot": 0,
      "target": 9
    },
    {
      "time": 127.3,
      "tracked_predator_slot": 0,
      "target": 6
    },
    {
      "time": 127.6,
      "tracked_predator_slot": 0,
      "target": 4
    },
    {
      "time": 127.9,
      "tracked_predator_slot": 0,
      "target": 5
    },
    {
      "time": 128.0,
      "tracked_predator_slot": 0,
      "target": 4
    },
    {
      "time": 128.1,
      "tracked_predator_slot": 0,
      "target": 6
    },
    {
      "time": 128.4,
      "tracked_predator_slot": 0,
      "target": 9
    },
    {
      "time": 128.5,
      "tracked_predator_slot": 0,
      "target": 4
    },
    {
      "time": 128.6,
      "tracked_predator_slot": 0,
      "target": 6
    },
    {
      "time": 128.7,
      "tracked_predator_slot": 0,
      "target": 5
    },
    {
      "time": 128.8,
      "tracked_predator_slot": 0,
      "target": 6
    },
    {
      "time": 128.9,
      "tracked_predator_slot": 0,
      "target": 9
    },
    {
      "time": 129.3,
      "tracked_predator_slot": 0,
      "target": 4
    },
    {
      "time": 129.5,
      "tracked_predator_slot": 0,
      "target": 6
    },
    {
      "time": 129.9,
      "tracked_predator_slot": 0,
      "target": null
    },
    {
      "time": 130.0,
      "tracked_predator_slot": 0,
      "target": 6
    },
    {
      "time": 133.3,
      "tracked_predator_slot": 0,
      "target": 9
    },
    {
      "time": 133.5,
      "tracked_predator_slot": 0,
      "target": 5
    },
    {
      "time": 133.6,
      "tracked_predator_slot": 0,
      "target": 9
    },
    {
      "time": 133.8,
      "tracked_predator_slot": 0,
      "target": 5
    },
    {
      "time": 135.4,
      "tracked_predator_slot": 0,
      "target": 9
    },
    {
      "time": 136.6,
      "tracked_predator_slot": 0,
      "target": 5
    },
    {
      "time": 136.8,
      "tracked_predator_slot": 0,
      "target": 9
    },
    {
      "time": 136.9,
      "tracked_predator_slot": 0,
      "target": 5
    },
    {
      "time": 137.0,
      "tracked_predator_slot": 0,
      "target": 9
    },
    {
      "time": 137.6,
      "tracked_predator_slot": 0,
      "target": 5
    },
    {
      "time": 137.7,
      "tracked_predator_slot": 0,
      "target": 9
    },
    {
      "time": 137.8,
      "tracked_predator_slot": 0,
      "target": 5
    },
    {
      "time": 137.9,
      "tracked_predator_slot": 0,
      "target": 9
    },
    {
      "time": 138.0,
      "tracked_predator_slot": 0,
      "target": 5
    },
    {
      "time": 138.1,
      "tracked_predator_slot": 0,
      "target": 9
    },
    {
      "time": 138.3,
      "tracked_predator_slot": 0,
      "target": 5
    },
    {
      "time": 138.8,
      "tracked_predator_slot": 0,
      "target": 9
    },
    {
      "time": 139.1,
      "tracked_predator_slot": 0,
      "target": 5
    },
    {
      "time": 139.3,
      "tracked_predator_slot": 0,
      "target": 9
    },
    {
      "time": 139.5,
      "tracked_predator_slot": 0,
      "target": 5
    },
    {
      "time": 139.6,
      "tracked_predator_slot": 0,
      "target": 9
    },
    {
      "time": 140.2,
      "tracked_predator_slot": 0,
      "target": 5
    },
    {
      "time": 140.3,
      "tracked_predator_slot": 0,
      "target": 6
    },
    {
      "time": 140.4,
      "tracked_predator_slot": 0,
      "target": null
    },
    {
      "time": 140.5,
      "tracked_predator_slot": 0,
      "target": 6
    },
    {
      "time": 140.6,
      "tracked_predator_slot": 0,
      "target": null
    },
    {
      "time": 140.7,
      "tracked_predator_slot": 0,
      "target": 6
    },
    {
      "time": 144.8,
      "tracked_predator_slot": 0,
      "target": 5
    },
    {
      "time": 144.9,
      "tracked_predator_slot": 0,
      "target": 6
    },
    {
      "time": 147.3,
      "tracked_predator_slot": 0,
      "target": 5
    },
    {
      "time": 147.6,
      "tracked_predator_slot": 0,
      "target": 6
    },
    {
      "time": 147.7,
      "tracked_predator_slot": 0,
      "target": 5
    },
    {
      "time": 147.8,
      "tracked_predator_slot": 0,
      "target": 6
    },
    {
      "time": 147.9,
      "tracked_predator_slot": 0,
      "target": null
    },
    {
      "time": 148.0,
      "tracked_predator_slot": 0,
      "target": 5
    },
    {
      "time": 148.2,
      "tracked_predator_slot": 0,
      "target": null
    },
    {
      "time": 148.3,
      "tracked_predator_slot": 0,
      "target": 5
    },
    {
      "time": 150.9,
      "tracked_predator_slot": 0,
      "target": 6
    },
    {
      "time": 151.3,
      "tracked_predator_slot": 0,
      "target": 5
    },
    {
      "time": 151.4,
      "tracked_predator_slot": 0,
      "target": 6
    },
    {
      "time": 151.6,
      "tracked_predator_slot": 0,
      "target": 5
    },
    {
      "time": 152.5,
      "tracked_predator_slot": 0,
      "target": 6
    },
    {
      "time": 152.6,
      "tracked_predator_slot": 0,
      "target": 5
    },
    {
      "time": 153.2,
      "tracked_predator_slot": 0,
      "target": 6
    },
    {
      "time": 153.3,
      "tracked_predator_slot": 0,
      "target": 5
    },
    {
      "time": 153.6,
      "tracked_predator_slot": 0,
      "target": "resting"
    },
    {
      "time": 157.1,
      "tracked_predator_slot": 0,
      "target": 5
    },
    {
      "time": 159.0,
      "tracked_predator_slot": 0,
      "target": 6
    },
    {
      "time": 160.8,
      "tracked_predator_slot": 0,
      "target": 5
    },
    {
      "time": 161.1,
      "tracked_predator_slot": 0,
      "target": 6
    },
    {
      "time": 161.2,
      "tracked_predator_slot": 0,
      "target": 5
    },
    {
      "time": 162.0,
      "tracked_predator_slot": 0,
      "target": 6
    },
    {
      "time": 162.1,
      "tracked_predator_slot": 0,
      "target": 5
    },
    {
      "time": 162.9,
      "tracked_predator_slot": 0,
      "target": 6
    },
    {
      "time": 164.1,
      "tracked_predator_slot": 0,
      "target": null
    },
    {
      "time": 164.6,
      "tracked_predator_slot": 0,
      "target": 5
    },
    {
      "time": 166.8,
      "tracked_predator_slot": 0,
      "target": 0
    },
    {
      "time": 180.0,
      "tracked_predator_slot": 0,
      "target": "resting"
    },
    {
      "time": 183.5,
      "tracked_predator_slot": 0,
      "target": 0
    },
    {
      "time": 192.7,
      "tracked_predator_slot": 0,
      "target": "resting"
    },
    {
      "time": 196.2,
      "tracked_predator_slot": 0,
      "target": 0
    },
    {
      "time": 205.4,
      "tracked_predator_slot": 0,
      "target": "resting"
    },
    {
      "time": 208.9,
      "tracked_predator_slot": 0,
      "target": 0
    },
    {
      "time": 218.0,
      "tracked_predator_slot": 0,
      "target": "resting"
    },
    {
      "time": 221.5,
      "tracked_predator_slot": 0,
      "target": 0
    },
    {
      "time": 230.7,
      "tracked_predator_slot": 0,
      "target": "resting"
    },
    {
      "time": 234.2,
      "tracked_predator_slot": 0,
      "target": 0
    },
    {
      "time": 243.4,
      "tracked_predator_slot": 0,
      "target": "resting"
    },
    {
      "time": 246.9,
      "tracked_predator_slot": 0,
      "target": 0
    },
    {
      "time": 256.4,
      "tracked_predator_slot": 0,
      "target": "resting"
    },
    {
      "time": 259.9,
      "tracked_predator_slot": 0,
      "target": 0
    },
    {
      "time": 269.0,
      "tracked_predator_slot": 0,
      "target": "resting"
    },
    {
      "time": 272.5,
      "tracked_predator_slot": 0,
      "target": 0
    },
    {
      "time": 281.7,
      "tracked_predator_slot": 0,
      "target": "resting"
    },
    {
      "time": 285.2,
      "tracked_predator_slot": 0,
      "target": 0
    },
    {
      "time": 294.4,
      "tracked_predator_slot": 0,
      "target": "resting"
    },
    {
      "time": 297.9,
      "tracked_predator_slot": 0,
      "target": 0
    }
  ],
  "guide_role_trace": [
    {
      "time": 0,
      "active_guide_id": 1
    },
    {
      "time": 4.5,
      "active_guide_id": 4
    },
    {
      "time": 4.6,
      "active_guide_id": 5
    },
    {
      "time": 4.7,
      "active_guide_id": 4
    },
    {
      "time": 4.8,
      "active_guide_id": 3
    },
    {
      "time": 4.9,
      "active_guide_id": 6
    },
    {
      "time": 5.2,
      "active_guide_id": 8
    },
    {
      "time": 5.4,
      "active_guide_id": 9
    },
    {
      "time": 5.9,
      "active_guide_id": 7
    },
    {
      "time": 6.0,
      "active_guide_id": 2
    },
    {
      "time": 6.1,
      "active_guide_id": 5
    },
    {
      "time": 6.3,
      "active_guide_id": 2
    },
    {
      "time": 6.4,
      "active_guide_id": 9
    },
    {
      "time": 6.6,
      "active_guide_id": 7
    },
    {
      "time": 7.1,
      "active_guide_id": 5
    },
    {
      "time": 7.2,
      "active_guide_id": 7
    },
    {
      "time": 7.4,
      "active_guide_id": 3
    },
    {
      "time": 7.7,
      "active_guide_id": 8
    },
    {
      "time": 7.8,
      "active_guide_id": 4
    },
    {
      "time": 7.9,
      "active_guide_id": 3
    },
    {
      "time": 8.3,
      "active_guide_id": 6
    },
    {
      "time": 8.4,
      "active_guide_id": 4
    },
    {
      "time": 8.6,
      "active_guide_id": 8
    },
    {
      "time": 8.8,
      "active_guide_id": 6
    },
    {
      "time": 9.5,
      "active_guide_id": 5
    },
    {
      "time": 9.6,
      "active_guide_id": 3
    },
    {
      "time": 9.8,
      "active_guide_id": 9
    },
    {
      "time": 10.1,
      "active_guide_id": 1
    },
    {
      "time": 10.2,
      "active_guide_id": 3
    },
    {
      "time": 10.4,
      "active_guide_id": 4
    },
    {
      "time": 10.5,
      "active_guide_id": 2
    },
    {
      "time": 10.8,
      "active_guide_id": 4
    },
    {
      "time": 10.9,
      "active_guide_id": 8
    },
    {
      "time": 11.0,
      "active_guide_id": 4
    },
    {
      "time": 11.1,
      "active_guide_id": 5
    },
    {
      "time": 11.7,
      "active_guide_id": 2
    },
    {
      "time": 11.9,
      "active_guide_id": 4
    },
    {
      "time": 12.1,
      "active_guide_id": 8
    },
    {
      "time": 12.2,
      "active_guide_id": 9
    },
    {
      "time": 12.3,
      "active_guide_id": 1
    },
    {
      "time": 12.4,
      "active_guide_id": 6
    },
    {
      "time": 12.5,
      "active_guide_id": 9
    },
    {
      "time": 12.6,
      "active_guide_id": 8
    },
    {
      "time": 12.8,
      "active_guide_id": 9
    },
    {
      "time": 12.9,
      "active_guide_id": 1
    },
    {
      "time": 13.9,
      "active_guide_id": 5
    },
    {
      "time": 14.1,
      "active_guide_id": 9
    },
    {
      "time": 14.2,
      "active_guide_id": 3
    },
    {
      "time": 14.4,
      "active_guide_id": 6
    },
    {
      "time": 14.5,
      "active_guide_id": 4
    },
    {
      "time": 14.6,
      "active_guide_id": 9
    },
    {
      "time": 14.7,
      "active_guide_id": 2
    },
    {
      "time": 14.8,
      "active_guide_id": 5
    },
    {
      "time": 14.9,
      "active_guide_id": 7
    },
    {
      "time": 15.9,
      "active_guide_id": 9
    },
    {
      "time": 16.4,
      "active_guide_id": 3
    },
    {
      "time": 18.0,
      "active_guide_id": 5
    },
    {
      "time": 18.2,
      "active_guide_id": 4
    },
    {
      "time": 18.4,
      "active_guide_id": 6
    },
    {
      "time": 18.6,
      "active_guide_id": 5
    },
    {
      "time": 18.9,
      "active_guide_id": 8
    },
    {
      "time": 19.5,
      "active_guide_id": 7
    },
    {
      "time": 19.9,
      "active_guide_id": 6
    },
    {
      "time": 20.1,
      "active_guide_id": 1
    },
    {
      "time": 20.2,
      "active_guide_id": 7
    },
    {
      "time": 20.3,
      "active_guide_id": 6
    },
    {
      "time": 20.4,
      "active_guide_id": 3
    },
    {
      "time": 20.5,
      "active_guide_id": 2
    },
    {
      "time": 20.8,
      "active_guide_id": 4
    },
    {
      "time": 21.6,
      "active_guide_id": 7
    },
    {
      "time": 21.7,
      "active_guide_id": 3
    },
    {
      "time": 22.3,
      "active_guide_id": 5
    },
    {
      "time": 22.9,
      "active_guide_id": 8
    },
    {
      "time": 23.4,
      "active_guide_id": 4
    },
    {
      "time": 23.9,
      "active_guide_id": 2
    },
    {
      "time": 24.2,
      "active_guide_id": 1
    },
    {
      "time": 24.5,
      "active_guide_id": 7
    },
    {
      "time": 24.6,
      "active_guide_id": 2
    },
    {
      "time": 24.9,
      "active_guide_id": 1
    },
    {
      "time": 25.1,
      "active_guide_id": 8
    },
    {
      "time": 25.2,
      "active_guide_id": 1
    },
    {
      "time": 25.9,
      "active_guide_id": 2
    },
    {
      "time": 26.0,
      "active_guide_id": 1
    },
    {
      "time": 26.2,
      "active_guide_id": 7
    },
    {
      "time": 27.3,
      "active_guide_id": 2
    },
    {
      "time": 30.4,
      "active_guide_id": 7
    },
    {
      "time": 30.6,
      "active_guide_id": 2
    },
    {
      "time": 30.8,
      "active_guide_id": 1
    },
    {
      "time": 31.4,
      "active_guide_id": 2
    },
    {
      "time": 31.5,
      "active_guide_id": 1
    },
    {
      "time": 31.6,
      "active_guide_id": 2
    },
    {
      "time": 31.8,
      "active_guide_id": 7
    },
    {
      "time": 32.0,
      "active_guide_id": 2
    },
    {
      "time": 32.1,
      "active_guide_id": 7
    },
    {
      "time": 32.3,
      "active_guide_id": 1
    },
    {
      "time": 33.3,
      "active_guide_id": 2
    },
    {
      "time": 34.0,
      "active_guide_id": 7
    },
    {
      "time": 34.8,
      "active_guide_id": 1
    },
    {
      "time": 35.8,
      "active_guide_id": 2
    },
    {
      "time": 35.9,
      "active_guide_id": 7
    },
    {
      "time": 36.2,
      "active_guide_id": 2
    },
    {
      "time": 36.3,
      "active_guide_id": 1
    },
    {
      "time": 39.0,
      "active_guide_id": 2
    },
    {
      "time": 39.5,
      "active_guide_id": 1
    },
    {
      "time": 48.2,
      "active_guide_id": 7
    },
    {
      "time": 49.0,
      "active_guide_id": 1
    },
    {
      "time": 49.8,
      "active_guide_id": 2
    },
    {
      "time": 50.0,
      "active_guide_id": 1
    },
    {
      "time": 51.1,
      "active_guide_id": 2
    },
    {
      "time": 52.3,
      "active_guide_id": 7
    },
    {
      "time": 56.1,
      "active_guide_id": 2
    },
    {
      "time": 59.5,
      "active_guide_id": 1
    },
    {
      "time": 61.9,
      "active_guide_id": 7
    },
    {
      "time": 62.1,
      "active_guide_id": 1
    },
    {
      "time": 62.3,
      "active_guide_id": 2
    },
    {
      "time": 62.4,
      "active_guide_id": 1
    },
    {
      "time": 62.5,
      "active_guide_id": 2
    },
    {
      "time": 62.6,
      "active_guide_id": 1
    },
    {
      "time": 62.7,
      "active_guide_id": 2
    },
    {
      "time": 63.9,
      "active_guide_id": 7
    },
    {
      "time": 64.0,
      "active_guide_id": 1
    },
    {
      "time": 64.2,
      "active_guide_id": 7
    },
    {
      "time": 64.7,
      "active_guide_id": 1
    },
    {
      "time": 65.0,
      "active_guide_id": 2
    },
    {
      "time": 65.2,
      "active_guide_id": 7
    },
    {
      "time": 65.3,
      "active_guide_id": 1
    },
    {
      "time": 68.7,
      "active_guide_id": 2
    },
    {
      "time": 68.9,
      "active_guide_id": 7
    },
    {
      "time": 69.4,
      "active_guide_id": 2
    },
    {
      "time": 69.9,
      "active_guide_id": 7
    },
    {
      "time": 70.0,
      "active_guide_id": 2
    },
    {
      "time": 70.2,
      "active_guide_id": 4
    },
    {
      "time": 71.8,
      "active_guide_id": 3
    },
    {
      "time": 72.0,
      "active_guide_id": 6
    },
    {
      "time": 72.1,
      "active_guide_id": 4
    },
    {
      "time": 72.5,
      "active_guide_id": 8
    },
    {
      "time": 72.8,
      "active_guide_id": 3
    },
    {
      "time": 73.2,
      "active_guide_id": 4
    },
    {
      "time": 73.9,
      "active_guide_id": 3
    },
    {
      "time": 74.1,
      "active_guide_id": 8
    },
    {
      "time": 74.5,
      "active_guide_id": 4
    },
    {
      "time": 76.9,
      "active_guide_id": 6
    },
    {
      "time": 80.4,
      "active_guide_id": 8
    },
    {
      "time": 80.9,
      "active_guide_id": 6
    },
    {
      "time": 81.1,
      "active_guide_id": 3
    },
    {
      "time": 82.3,
      "active_guide_id": 4
    },
    {
      "time": 82.4,
      "active_guide_id": 9
    },
    {
      "time": 82.8,
      "active_guide_id": 4
    },
    {
      "time": 83.0,
      "active_guide_id": 3
    },
    {
      "time": 83.6,
      "active_guide_id": 8
    },
    {
      "time": 84.0,
      "active_guide_id": 6
    },
    {
      "time": 84.3,
      "active_guide_id": 8
    },
    {
      "time": 84.6,
      "active_guide_id": 5
    },
    {
      "time": 84.7,
      "active_guide_id": 9
    },
    {
      "time": 84.8,
      "active_guide_id": 3
    },
    {
      "time": 84.9,
      "active_guide_id": 6
    },
    {
      "time": 85.0,
      "active_guide_id": 3
    },
    {
      "time": 85.1,
      "active_guide_id": 9
    },
    {
      "time": 85.2,
      "active_guide_id": 6
    },
    {
      "time": 85.3,
      "active_guide_id": 3
    },
    {
      "time": 85.5,
      "active_guide_id": 5
    },
    {
      "time": 86.3,
      "active_guide_id": 3
    },
    {
      "time": 87.1,
      "active_guide_id": 6
    },
    {
      "time": 87.3,
      "active_guide_id": 3
    },
    {
      "time": 87.9,
      "active_guide_id": 5
    },
    {
      "time": 91.3,
      "active_guide_id": 3
    },
    {
      "time": 91.4,
      "active_guide_id": 9
    },
    {
      "time": 91.5,
      "active_guide_id": 3
    },
    {
      "time": 91.8,
      "active_guide_id": 5
    },
    {
      "time": 92.1,
      "active_guide_id": 3
    },
    {
      "time": 92.6,
      "active_guide_id": 8
    },
    {
      "time": 92.7,
      "active_guide_id": 9
    },
    {
      "time": 92.8,
      "active_guide_id": 3
    },
    {
      "time": 93.0,
      "active_guide_id": 9
    },
    {
      "time": 93.1,
      "active_guide_id": 3
    },
    {
      "time": 93.4,
      "active_guide_id": 9
    },
    {
      "time": 93.7,
      "active_guide_id": 5
    },
    {
      "time": 93.8,
      "active_guide_id": 6
    },
    {
      "time": 94.1,
      "active_guide_id": 8
    },
    {
      "time": 94.2,
      "active_guide_id": 5
    },
    {
      "time": 94.3,
      "active_guide_id": 8
    },
    {
      "time": 94.5,
      "active_guide_id": 3
    },
    {
      "time": 94.6,
      "active_guide_id": 5
    },
    {
      "time": 94.7,
      "active_guide_id": 8
    },
    {
      "time": 94.8,
      "active_guide_id": 5
    },
    {
      "time": 94.9,
      "active_guide_id": 3
    },
    {
      "time": 95.0,
      "active_guide_id": 5
    },
    {
      "time": 103.8,
      "active_guide_id": 4
    },
    {
      "time": 104.6,
      "active_guide_id": 5
    },
    {
      "time": 104.9,
      "active_guide_id": 4
    },
    {
      "time": 105.4,
      "active_guide_id": 5
    },
    {
      "time": 105.6,
      "active_guide_id": 4
    },
    {
      "time": 105.8,
      "active_guide_id": 5
    },
    {
      "time": 107.0,
      "active_guide_id": 4
    },
    {
      "time": 107.3,
      "active_guide_id": 5
    },
    {
      "time": 110.7,
      "active_guide_id": 8
    },
    {
      "time": 111.0,
      "active_guide_id": 5
    },
    {
      "time": 111.3,
      "active_guide_id": 4
    },
    {
      "time": 111.7,
      "active_guide_id": 8
    },
    {
      "time": 112.0,
      "active_guide_id": 4
    },
    {
      "time": 112.9,
      "active_guide_id": 5
    },
    {
      "time": 113.0,
      "active_guide_id": 8
    },
    {
      "time": 113.4,
      "active_guide_id": 9
    },
    {
      "time": 113.7,
      "active_guide_id": 8
    },
    {
      "time": 114.1,
      "active_guide_id": 3
    },
    {
      "time": 114.3,
      "active_guide_id": 4
    },
    {
      "time": 114.4,
      "active_guide_id": 6
    },
    {
      "time": 114.5,
      "active_guide_id": 9
    },
    {
      "time": 114.6,
      "active_guide_id": 5
    },
    {
      "time": 114.7,
      "active_guide_id": 8
    },
    {
      "time": 115.0,
      "active_guide_id": 5
    },
    {
      "time": 115.2,
      "active_guide_id": 4
    },
    {
      "time": 115.3,
      "active_guide_id": 5
    },
    {
      "time": 115.5,
      "active_guide_id": 6
    },
    {
      "time": 115.6,
      "active_guide_id": 9
    },
    {
      "time": 116.0,
      "active_guide_id": 6
    },
    {
      "time": 116.3,
      "active_guide_id": 8
    },
    {
      "time": 116.6,
      "active_guide_id": 4
    },
    {
      "time": 116.8,
      "active_guide_id": 5
    },
    {
      "time": 116.9,
      "active_guide_id": 4
    },
    {
      "time": 117.7,
      "active_guide_id": 3
    },
    {
      "time": 117.9,
      "active_guide_id": 4
    },
    {
      "time": 118.1,
      "active_guide_id": 9
    },
    {
      "time": 118.2,
      "active_guide_id": 4
    },
    {
      "time": 118.3,
      "active_guide_id": 9
    },
    {
      "time": 118.5,
      "active_guide_id": 5
    },
    {
      "time": 118.6,
      "active_guide_id": 9
    },
    {
      "time": 118.7,
      "active_guide_id": 4
    },
    {
      "time": 118.8,
      "active_guide_id": 5
    },
    {
      "time": 118.9,
      "active_guide_id": 6
    },
    {
      "time": 119.1,
      "active_guide_id": 4
    },
    {
      "time": 119.2,
      "active_guide_id": 9
    },
    {
      "time": 119.4,
      "active_guide_id": 5
    },
    {
      "time": 122.7,
      "active_guide_id": 9
    },
    {
      "time": 123.8,
      "active_guide_id": 4
    },
    {
      "time": 124.1,
      "active_guide_id": 9
    },
    {
      "time": 124.8,
      "active_guide_id": 6
    },
    {
      "time": 124.9,
      "active_guide_id": 5
    },
    {
      "time": 125.1,
      "active_guide_id": 4
    },
    {
      "time": 125.8,
      "active_guide_id": 6
    },
    {
      "time": 126.7,
      "active_guide_id": 9
    },
    {
      "time": 126.9,
      "active_guide_id": 5
    },
    {
      "time": 127.0,
      "active_guide_id": 9
    },
    {
      "time": 127.1,
      "active_guide_id": 5
    },
    {
      "time": 127.3,
      "active_guide_id": 6
    },
    {
      "time": 127.6,
      "active_guide_id": 4
    },
    {
      "time": 128.2,
      "active_guide_id": 6
    },
    {
      "time": 128.4,
      "active_guide_id": 9
    },
    {
      "time": 128.5,
      "active_guide_id": 4
    },
    {
      "time": 128.6,
      "active_guide_id": 6
    },
    {
      "time": 128.7,
      "active_guide_id": 5
    },
    {
      "time": 128.8,
      "active_guide_id": 6
    },
    {
      "time": 129.0,
      "active_guide_id": 9
    },
    {
      "time": 129.3,
      "active_guide_id": 4
    },
    {
      "time": 129.5,
      "active_guide_id": 6
    },
    {
      "time": 129.8,
      "active_guide_id": 5
    },
    {
      "time": 129.9,
      "active_guide_id": 6
    },
    {
      "time": 131.8,
      "active_guide_id": 5
    },
    {
      "time": 132.0,
      "active_guide_id": 6
    },
    {
      "time": 133.3,
      "active_guide_id": 9
    },
    {
      "time": 133.5,
      "active_guide_id": 5
    },
    {
      "time": 133.6,
      "active_guide_id": 9
    },
    {
      "time": 133.8,
      "active_guide_id": 5
    },
    {
      "time": 136.8,
      "active_guide_id": 9
    },
    {
      "time": 137.0,
      "active_guide_id": 5
    },
    {
      "time": 137.1,
      "active_guide_id": 9
    },
    {
      "time": 137.6,
      "active_guide_id": 5
    },
    {
      "time": 137.7,
      "active_guide_id": 9
    },
    {
      "time": 137.8,
      "active_guide_id": 5
    },
    {
      "time": 137.9,
      "active_guide_id": 9
    },
    {
      "time": 138.0,
      "active_guide_id": 5
    },
    {
      "time": 138.1,
      "active_guide_id": 9
    },
    {
      "time": 138.4,
      "active_guide_id": 5
    },
    {
      "time": 138.8,
      "active_guide_id": 9
    },
    {
      "time": 139.2,
      "active_guide_id": 5
    },
    {
      "time": 139.6,
      "active_guide_id": 9
    },
    {
      "time": 139.8,
      "active_guide_id": 6
    },
    {
      "time": 139.9,
      "active_guide_id": 9
    },
    {
      "time": 140.2,
      "active_guide_id": 5
    },
    {
      "time": 140.3,
      "active_guide_id": 6
    },
    {
      "time": 144.8,
      "active_guide_id": 5
    },
    {
      "time": 144.9,
      "active_guide_id": 6
    },
    {
      "time": 147.3,
      "active_guide_id": 5
    },
    {
      "time": 147.6,
      "active_guide_id": 6
    },
    {
      "time": 147.7,
      "active_guide_id": 5
    },
    {
      "time": 147.8,
      "active_guide_id": 6
    },
    {
      "time": 147.9,
      "active_guide_id": 5
    },
    {
      "time": 151.5,
      "active_guide_id": 6
    },
    {
      "time": 151.6,
      "active_guide_id": 5
    },
    {
      "time": 153.2,
      "active_guide_id": 6
    },
    {
      "time": 153.3,
      "active_guide_id": 5
    },
    {
      "time": 154.0,
      "active_guide_id": 6
    },
    {
      "time": 154.1,
      "active_guide_id": 5
    },
    {
      "time": 154.8,
      "active_guide_id": 6
    },
    {
      "time": 154.9,
      "active_guide_id": 5
    },
    {
      "time": 155.4,
      "active_guide_id": 6
    },
    {
      "time": 155.5,
      "active_guide_id": 5
    },
    {
      "time": 156.0,
      "active_guide_id": 6
    },
    {
      "time": 156.1,
      "active_guide_id": 5
    },
    {
      "time": 156.6,
      "active_guide_id": 6
    },
    {
      "time": 156.7,
      "active_guide_id": 5
    },
    {
      "time": 158.9,
      "active_guide_id": 6
    },
    {
      "time": 162.7,
      "active_guide_id": 5
    },
    {
      "time": 162.9,
      "active_guide_id": 6
    },
    {
      "time": 164.1,
      "active_guide_id": 5
    }
  ],
  "guide_follow_trace": [
    {
      "time": 0.1,
      "active_guide_id": 1,
      "tracked_predator_slot": 0
    },
    {
      "time": 5.0,
      "active_guide_id": 6,
      "tracked_predator_slot": 0
    },
    {
      "time": 5.5,
      "active_guide_id": 9,
      "tracked_predator_slot": 0
    },
    {
      "time": 7.6,
      "active_guide_id": 3,
      "tracked_predator_slot": 0
    },
    {
      "time": 9.9,
      "active_guide_id": 9,
      "tracked_predator_slot": 0
    },
    {
      "time": 10.6,
      "active_guide_id": 2,
      "tracked_predator_slot": 0
    },
    {
      "time": 13.0,
      "active_guide_id": 1,
      "tracked_predator_slot": 0
    },
    {
      "time": 17.8,
      "active_guide_id": 3,
      "tracked_predator_slot": 0
    },
    {
      "time": 19.0,
      "active_guide_id": 8,
      "tracked_predator_slot": 0
    },
    {
      "time": 19.6,
      "active_guide_id": 7,
      "tracked_predator_slot": 0
    },
    {
      "time": 20.0,
      "active_guide_id": 6,
      "tracked_predator_slot": 0
    },
    {
      "time": 20.6,
      "active_guide_id": 2,
      "tracked_predator_slot": 0
    },
    {
      "time": 20.9,
      "active_guide_id": 4,
      "tracked_predator_slot": 0
    },
    {
      "time": 22.4,
      "active_guide_id": 5,
      "tracked_predator_slot": 0
    },
    {
      "time": 23.0,
      "active_guide_id": 8,
      "tracked_predator_slot": 0
    },
    {
      "time": 23.7,
      "active_guide_id": 4,
      "tracked_predator_slot": 0
    },
    {
      "time": 24.1,
      "active_guide_id": 2,
      "tracked_predator_slot": 0
    },
    {
      "time": 24.4,
      "active_guide_id": 1,
      "tracked_predator_slot": 0
    },
    {
      "time": 24.6,
      "active_guide_id": 7,
      "tracked_predator_slot": 0
    },
    {
      "time": 24.7,
      "active_guide_id": 2,
      "tracked_predator_slot": 0
    },
    {
      "time": 26.3,
      "active_guide_id": 7,
      "tracked_predator_slot": 0
    },
    {
      "time": 30.2,
      "active_guide_id": 2,
      "tracked_predator_slot": 0
    },
    {
      "time": 30.7,
      "active_guide_id": 2,
      "tracked_predator_slot": 0
    },
    {
      "time": 31.0,
      "active_guide_id": 1,
      "tracked_predator_slot": 0
    },
    {
      "time": 31.9,
      "active_guide_id": 7,
      "tracked_predator_slot": 0
    },
    {
      "time": 32.2,
      "active_guide_id": 7,
      "tracked_predator_slot": 0
    },
    {
      "time": 32.4,
      "active_guide_id": 1,
      "tracked_predator_slot": 0
    },
    {
      "time": 33.7,
      "active_guide_id": 2,
      "tracked_predator_slot": 0
    },
    {
      "time": 34.1,
      "active_guide_id": 7,
      "tracked_predator_slot": 0
    },
    {
      "time": 34.9,
      "active_guide_id": 1,
      "tracked_predator_slot": 0
    },
    {
      "time": 36.4,
      "active_guide_id": 1,
      "tracked_predator_slot": 0
    },
    {
      "time": 39.2,
      "active_guide_id": 2,
      "tracked_predator_slot": 0
    },
    {
      "time": 42.8,
      "active_guide_id": 1,
      "tracked_predator_slot": 0
    },
    {
      "time": 49.1,
      "active_guide_id": 1,
      "tracked_predator_slot": 0
    },
    {
      "time": 50.1,
      "active_guide_id": 1,
      "tracked_predator_slot": 0
    },
    {
      "time": 51.2,
      "active_guide_id": 2,
      "tracked_predator_slot": 0
    },
    {
      "time": 55.7,
      "active_guide_id": 7,
      "tracked_predator_slot": 0
    },
    {
      "time": 56.2,
      "active_guide_id": 2,
      "tracked_predator_slot": 0
    },
    {
      "time": 59.7,
      "active_guide_id": 1,
      "tracked_predator_slot": 0
    },
    {
      "time": 62.0,
      "active_guide_id": 7,
      "tracked_predator_slot": 0
    },
    {
      "time": 62.8,
      "active_guide_id": 2,
      "tracked_predator_slot": 0
    },
    {
      "time": 64.1,
      "active_guide_id": 1,
      "tracked_predator_slot": 0
    },
    {
      "time": 64.3,
      "active_guide_id": 7,
      "tracked_predator_slot": 0
    },
    {
      "time": 64.8,
      "active_guide_id": 1,
      "tracked_predator_slot": 0
    },
    {
      "time": 68.4,
      "active_guide_id": 1,
      "tracked_predator_slot": 0
    },
    {
      "time": 69.1,
      "active_guide_id": 7,
      "tracked_predator_slot": 0
    },
    {
      "time": 69.6,
      "active_guide_id": 2,
      "tracked_predator_slot": 0
    },
    {
      "time": 70.1,
      "active_guide_id": 2,
      "tracked_predator_slot": 0
    },
    {
      "time": 84.7,
      "active_guide_id": 5,
      "tracked_predator_slot": 0
    },
    {
      "time": 85.6,
      "active_guide_id": 5,
      "tracked_predator_slot": 0
    },
    {
      "time": 88.0,
      "active_guide_id": 5,
      "tracked_predator_slot": 0
    },
    {
      "time": 91.9,
      "active_guide_id": 5,
      "tracked_predator_slot": 0
    },
    {
      "time": 97.4,
      "active_guide_id": 5,
      "tracked_predator_slot": 0
    },
    {
      "time": 103.9,
      "active_guide_id": 4,
      "tracked_predator_slot": 0
    },
    {
      "time": 104.8,
      "active_guide_id": 5,
      "tracked_predator_slot": 0
    },
    {
      "time": 105.0,
      "active_guide_id": 4,
      "tracked_predator_slot": 0
    },
    {
      "time": 105.5,
      "active_guide_id": 5,
      "tracked_predator_slot": 0
    },
    {
      "time": 105.9,
      "active_guide_id": 5,
      "tracked_predator_slot": 0
    },
    {
      "time": 110.3,
      "active_guide_id": 5,
      "tracked_predator_slot": 0
    },
    {
      "time": 111.1,
      "active_guide_id": 5,
      "tracked_predator_slot": 0
    },
    {
      "time": 111.4,
      "active_guide_id": 4,
      "tracked_predator_slot": 0
    },
    {
      "time": 111.8,
      "active_guide_id": 8,
      "tracked_predator_slot": 0
    },
    {
      "time": 112.1,
      "active_guide_id": 4,
      "tracked_predator_slot": 0
    },
    {
      "time": 113.1,
      "active_guide_id": 8,
      "tracked_predator_slot": 0
    },
    {
      "time": 113.5,
      "active_guide_id": 9,
      "tracked_predator_slot": 0
    },
    {
      "time": 113.8,
      "active_guide_id": 8,
      "tracked_predator_slot": 0
    },
    {
      "time": 114.9,
      "active_guide_id": 8,
      "tracked_predator_slot": 0
    },
    {
      "time": 115.7,
      "active_guide_id": 9,
      "tracked_predator_slot": 0
    },
    {
      "time": 116.1,
      "active_guide_id": 6,
      "tracked_predator_slot": 0
    },
    {
      "time": 116.5,
      "active_guide_id": 8,
      "tracked_predator_slot": 0
    },
    {
      "time": 117.0,
      "active_guide_id": 4,
      "tracked_predator_slot": 0
    },
    {
      "time": 118.0,
      "active_guide_id": 4,
      "tracked_predator_slot": 0
    },
    {
      "time": 119.0,
      "active_guide_id": 6,
      "tracked_predator_slot": 0
    },
    {
      "time": 119.3,
      "active_guide_id": 9,
      "tracked_predator_slot": 0
    },
    {
      "time": 119.5,
      "active_guide_id": 5,
      "tracked_predator_slot": 0
    },
    {
      "time": 123.0,
      "active_guide_id": 9,
      "tracked_predator_slot": 0
    },
    {
      "time": 123.9,
      "active_guide_id": 4,
      "tracked_predator_slot": 0
    },
    {
      "time": 124.2,
      "active_guide_id": 9,
      "tracked_predator_slot": 0
    },
    {
      "time": 125.2,
      "active_guide_id": 4,
      "tracked_predator_slot": 0
    },
    {
      "time": 125.9,
      "active_guide_id": 6,
      "tracked_predator_slot": 0
    },
    {
      "time": 126.8,
      "active_guide_id": 9,
      "tracked_predator_slot": 0
    },
    {
      "time": 127.4,
      "active_guide_id": 6,
      "tracked_predator_slot": 0
    },
    {
      "time": 127.7,
      "active_guide_id": 4,
      "tracked_predator_slot": 0
    },
    {
      "time": 128.3,
      "active_guide_id": 6,
      "tracked_predator_slot": 0
    },
    {
      "time": 129.1,
      "active_guide_id": 9,
      "tracked_predator_slot": 0
    },
    {
      "time": 129.4,
      "active_guide_id": 4,
      "tracked_predator_slot": 0
    },
    {
      "time": 129.6,
      "active_guide_id": 6,
      "tracked_predator_slot": 0
    },
    {
      "time": 130.0,
      "active_guide_id": 6,
      "tracked_predator_slot": 0
    },
    {
      "time": 132.1,
      "active_guide_id": 6,
      "tracked_predator_slot": 0
    },
    {
      "time": 133.4,
      "active_guide_id": 9,
      "tracked_predator_slot": 0
    },
    {
      "time": 133.7,
      "active_guide_id": 9,
      "tracked_predator_slot": 0
    },
    {
      "time": 133.9,
      "active_guide_id": 5,
      "tracked_predator_slot": 0
    },
    {
      "time": 137.0,
      "active_guide_id": 9,
      "tracked_predator_slot": 0
    },
    {
      "time": 137.2,
      "active_guide_id": 9,
      "tracked_predator_slot": 0
    },
    {
      "time": 138.2,
      "active_guide_id": 9,
      "tracked_predator_slot": 0
    },
    {
      "time": 138.5,
      "active_guide_id": 5,
      "tracked_predator_slot": 0
    },
    {
      "time": 138.9,
      "active_guide_id": 9,
      "tracked_predator_slot": 0
    },
    {
      "time": 139.5,
      "active_guide_id": 5,
      "tracked_predator_slot": 0
    },
    {
      "time": 139.7,
      "active_guide_id": 9,
      "tracked_predator_slot": 0
    },
    {
      "time": 140.0,
      "active_guide_id": 9,
      "tracked_predator_slot": 0
    },
    {
      "time": 140.5,
      "active_guide_id": 6,
      "tracked_predator_slot": 0
    },
    {
      "time": 145.0,
      "active_guide_id": 6,
      "tracked_predator_slot": 0
    },
    {
      "time": 147.4,
      "active_guide_id": 5,
      "tracked_predator_slot": 0
    },
    {
      "time": 148.0,
      "active_guide_id": 5,
      "tracked_predator_slot": 0
    },
    {
      "time": 151.7,
      "active_guide_id": 5,
      "tracked_predator_slot": 0
    },
    {
      "time": 153.4,
      "active_guide_id": 5,
      "tracked_predator_slot": 0
    },
    {
      "time": 157.1,
      "active_guide_id": 5,
      "tracked_predator_slot": 0
    },
    {
      "time": 159.0,
      "active_guide_id": 6,
      "tracked_predator_slot": 0
    },
    {
      "time": 162.8,
      "active_guide_id": 5,
      "tracked_predator_slot": 0
    },
    {
      "time": 163.0,
      "active_guide_id": 6,
      "tracked_predator_slot": 0
    },
    {
      "time": 164.6,
      "active_guide_id": 5,
      "tracked_predator_slot": 0
    }
  ],
  "guide_role": "child",
  "parent_role": "gather_evade",
  "child_role": "guide",
  "active_guide_id_final": 5,
  "active_guide_alive_final": false,
  "guide_role_ids": [
    1,
    2,
    3,
    4,
    5,
    6,
    7,
    8,
    9
  ],
  "bait_deployed_at": 0.1,
  "policy_bait_ready_final": false,
  "bait_left_after_deployment": null,
  "final_bait_distance_to_goal": 0.0,
  "first_guide_predator_observation": 0.1,
  "first_predator_following_guide": 0.1,
  "first_predator_following_active_guide": 164.6,
  "tracked_seen_by_guide": 1,
  "tracked_followed_active_guide": 1,
  "physical_entered": 1,
  "guided_delivered": 1,
  "physical_losses_after_delivery": 0,
  "target_losses_after_delivery": 0,
  "physical_entry_times": [
    167.2
  ],
  "guided_delivery_times": [
    167.2
  ],
  "loss_times": [
    null
  ],
  "target_loss_times": [
    null
  ],
  "tail_seconds": 30.0,
  "tail_physical_min": 1,
  "tail_contained_min": 1,
  "final_distance_from_mouth": [
    10.5275
  ],
  "max_distance_after_delivery": [
    13.1755
  ],
  "policy_events": [
    {
      "time": 4.1,
      "kind": "emergency_reserve_budget_enabled",
      "observed_distance": 38.2063,
      "blocked_escape_cone": false,
      "close_wall": true,
      "agent_id": 1
    },
    {
      "time": 4.1,
      "kind": "bounded_emergency_reserve_birth",
      "parent_id": 1,
      "request_number": 1,
      "observed_distance": 38.2063
    },
    {
      "time": 4.2,
      "kind": "native_backup_registered",
      "agent_id": 2
    },
    {
      "time": 4.2,
      "kind": "bounded_emergency_reserve_birth",
      "parent_id": 2,
      "request_number": 2,
      "observed_distance": 42.929
    },
    {
      "time": 4.3,
      "kind": "native_backup_registered",
      "agent_id": 3
    },
    {
      "time": 4.3,
      "kind": "bounded_emergency_reserve_birth",
      "parent_id": 3,
      "request_number": 3,
      "observed_distance": 58.4751
    },
    {
      "time": 4.4,
      "kind": "native_backup_registered",
      "agent_id": 4
    },
    {
      "time": 4.4,
      "kind": "bounded_emergency_reserve_birth",
      "parent_id": 3,
      "request_number": 4,
      "observed_distance": 62.4482
    },
    {
      "time": 4.5,
      "kind": "native_backup_registered",
      "agent_id": 5
    },
    {
      "time": 4.5,
      "kind": "public_dto_active_guide",
      "agent_id": 4,
      "reason": "minimum_observed_predator_distance_hysteresis"
    },
    {
      "time": 4.5,
      "kind": "bounded_emergency_reserve_birth",
      "parent_id": 3,
      "request_number": 5,
      "observed_distance": 60.8142
    },
    {
      "time": 4.6,
      "kind": "native_backup_registered",
      "agent_id": 6
    },
    {
      "time": 4.6,
      "kind": "public_dto_active_guide",
      "agent_id": 5,
      "reason": "minimum_observed_predator_distance_hysteresis"
    },
    {
      "time": 4.6,
      "kind": "bounded_emergency_reserve_birth",
      "parent_id": 3,
      "request_number": 6,
      "observed_distance": 66.1349
    },
    {
      "time": 4.7,
      "kind": "native_backup_registered",
      "agent_id": 7
    },
    {
      "time": 4.7,
      "kind": "public_dto_active_guide",
      "agent_id": 4,
      "reason": "minimum_observed_predator_distance_hysteresis"
    },
    {
      "time": 4.7,
      "kind": "bounded_emergency_reserve_birth",
      "parent_id": 2,
      "request_number": 7,
      "observed_distance": 64.2378
    },
    {
      "time": 4.8,
      "kind": "native_backup_registered",
      "agent_id": 8
    },
    {
      "time": 4.8,
      "kind": "public_dto_active_guide",
      "agent_id": 3,
      "reason": "minimum_observed_predator_distance_hysteresis"
    },
    {
      "time": 4.8,
      "kind": "bounded_emergency_reserve_birth",
      "parent_id": 4,
      "request_number": 8,
      "observed_distance": 55.9106
    },
    {
      "time": 4.9,
      "kind": "native_backup_registered",
      "agent_id": 9
    },
    {
      "time": 4.9,
      "kind": "public_dto_active_guide",
      "agent_id": 6,
      "reason": "minimum_observed_predator_distance_hysteresis"
    },
    {
      "time": 5.2,
      "kind": "public_dto_active_guide",
      "agent_id": 8,
      "reason": "minimum_observed_predator_distance_hysteresis"
    },
    {
      "time": 5.4,
      "kind": "public_dto_active_guide",
      "agent_id": 9,
      "reason": "minimum_observed_predator_distance_hysteresis"
    },
    {
      "time": 5.9,
      "kind": "public_dto_active_guide",
      "agent_id": 7,
      "reason": "minimum_observed_predator_distance_hysteresis"
    },
    {
      "time": 6.0,
      "kind": "public_dto_active_guide",
      "agent_id": 2,
      "reason": "minimum_observed_predator_distance_hysteresis"
    },
    {
      "time": 6.1,
      "kind": "public_dto_active_guide",
      "agent_id": 5,
      "reason": "minimum_observed_predator_distance_hysteresis"
    },
    {
      "time": 6.3,
      "kind": "public_dto_active_guide",
      "agent_id": 2,
      "reason": "minimum_observed_predator_distance_hysteresis"
    },
    {
      "time": 6.4,
      "kind": "public_dto_active_guide",
      "agent_id": 9,
      "reason": "minimum_observed_predator_distance_hysteresis"
    },
    {
      "time": 6.6,
      "kind": "public_dto_active_guide",
      "agent_id": 7,
      "reason": "minimum_observed_predator_distance_hysteresis"
    },
    {
      "time": 7.1,
      "kind": "public_dto_active_guide",
      "agent_id": 5,
      "reason": "minimum_observed_predator_distance_hysteresis"
    },
    {
      "time": 7.2,
      "kind": "public_dto_active_guide",
      "agent_id": 7,
      "reason": "minimum_observed_predator_distance_hysteresis"
    },
    {
      "time": 7.4,
      "kind": "public_dto_active_guide",
      "agent_id": 3,
      "reason": "minimum_observed_predator_distance_hysteresis"
    },
    {
      "time": 7.7,
      "kind": "public_dto_active_guide",
      "agent_id": 8,
      "reason": "minimum_observed_predator_distance_hysteresis"
    },
    {
      "time": 7.8,
      "kind": "public_dto_active_guide",
      "agent_id": 4,
      "reason": "minimum_observed_predator_distance_hysteresis"
    },
    {
      "time": 7.9,
      "kind": "public_dto_active_guide",
      "agent_id": 3,
      "reason": "minimum_observed_predator_distance_hysteresis"
    },
    {
      "time": 8.3,
      "kind": "public_dto_active_guide",
      "agent_id": 6,
      "reason": "minimum_observed_predator_distance_hysteresis"
    },
    {
      "time": 8.4,
      "kind": "public_dto_active_guide",
      "agent_id": 4,
      "reason": "minimum_observed_predator_distance_hysteresis"
    },
    {
      "time": 8.6,
      "kind": "public_dto_active_guide",
      "agent_id": 8,
      "reason": "minimum_observed_predator_distance_hysteresis"
    },
    {
      "time": 8.8,
      "kind": "public_dto_active_guide",
      "agent_id": 6,
      "reason": "minimum_observed_predator_distance_hysteresis"
    },
    {
      "time": 9.5,
      "kind": "public_dto_active_guide",
      "agent_id": 5,
      "reason": "minimum_observed_predator_distance_hysteresis"
    },
    {
      "time": 9.6,
      "kind": "public_dto_active_guide",
      "agent_id": 3,
      "reason": "minimum_observed_predator_distance_hysteresis"
    },
    {
      "time": 9.8,
      "kind": "public_dto_active_guide",
      "agent_id": 9,
      "reason": "minimum_observed_predator_distance_hysteresis"
    },
    {
      "time": 10.1,
      "kind": "public_dto_active_guide",
      "agent_id": 1,
      "reason": "minimum_observed_predator_distance_hysteresis"
    },
    {
      "time": 10.2,
      "kind": "public_dto_active_guide",
      "agent_id": 3,
      "reason": "minimum_observed_predator_distance_hysteresis"
    },
    {
      "time": 10.4,
      "kind": "public_dto_active_guide",
      "agent_id": 4,
      "reason": "minimum_observed_predator_distance_hysteresis"
    },
    {
      "time": 10.5,
      "kind": "public_dto_active_guide",
      "agent_id": 2,
      "reason": "minimum_observed_predator_distance_hysteresis"
    },
    {
      "time": 10.8,
      "kind": "public_dto_active_guide",
      "agent_id": 4,
      "reason": "minimum_observed_predator_distance_hysteresis"
    },
    {
      "time": 10.9,
      "kind": "public_dto_active_guide",
      "agent_id": 8,
      "reason": "minimum_observed_predator_distance_hysteresis"
    },
    {
      "time": 11.0,
      "kind": "public_dto_active_guide",
      "agent_id": 4,
      "reason": "minimum_observed_predator_distance_hysteresis"
    },
    {
      "time": 11.1,
      "kind": "public_dto_active_guide",
      "agent_id": 5,
      "reason": "minimum_observed_predator_distance_hysteresis"
    },
    {
      "time": 11.7,
      "kind": "public_dto_active_guide",
      "agent_id": 2,
      "reason": "minimum_observed_predator_distance_hysteresis"
    },
    {
      "time": 11.9,
      "kind": "public_dto_active_guide",
      "agent_id": 4,
      "reason": "minimum_observed_predator_distance_hysteresis"
    },
    {
      "time": 12.1,
      "kind": "public_dto_active_guide",
      "agent_id": 8,
      "reason": "minimum_observed_predator_distance_hysteresis"
    },
    {
      "time": 12.2,
      "kind": "public_dto_active_guide",
      "agent_id": 9,
      "reason": "minimum_observed_predator_distance_hysteresis"
    },
    {
      "time": 12.3,
      "kind": "public_dto_active_guide",
      "agent_id": 1,
      "reason": "minimum_observed_predator_distance_hysteresis"
    },
    {
      "time": 12.4,
      "kind": "public_dto_active_guide",
      "agent_id": 6,
      "reason": "minimum_observed_predator_distance_hysteresis"
    },
    {
      "time": 12.5,
      "kind": "public_dto_active_guide",
      "agent_id": 9,
      "reason": "minimum_observed_predator_distance_hysteresis"
    },
    {
      "time": 12.6,
      "kind": "public_dto_active_guide",
      "agent_id": 8,
      "reason": "minimum_observed_predator_distance_hysteresis"
    },
    {
      "time": 12.8,
      "kind": "public_dto_active_guide",
      "agent_id": 9,
      "reason": "minimum_observed_predator_distance_hysteresis"
    },
    {
      "time": 12.9,
      "kind": "public_dto_active_guide",
      "agent_id": 1,
      "reason": "minimum_observed_predator_distance_hysteresis"
    },
    {
      "time": 13.9,
      "kind": "public_dto_active_guide",
      "agent_id": 5,
      "reason": "minimum_observed_predator_distance_hysteresis"
    },
    {
      "time": 14.1,
      "kind": "public_dto_active_guide",
      "agent_id": 9,
      "reason": "minimum_observed_predator_distance_hysteresis"
    },
    {
      "time": 14.2,
      "kind": "public_dto_active_guide",
      "agent_id": 3,
      "reason": "minimum_observed_predator_distance_hysteresis"
    },
    {
      "time": 14.4,
      "kind": "public_dto_active_guide",
      "agent_id": 6,
      "reason": "minimum_observed_predator_distance_hysteresis"
    },
    {
      "time": 14.5,
      "kind": "public_dto_active_guide",
      "agent_id": 4,
      "reason": "minimum_observed_predator_distance_hysteresis"
    },
    {
      "time": 14.6,
      "kind": "public_dto_active_guide",
      "agent_id": 9,
      "reason": "minimum_observed_predator_distance_hysteresis"
    },
    {
      "time": 14.7,
      "kind": "public_dto_active_guide",
      "agent_id": 2,
      "reason": "minimum_observed_predator_distance_hysteresis"
    },
    {
      "time": 14.8,
      "kind": "public_dto_active_guide",
      "agent_id": 5,
      "reason": "minimum_observed_predator_distance_hysteresis"
    },
    {
      "time": 14.9,
      "kind": "public_dto_active_guide",
      "agent_id": 7,
      "reason": "minimum_observed_predator_distance_hysteresis"
    },
    {
      "time": 15.9,
      "kind": "public_dto_active_guide",
      "agent_id": 9,
      "reason": "minimum_observed_predator_distance_hysteresis"
    },
    {
      "time": 16.4,
      "kind": "public_dto_active_guide",
      "agent_id": 3,
      "reason": "minimum_observed_predator_distance_hysteresis"
    },
    {
      "time": 18.0,
      "kind": "public_dto_active_guide",
      "agent_id": 5,
      "reason": "minimum_observed_predator_distance_hysteresis"
    },
    {
      "time": 18.2,
      "kind": "public_dto_active_guide",
      "agent_id": 4,
      "reason": "minimum_observed_predator_distance_hysteresis"
    },
    {
      "time": 18.4,
      "kind": "public_dto_active_guide",
      "agent_id": 6,
      "reason": "minimum_observed_predator_distance_hysteresis"
    },
    {
      "time": 18.6,
      "kind": "public_dto_active_guide",
      "agent_id": 5,
      "reason": "minimum_observed_predator_distance_hysteresis"
    },
    {
      "time": 18.9,
      "kind": "public_dto_active_guide",
      "agent_id": 8,
      "reason": "minimum_observed_predator_distance_hysteresis"
    },
    {
      "time": 19.5,
      "kind": "public_dto_active_guide",
      "agent_id": 7,
      "reason": "minimum_observed_predator_distance_hysteresis"
    },
    {
      "time": 19.9,
      "kind": "public_dto_active_guide",
      "agent_id": 6,
      "reason": "minimum_observed_predator_distance_hysteresis"
    },
    {
      "time": 20.1,
      "kind": "public_dto_active_guide",
      "agent_id": 1,
      "reason": "minimum_observed_predator_distance_hysteresis"
    },
    {
      "time": 20.2,
      "kind": "public_dto_active_guide",
      "agent_id": 7,
      "reason": "minimum_observed_predator_distance_hysteresis"
    },
    {
      "time": 20.3,
      "kind": "public_dto_active_guide",
      "agent_id": 6,
      "reason": "minimum_observed_predator_distance_hysteresis"
    },
    {
      "time": 20.4,
      "kind": "public_dto_active_guide",
      "agent_id": 3,
      "reason": "minimum_observed_predator_distance_hysteresis"
    },
    {
      "time": 20.5,
      "kind": "public_dto_active_guide",
      "agent_id": 2,
      "reason": "minimum_observed_predator_distance_hysteresis"
    },
    {
      "time": 20.8,
      "kind": "public_dto_active_guide",
      "agent_id": 4,
      "reason": "minimum_observed_predator_distance_hysteresis"
    },
    {
      "time": 21.6,
      "kind": "public_dto_active_guide",
      "agent_id": 7,
      "reason": "minimum_observed_predator_distance_hysteresis"
    },
    {
      "time": 21.7,
      "kind": "public_dto_active_guide",
      "agent_id": 3,
      "reason": "minimum_observed_predator_distance_hysteresis"
    },
    {
      "time": 22.3,
      "kind": "public_dto_active_guide",
      "agent_id": 5,
      "reason": "minimum_observed_predator_distance_hysteresis"
    },
    {
      "time": 22.9,
      "kind": "public_dto_active_guide",
      "agent_id": 8,
      "reason": "minimum_observed_predator_distance_hysteresis"
    },
    {
      "time": 23.4,
      "kind": "public_dto_active_guide",
      "agent_id": 4,
      "reason": "minimum_observed_predator_distance_hysteresis"
    },
    {
      "time": 23.9,
      "kind": "public_dto_active_guide",
      "agent_id": 2,
      "reason": "minimum_observed_predator_distance_hysteresis"
    },
    {
      "time": 24.2,
      "kind": "public_dto_active_guide",
      "agent_id": 1,
      "reason": "minimum_observed_predator_distance_hysteresis"
    },
    {
      "time": 24.5,
      "kind": "public_dto_active_guide",
      "agent_id": 7,
      "reason": "minimum_observed_predator_distance_hysteresis"
    },
    {
      "time": 24.6,
      "kind": "public_dto_active_guide",
      "agent_id": 2,
      "reason": "minimum_observed_predator_distance_hysteresis"
    },
    {
      "time": 24.9,
      "kind": "public_dto_active_guide",
      "agent_id": 1,
      "reason": "minimum_observed_predator_distance_hysteresis"
    },
    {
      "time": 25.1,
      "kind": "public_dto_active_guide",
      "agent_id": 8,
      "reason": "minimum_observed_predator_distance_hysteresis"
    },
    {
      "time": 25.2,
      "kind": "public_dto_active_guide",
      "agent_id": 1,
      "reason": "minimum_observed_predator_distance_hysteresis"
    },
    {
      "time": 25.9,
      "kind": "public_dto_active_guide",
      "agent_id": 2,
      "reason": "minimum_observed_predator_distance_hysteresis"
    },
    {
      "time": 26.0,
      "kind": "public_dto_active_guide",
      "agent_id": 1,
      "reason": "minimum_observed_predator_distance_hysteresis"
    },
    {
      "time": 26.2,
      "kind": "public_dto_active_guide",
      "agent_id": 7,
      "reason": "minimum_observed_predator_distance_hysteresis"
    },
    {
      "time": 27.3,
      "kind": "public_dto_active_guide",
      "agent_id": 2,
      "reason": "minimum_observed_predator_distance_hysteresis"
    },
    {
      "time": 30.4,
      "kind": "public_dto_active_guide",
      "agent_id": 7,
      "reason": "minimum_observed_predator_distance_hysteresis"
    },
    {
      "time": 30.6,
      "kind": "public_dto_active_guide",
      "agent_id": 2,
      "reason": "minimum_observed_predator_distance_hysteresis"
    },
    {
      "time": 30.8,
      "kind": "public_dto_active_guide",
      "agent_id": 1,
      "reason": "minimum_observed_predator_distance_hysteresis"
    },
    {
      "time": 31.4,
      "kind": "public_dto_active_guide",
      "agent_id": 2,
      "reason": "minimum_observed_predator_distance_hysteresis"
    },
    {
      "time": 31.5,
      "kind": "public_dto_active_guide",
      "agent_id": 1,
      "reason": "minimum_observed_predator_distance_hysteresis"
    },
    {
      "time": 31.6,
      "kind": "public_dto_active_guide",
      "agent_id": 2,
      "reason": "minimum_observed_predator_distance_hysteresis"
    },
    {
      "time": 31.8,
      "kind": "public_dto_active_guide",
      "agent_id": 7,
      "reason": "minimum_observed_predator_distance_hysteresis"
    },
    {
      "time": 32.0,
      "kind": "public_dto_active_guide",
      "agent_id": 2,
      "reason": "minimum_observed_predator_distance_hysteresis"
    },
    {
      "time": 32.1,
      "kind": "public_dto_active_guide",
      "agent_id": 7,
      "reason": "minimum_observed_predator_distance_hysteresis"
    },
    {
      "time": 32.3,
      "kind": "public_dto_active_guide",
      "agent_id": 1,
      "reason": "minimum_observed_predator_distance_hysteresis"
    },
    {
      "time": 33.3,
      "kind": "public_dto_active_guide",
      "agent_id": 2,
      "reason": "minimum_observed_predator_distance_hysteresis"
    },
    {
      "time": 34.0,
      "kind": "public_dto_active_guide",
      "agent_id": 7,
      "reason": "minimum_observed_predator_distance_hysteresis"
    },
    {
      "time": 34.8,
      "kind": "public_dto_active_guide",
      "agent_id": 1,
      "reason": "minimum_observed_predator_distance_hysteresis"
    },
    {
      "time": 35.8,
      "kind": "public_dto_active_guide",
      "agent_id": 2,
      "reason": "minimum_observed_predator_distance_hysteresis"
    },
    {
      "time": 35.9,
      "kind": "public_dto_active_guide",
      "agent_id": 7,
      "reason": "minimum_observed_predator_distance_hysteresis"
    },
    {
      "time": 36.2,
      "kind": "public_dto_active_guide",
      "agent_id": 2,
      "reason": "minimum_observed_predator_distance_hysteresis"
    },
    {
      "time": 36.3,
      "kind": "public_dto_active_guide",
      "agent_id": 1,
      "reason": "minimum_observed_predator_distance_hysteresis"
    },
    {
      "time": 39.0,
      "kind": "public_dto_active_guide",
      "agent_id": 2,
      "reason": "minimum_observed_predator_distance_hysteresis"
    },
    {
      "time": 39.5,
      "kind": "public_dto_active_guide",
      "agent_id": 1,
      "reason": "minimum_observed_predator_distance_hysteresis"
    },
    {
      "time": 48.2,
      "kind": "public_dto_active_guide",
      "agent_id": 7,
      "reason": "minimum_observed_predator_distance_hysteresis"
    },
    {
      "time": 49.0,
      "kind": "public_dto_active_guide",
      "agent_id": 1,
      "reason": "minimum_observed_predator_distance_hysteresis"
    },
    {
      "time": 49.8,
      "kind": "public_dto_active_guide",
      "agent_id": 2,
      "reason": "minimum_observed_predator_distance_hysteresis"
    },
    {
      "time": 50.0,
      "kind": "public_dto_active_guide",
      "agent_id": 1,
      "reason": "minimum_observed_predator_distance_hysteresis"
    },
    {
      "time": 51.1,
      "kind": "public_dto_active_guide",
      "agent_id": 2,
      "reason": "minimum_observed_predator_distance_hysteresis"
    },
    {
      "time": 52.3,
      "kind": "public_dto_active_guide",
      "agent_id": 7,
      "reason": "minimum_observed_predator_distance_hysteresis"
    },
    {
      "time": 56.1,
      "kind": "public_dto_active_guide",
      "agent_id": 2,
      "reason": "minimum_observed_predator_distance_hysteresis"
    },
    {
      "time": 59.5,
      "kind": "public_dto_active_guide",
      "agent_id": 1,
      "reason": "minimum_observed_predator_distance_hysteresis"
    },
    {
      "time": 61.9,
      "kind": "public_dto_active_guide",
      "agent_id": 7,
      "reason": "minimum_observed_predator_distance_hysteresis"
    },
    {
      "time": 62.1,
      "kind": "public_dto_active_guide",
      "agent_id": 1,
      "reason": "minimum_observed_predator_distance_hysteresis"
    },
    {
      "time": 62.3,
      "kind": "public_dto_active_guide",
      "agent_id": 2,
      "reason": "minimum_observed_predator_distance_hysteresis"
    },
    {
      "time": 62.4,
      "kind": "public_dto_active_guide",
      "agent_id": 1,
      "reason": "minimum_observed_predator_distance_hysteresis"
    },
    {
      "time": 62.5,
      "kind": "public_dto_active_guide",
      "agent_id": 2,
      "reason": "minimum_observed_predator_distance_hysteresis"
    },
    {
      "time": 62.6,
      "kind": "public_dto_active_guide",
      "agent_id": 1,
      "reason": "minimum_observed_predator_distance_hysteresis"
    },
    {
      "time": 62.7,
      "kind": "public_dto_active_guide",
      "agent_id": 2,
      "reason": "minimum_observed_predator_distance_hysteresis"
    },
    {
      "time": 63.9,
      "kind": "public_dto_active_guide",
      "agent_id": 7,
      "reason": "minimum_observed_predator_distance_hysteresis"
    },
    {
      "time": 64.0,
      "kind": "public_dto_active_guide",
      "agent_id": 1,
      "reason": "minimum_observed_predator_distance_hysteresis"
    },
    {
      "time": 64.2,
      "kind": "public_dto_active_guide",
      "agent_id": 7,
      "reason": "minimum_observed_predator_distance_hysteresis"
    },
    {
      "time": 64.7,
      "kind": "public_dto_active_guide",
      "agent_id": 1,
      "reason": "minimum_observed_predator_distance_hysteresis"
    },
    {
      "time": 65.0,
      "kind": "public_dto_active_guide",
      "agent_id": 2,
      "reason": "minimum_observed_predator_distance_hysteresis"
    },
    {
      "time": 65.2,
      "kind": "public_dto_active_guide",
      "agent_id": 7,
      "reason": "minimum_observed_predator_distance_hysteresis"
    },
    {
      "time": 65.3,
      "kind": "public_dto_active_guide",
      "agent_id": 1,
      "reason": "minimum_observed_predator_distance_hysteresis"
    },
    {
      "time": 68.7,
      "kind": "public_dto_active_guide",
      "agent_id": 2,
      "reason": "minimum_observed_predator_distance_hysteresis"
    },
    {
      "time": 68.9,
      "kind": "public_dto_active_guide",
      "agent_id": 7,
      "reason": "minimum_observed_predator_distance_hysteresis"
    },
    {
      "time": 69.4,
      "kind": "public_dto_active_guide",
      "agent_id": 2,
      "reason": "minimum_observed_predator_distance_hysteresis"
    },
    {
      "time": 69.9,
      "kind": "public_dto_active_guide",
      "agent_id": 7,
      "reason": "minimum_observed_predator_distance_hysteresis"
    },
    {
      "time": 70.0,
      "kind": "public_dto_active_guide",
      "agent_id": 2,
      "reason": "minimum_observed_predator_distance_hysteresis"
    },
    {
      "time": 70.2,
      "kind": "public_dto_active_guide",
      "agent_id": 4,
      "reason": "minimum_observed_predator_distance_hysteresis"
    },
    {
      "time": 71.8,
      "kind": "public_dto_active_guide",
      "agent_id": 3,
      "reason": "minimum_observed_predator_distance_hysteresis"
    },
    {
      "time": 72.0,
      "kind": "public_dto_active_guide",
      "agent_id": 6,
      "reason": "minimum_observed_predator_distance_hysteresis"
    },
    {
      "time": 72.1,
      "kind": "public_dto_active_guide",
      "agent_id": 4,
      "reason": "minimum_observed_predator_distance_hysteresis"
    },
    {
      "time": 72.5,
      "kind": "public_dto_active_guide",
      "agent_id": 8,
      "reason": "minimum_observed_predator_distance_hysteresis"
    },
    {
      "time": 72.8,
      "kind": "public_dto_active_guide",
      "agent_id": 3,
      "reason": "minimum_observed_predator_distance_hysteresis"
    },
    {
      "time": 73.2,
      "kind": "public_dto_active_guide",
      "agent_id": 4,
      "reason": "minimum_observed_predator_distance_hysteresis"
    },
    {
      "time": 73.9,
      "kind": "public_dto_active_guide",
      "agent_id": 3,
      "reason": "minimum_observed_predator_distance_hysteresis"
    },
    {
      "time": 74.1,
      "kind": "public_dto_active_guide",
      "agent_id": 8,
      "reason": "minimum_observed_predator_distance_hysteresis"
    },
    {
      "time": 74.5,
      "kind": "public_dto_active_guide",
      "agent_id": 4,
      "reason": "minimum_observed_predator_distance_hysteresis"
    },
    {
      "time": 76.9,
      "kind": "public_dto_active_guide",
      "agent_id": 6,
      "reason": "minimum_observed_predator_distance_hysteresis"
    },
    {
      "time": 80.4,
      "kind": "public_dto_active_guide",
      "agent_id": 8,
      "reason": "minimum_observed_predator_distance_hysteresis"
    },
    {
      "time": 80.9,
      "kind": "public_dto_active_guide",
      "agent_id": 6,
      "reason": "minimum_observed_predator_distance_hysteresis"
    },
    {
      "time": 81.1,
      "kind": "public_dto_active_guide",
      "agent_id": 3,
      "reason": "minimum_observed_predator_distance_hysteresis"
    },
    {
      "time": 82.3,
      "kind": "public_dto_active_guide",
      "agent_id": 4,
      "reason": "minimum_observed_predator_distance_hysteresis"
    },
    {
      "time": 82.4,
      "kind": "public_dto_active_guide",
      "agent_id": 9,
      "reason": "minimum_observed_predator_distance_hysteresis"
    },
    {
      "time": 82.8,
      "kind": "public_dto_active_guide",
      "agent_id": 4,
      "reason": "minimum_observed_predator_distance_hysteresis"
    },
    {
      "time": 83.0,
      "kind": "public_dto_active_guide",
      "agent_id": 3,
      "reason": "minimum_observed_predator_distance_hysteresis"
    },
    {
      "time": 83.6,
      "kind": "public_dto_active_guide",
      "agent_id": 8,
      "reason": "minimum_observed_predator_distance_hysteresis"
    },
    {
      "time": 84.0,
      "kind": "public_dto_active_guide",
      "agent_id": 6,
      "reason": "minimum_observed_predator_distance_hysteresis"
    },
    {
      "time": 84.3,
      "kind": "public_dto_active_guide",
      "agent_id": 8,
      "reason": "minimum_observed_predator_distance_hysteresis"
    },
    {
      "time": 84.6,
      "kind": "public_dto_active_guide",
      "agent_id": 5,
      "reason": "minimum_observed_predator_distance_hysteresis"
    },
    {
      "time": 84.7,
      "kind": "public_dto_active_guide",
      "agent_id": 9,
      "reason": "minimum_observed_predator_distance_hysteresis"
    },
    {
      "time": 84.8,
      "kind": "public_dto_active_guide",
      "agent_id": 3,
      "reason": "minimum_observed_predator_distance_hysteresis"
    },
    {
      "time": 84.9,
      "kind": "public_dto_active_guide",
      "agent_id": 6,
      "reason": "minimum_observed_predator_distance_hysteresis"
    },
    {
      "time": 85.0,
      "kind": "public_dto_active_guide",
      "agent_id": 3,
      "reason": "minimum_observed_predator_distance_hysteresis"
    },
    {
      "time": 85.1,
      "kind": "public_dto_active_guide",
      "agent_id": 9,
      "reason": "minimum_observed_predator_distance_hysteresis"
    },
    {
      "time": 85.2,
      "kind": "public_dto_active_guide",
      "agent_id": 6,
      "reason": "minimum_observed_predator_distance_hysteresis"
    },
    {
      "time": 85.3,
      "kind": "public_dto_active_guide",
      "agent_id": 3,
      "reason": "minimum_observed_predator_distance_hysteresis"
    },
    {
      "time": 85.5,
      "kind": "public_dto_active_guide",
      "agent_id": 5,
      "reason": "minimum_observed_predator_distance_hysteresis"
    },
    {
      "time": 86.3,
      "kind": "public_dto_active_guide",
      "agent_id": 3,
      "reason": "minimum_observed_predator_distance_hysteresis"
    },
    {
      "time": 87.1,
      "kind": "public_dto_active_guide",
      "agent_id": 6,
      "reason": "minimum_observed_predator_distance_hysteresis"
    },
    {
      "time": 87.3,
      "kind": "public_dto_active_guide",
      "agent_id": 3,
      "reason": "minimum_observed_predator_distance_hysteresis"
    },
    {
      "time": 87.9,
      "kind": "public_dto_active_guide",
      "agent_id": 5,
      "reason": "minimum_observed_predator_distance_hysteresis"
    },
    {
      "time": 91.3,
      "kind": "public_dto_active_guide",
      "agent_id": 3,
      "reason": "minimum_observed_predator_distance_hysteresis"
    },
    {
      "time": 91.4,
      "kind": "public_dto_active_guide",
      "agent_id": 9,
      "reason": "minimum_observed_predator_distance_hysteresis"
    },
    {
      "time": 91.5,
      "kind": "public_dto_active_guide",
      "agent_id": 3,
      "reason": "minimum_observed_predator_distance_hysteresis"
    },
    {
      "time": 91.8,
      "kind": "public_dto_active_guide",
      "agent_id": 5,
      "reason": "minimum_observed_predator_distance_hysteresis"
    },
    {
      "time": 92.1,
      "kind": "public_dto_active_guide",
      "agent_id": 3,
      "reason": "minimum_observed_predator_distance_hysteresis"
    },
    {
      "time": 92.6,
      "kind": "public_dto_active_guide",
      "agent_id": 8,
      "reason": "minimum_observed_predator_distance_hysteresis"
    },
    {
      "time": 92.7,
      "kind": "public_dto_active_guide",
      "agent_id": 9,
      "reason": "minimum_observed_predator_distance_hysteresis"
    },
    {
      "time": 92.8,
      "kind": "public_dto_active_guide",
      "agent_id": 3,
      "reason": "minimum_observed_predator_distance_hysteresis"
    },
    {
      "time": 93.0,
      "kind": "public_dto_active_guide",
      "agent_id": 9,
      "reason": "minimum_observed_predator_distance_hysteresis"
    },
    {
      "time": 93.1,
      "kind": "public_dto_active_guide",
      "agent_id": 3,
      "reason": "minimum_observed_predator_distance_hysteresis"
    },
    {
      "time": 93.4,
      "kind": "public_dto_active_guide",
      "agent_id": 9,
      "reason": "minimum_observed_predator_distance_hysteresis"
    },
    {
      "time": 93.7,
      "kind": "public_dto_active_guide",
      "agent_id": 5,
      "reason": "minimum_observed_predator_distance_hysteresis"
    },
    {
      "time": 93.8,
      "kind": "public_dto_active_guide",
      "agent_id": 6,
      "reason": "minimum_observed_predator_distance_hysteresis"
    },
    {
      "time": 94.1,
      "kind": "public_dto_active_guide",
      "agent_id": 8,
      "reason": "minimum_observed_predator_distance_hysteresis"
    },
    {
      "time": 94.2,
      "kind": "public_dto_active_guide",
      "agent_id": 5,
      "reason": "minimum_observed_predator_distance_hysteresis"
    },
    {
      "time": 94.3,
      "kind": "public_dto_active_guide",
      "agent_id": 8,
      "reason": "minimum_observed_predator_distance_hysteresis"
    },
    {
      "time": 94.5,
      "kind": "public_dto_active_guide",
      "agent_id": 3,
      "reason": "minimum_observed_predator_distance_hysteresis"
    },
    {
      "time": 94.6,
      "kind": "public_dto_active_guide",
      "agent_id": 5,
      "reason": "minimum_observed_predator_distance_hysteresis"
    },
    {
      "time": 94.7,
      "kind": "public_dto_active_guide",
      "agent_id": 8,
      "reason": "minimum_observed_predator_distance_hysteresis"
    },
    {
      "time": 94.8,
      "kind": "public_dto_active_guide",
      "agent_id": 5,
      "reason": "minimum_observed_predator_distance_hysteresis"
    },
    {
      "time": 94.9,
      "kind": "public_dto_active_guide",
      "agent_id": 3,
      "reason": "minimum_observed_predator_distance_hysteresis"
    },
    {
      "time": 95.0,
      "kind": "public_dto_active_guide",
      "agent_id": 5,
      "reason": "minimum_observed_predator_distance_hysteresis"
    },
    {
      "time": 103.8,
      "kind": "public_dto_active_guide",
      "agent_id": 4,
      "reason": "minimum_observed_predator_distance_hysteresis"
    },
    {
      "time": 104.6,
      "kind": "public_dto_active_guide",
      "agent_id": 5,
      "reason": "minimum_observed_predator_distance_hysteresis"
    },
    {
      "time": 104.9,
      "kind": "public_dto_active_guide",
      "agent_id": 4,
      "reason": "minimum_observed_predator_distance_hysteresis"
    },
    {
      "time": 105.4,
      "kind": "public_dto_active_guide",
      "agent_id": 5,
      "reason": "minimum_observed_predator_distance_hysteresis"
    },
    {
      "time": 105.6,
      "kind": "public_dto_active_guide",
      "agent_id": 4,
      "reason": "minimum_observed_predator_distance_hysteresis"
    },
    {
      "time": 105.8,
      "kind": "public_dto_active_guide",
      "agent_id": 5,
      "reason": "minimum_observed_predator_distance_hysteresis"
    },
    {
      "time": 107.0,
      "kind": "public_dto_active_guide",
      "agent_id": 4,
      "reason": "minimum_observed_predator_distance_hysteresis"
    },
    {
      "time": 107.3,
      "kind": "public_dto_active_guide",
      "agent_id": 5,
      "reason": "minimum_observed_predator_distance_hysteresis"
    },
    {
      "time": 110.7,
      "kind": "public_dto_active_guide",
      "agent_id": 8,
      "reason": "minimum_observed_predator_distance_hysteresis"
    },
    {
      "time": 111.0,
      "kind": "public_dto_active_guide",
      "agent_id": 5,
      "reason": "minimum_observed_predator_distance_hysteresis"
    },
    {
      "time": 111.3,
      "kind": "public_dto_active_guide",
      "agent_id": 4,
      "reason": "minimum_observed_predator_distance_hysteresis"
    },
    {
      "time": 111.7,
      "kind": "public_dto_active_guide",
      "agent_id": 8,
      "reason": "minimum_observed_predator_distance_hysteresis"
    },
    {
      "time": 112.0,
      "kind": "public_dto_active_guide",
      "agent_id": 4,
      "reason": "minimum_observed_predator_distance_hysteresis"
    },
    {
      "time": 112.9,
      "kind": "public_dto_active_guide",
      "agent_id": 5,
      "reason": "minimum_observed_predator_distance_hysteresis"
    },
    {
      "time": 113.0,
      "kind": "public_dto_active_guide",
      "agent_id": 8,
      "reason": "minimum_observed_predator_distance_hysteresis"
    },
    {
      "time": 113.4,
      "kind": "public_dto_active_guide",
      "agent_id": 9,
      "reason": "minimum_observed_predator_distance_hysteresis"
    },
    {
      "time": 113.7,
      "kind": "public_dto_active_guide",
      "agent_id": 8,
      "reason": "minimum_observed_predator_distance_hysteresis"
    },
    {
      "time": 114.1,
      "kind": "public_dto_active_guide",
      "agent_id": 3,
      "reason": "minimum_observed_predator_distance_hysteresis"
    },
    {
      "time": 114.3,
      "kind": "public_dto_active_guide",
      "agent_id": 4,
      "reason": "minimum_observed_predator_distance_hysteresis"
    },
    {
      "time": 114.4,
      "kind": "public_dto_active_guide",
      "agent_id": 6,
      "reason": "minimum_observed_predator_distance_hysteresis"
    },
    {
      "time": 114.5,
      "kind": "public_dto_active_guide",
      "agent_id": 9,
      "reason": "minimum_observed_predator_distance_hysteresis"
    },
    {
      "time": 114.6,
      "kind": "public_dto_active_guide",
      "agent_id": 5,
      "reason": "minimum_observed_predator_distance_hysteresis"
    },
    {
      "time": 114.7,
      "kind": "public_dto_active_guide",
      "agent_id": 8,
      "reason": "minimum_observed_predator_distance_hysteresis"
    },
    {
      "time": 115.0,
      "kind": "public_dto_active_guide",
      "agent_id": 5,
      "reason": "minimum_observed_predator_distance_hysteresis"
    },
    {
      "time": 115.2,
      "kind": "public_dto_active_guide",
      "agent_id": 4,
      "reason": "minimum_observed_predator_distance_hysteresis"
    },
    {
      "time": 115.3,
      "kind": "public_dto_active_guide",
      "agent_id": 5,
      "reason": "minimum_observed_predator_distance_hysteresis"
    },
    {
      "time": 115.5,
      "kind": "public_dto_active_guide",
      "agent_id": 6,
      "reason": "minimum_observed_predator_distance_hysteresis"
    },
    {
      "time": 115.6,
      "kind": "public_dto_active_guide",
      "agent_id": 9,
      "reason": "minimum_observed_predator_distance_hysteresis"
    },
    {
      "time": 116.0,
      "kind": "public_dto_active_guide",
      "agent_id": 6,
      "reason": "minimum_observed_predator_distance_hysteresis"
    },
    {
      "time": 116.3,
      "kind": "public_dto_active_guide",
      "agent_id": 8,
      "reason": "minimum_observed_predator_distance_hysteresis"
    },
    {
      "time": 116.6,
      "kind": "public_dto_active_guide",
      "agent_id": 4,
      "reason": "minimum_observed_predator_distance_hysteresis"
    },
    {
      "time": 116.8,
      "kind": "public_dto_active_guide",
      "agent_id": 5,
      "reason": "minimum_observed_predator_distance_hysteresis"
    },
    {
      "time": 116.9,
      "kind": "public_dto_active_guide",
      "agent_id": 4,
      "reason": "minimum_observed_predator_distance_hysteresis"
    },
    {
      "time": 117.7,
      "kind": "public_dto_active_guide",
      "agent_id": 3,
      "reason": "minimum_observed_predator_distance_hysteresis"
    },
    {
      "time": 117.9,
      "kind": "public_dto_active_guide",
      "agent_id": 4,
      "reason": "minimum_observed_predator_distance_hysteresis"
    },
    {
      "time": 118.1,
      "kind": "public_dto_active_guide",
      "agent_id": 9,
      "reason": "minimum_observed_predator_distance_hysteresis"
    },
    {
      "time": 118.2,
      "kind": "public_dto_active_guide",
      "agent_id": 4,
      "reason": "minimum_observed_predator_distance_hysteresis"
    },
    {
      "time": 118.3,
      "kind": "public_dto_active_guide",
      "agent_id": 9,
      "reason": "minimum_observed_predator_distance_hysteresis"
    },
    {
      "time": 118.5,
      "kind": "public_dto_active_guide",
      "agent_id": 5,
      "reason": "minimum_observed_predator_distance_hysteresis"
    },
    {
      "time": 118.6,
      "kind": "public_dto_active_guide",
      "agent_id": 9,
      "reason": "minimum_observed_predator_distance_hysteresis"
    },
    {
      "time": 118.7,
      "kind": "public_dto_active_guide",
      "agent_id": 4,
      "reason": "minimum_observed_predator_distance_hysteresis"
    },
    {
      "time": 118.8,
      "kind": "public_dto_active_guide",
      "agent_id": 5,
      "reason": "minimum_observed_predator_distance_hysteresis"
    },
    {
      "time": 118.9,
      "kind": "public_dto_active_guide",
      "agent_id": 6,
      "reason": "minimum_observed_predator_distance_hysteresis"
    },
    {
      "time": 119.1,
      "kind": "public_dto_active_guide",
      "agent_id": 4,
      "reason": "minimum_observed_predator_distance_hysteresis"
    },
    {
      "time": 119.2,
      "kind": "public_dto_active_guide",
      "agent_id": 9,
      "reason": "minimum_observed_predator_distance_hysteresis"
    },
    {
      "time": 119.4,
      "kind": "public_dto_active_guide",
      "agent_id": 5,
      "reason": "minimum_observed_predator_distance_hysteresis"
    },
    {
      "time": 122.7,
      "kind": "public_dto_active_guide",
      "agent_id": 9,
      "reason": "minimum_observed_predator_distance_hysteresis"
    },
    {
      "time": 123.8,
      "kind": "public_dto_active_guide",
      "agent_id": 4,
      "reason": "minimum_observed_predator_distance_hysteresis"
    },
    {
      "time": 124.1,
      "kind": "public_dto_active_guide",
      "agent_id": 9,
      "reason": "minimum_observed_predator_distance_hysteresis"
    },
    {
      "time": 124.8,
      "kind": "public_dto_active_guide",
      "agent_id": 6,
      "reason": "minimum_observed_predator_distance_hysteresis"
    },
    {
      "time": 124.9,
      "kind": "public_dto_active_guide",
      "agent_id": 5,
      "reason": "minimum_observed_predator_distance_hysteresis"
    },
    {
      "time": 125.1,
      "kind": "public_dto_active_guide",
      "agent_id": 4,
      "reason": "minimum_observed_predator_distance_hysteresis"
    },
    {
      "time": 125.8,
      "kind": "public_dto_active_guide",
      "agent_id": 6,
      "reason": "minimum_observed_predator_distance_hysteresis"
    },
    {
      "time": 126.7,
      "kind": "public_dto_active_guide",
      "agent_id": 9,
      "reason": "minimum_observed_predator_distance_hysteresis"
    },
    {
      "time": 126.9,
      "kind": "public_dto_active_guide",
      "agent_id": 5,
      "reason": "minimum_observed_predator_distance_hysteresis"
    },
    {
      "time": 127.0,
      "kind": "public_dto_active_guide",
      "agent_id": 9,
      "reason": "minimum_observed_predator_distance_hysteresis"
    },
    {
      "time": 127.1,
      "kind": "public_dto_active_guide",
      "agent_id": 5,
      "reason": "minimum_observed_predator_distance_hysteresis"
    },
    {
      "time": 127.3,
      "kind": "public_dto_active_guide",
      "agent_id": 6,
      "reason": "minimum_observed_predator_distance_hysteresis"
    },
    {
      "time": 127.6,
      "kind": "public_dto_active_guide",
      "agent_id": 4,
      "reason": "minimum_observed_predator_distance_hysteresis"
    },
    {
      "time": 128.2,
      "kind": "public_dto_active_guide",
      "agent_id": 6,
      "reason": "minimum_observed_predator_distance_hysteresis"
    },
    {
      "time": 128.4,
      "kind": "public_dto_active_guide",
      "agent_id": 9,
      "reason": "minimum_observed_predator_distance_hysteresis"
    },
    {
      "time": 128.5,
      "kind": "public_dto_active_guide",
      "agent_id": 4,
      "reason": "minimum_observed_predator_distance_hysteresis"
    },
    {
      "time": 128.6,
      "kind": "public_dto_active_guide",
      "agent_id": 6,
      "reason": "minimum_observed_predator_distance_hysteresis"
    },
    {
      "time": 128.7,
      "kind": "public_dto_active_guide",
      "agent_id": 5,
      "reason": "minimum_observed_predator_distance_hysteresis"
    },
    {
      "time": 128.8,
      "kind": "public_dto_active_guide",
      "agent_id": 6,
      "reason": "minimum_observed_predator_distance_hysteresis"
    },
    {
      "time": 129.0,
      "kind": "public_dto_active_guide",
      "agent_id": 9,
      "reason": "minimum_observed_predator_distance_hysteresis"
    },
    {
      "time": 129.3,
      "kind": "public_dto_active_guide",
      "agent_id": 4,
      "reason": "minimum_observed_predator_distance_hysteresis"
    },
    {
      "time": 129.5,
      "kind": "public_dto_active_guide",
      "agent_id": 6,
      "reason": "minimum_observed_predator_distance_hysteresis"
    },
    {
      "time": 129.8,
      "kind": "public_dto_active_guide",
      "agent_id": 5,
      "reason": "minimum_observed_predator_distance_hysteresis"
    },
    {
      "time": 129.9,
      "kind": "public_dto_active_guide",
      "agent_id": 6,
      "reason": "minimum_observed_predator_distance_hysteresis"
    },
    {
      "time": 131.8,
      "kind": "public_dto_active_guide",
      "agent_id": 5,
      "reason": "minimum_observed_predator_distance_hysteresis"
    },
    {
      "time": 132.0,
      "kind": "public_dto_active_guide",
      "agent_id": 6,
      "reason": "minimum_observed_predator_distance_hysteresis"
    },
    {
      "time": 133.3,
      "kind": "public_dto_active_guide",
      "agent_id": 9,
      "reason": "minimum_observed_predator_distance_hysteresis"
    },
    {
      "time": 133.5,
      "kind": "public_dto_active_guide",
      "agent_id": 5,
      "reason": "minimum_observed_predator_distance_hysteresis"
    },
    {
      "time": 133.6,
      "kind": "public_dto_active_guide",
      "agent_id": 9,
      "reason": "minimum_observed_predator_distance_hysteresis"
    },
    {
      "time": 133.8,
      "kind": "public_dto_active_guide",
      "agent_id": 5,
      "reason": "minimum_observed_predator_distance_hysteresis"
    },
    {
      "time": 136.8,
      "kind": "public_dto_active_guide",
      "agent_id": 9,
      "reason": "minimum_observed_predator_distance_hysteresis"
    },
    {
      "time": 137.0,
      "kind": "public_dto_active_guide",
      "agent_id": 5,
      "reason": "minimum_observed_predator_distance_hysteresis"
    },
    {
      "time": 137.1,
      "kind": "public_dto_active_guide",
      "agent_id": 9,
      "reason": "minimum_observed_predator_distance_hysteresis"
    },
    {
      "time": 137.6,
      "kind": "public_dto_active_guide",
      "agent_id": 5,
      "reason": "minimum_observed_predator_distance_hysteresis"
    },
    {
      "time": 137.7,
      "kind": "public_dto_active_guide",
      "agent_id": 9,
      "reason": "minimum_observed_predator_distance_hysteresis"
    },
    {
      "time": 137.8,
      "kind": "public_dto_active_guide",
      "agent_id": 5,
      "reason": "minimum_observed_predator_distance_hysteresis"
    },
    {
      "time": 137.9,
      "kind": "public_dto_active_guide",
      "agent_id": 9,
      "reason": "minimum_observed_predator_distance_hysteresis"
    },
    {
      "time": 138.0,
      "kind": "public_dto_active_guide",
      "agent_id": 5,
      "reason": "minimum_observed_predator_distance_hysteresis"
    },
    {
      "time": 138.1,
      "kind": "public_dto_active_guide",
      "agent_id": 9,
      "reason": "minimum_observed_predator_distance_hysteresis"
    },
    {
      "time": 138.4,
      "kind": "public_dto_active_guide",
      "agent_id": 5,
      "reason": "minimum_observed_predator_distance_hysteresis"
    },
    {
      "time": 138.8,
      "kind": "public_dto_active_guide",
      "agent_id": 9,
      "reason": "minimum_observed_predator_distance_hysteresis"
    },
    {
      "time": 139.2,
      "kind": "public_dto_active_guide",
      "agent_id": 5,
      "reason": "minimum_observed_predator_distance_hysteresis"
    },
    {
      "time": 139.6,
      "kind": "public_dto_active_guide",
      "agent_id": 9,
      "reason": "minimum_observed_predator_distance_hysteresis"
    },
    {
      "time": 139.8,
      "kind": "public_dto_active_guide",
      "agent_id": 6,
      "reason": "minimum_observed_predator_distance_hysteresis"
    },
    {
      "time": 139.9,
      "kind": "public_dto_active_guide",
      "agent_id": 9,
      "reason": "minimum_observed_predator_distance_hysteresis"
    },
    {
      "time": 140.2,
      "kind": "public_dto_active_guide",
      "agent_id": 5,
      "reason": "minimum_observed_predator_distance_hysteresis"
    },
    {
      "time": 140.3,
      "kind": "public_dto_active_guide",
      "agent_id": 6,
      "reason": "minimum_observed_predator_distance_hysteresis"
    },
    {
      "time": 144.8,
      "kind": "public_dto_active_guide",
      "agent_id": 5,
      "reason": "minimum_observed_predator_distance_hysteresis"
    },
    {
      "time": 144.9,
      "kind": "public_dto_active_guide",
      "agent_id": 6,
      "reason": "minimum_observed_predator_distance_hysteresis"
    },
    {
      "time": 147.3,
      "kind": "public_dto_active_guide",
      "agent_id": 5,
      "reason": "minimum_observed_predator_distance_hysteresis"
    },
    {
      "time": 147.6,
      "kind": "public_dto_active_guide",
      "agent_id": 6,
      "reason": "minimum_observed_predator_distance_hysteresis"
    },
    {
      "time": 147.7,
      "kind": "public_dto_active_guide",
      "agent_id": 5,
      "reason": "minimum_observed_predator_distance_hysteresis"
    },
    {
      "time": 147.8,
      "kind": "public_dto_active_guide",
      "agent_id": 6,
      "reason": "minimum_observed_predator_distance_hysteresis"
    },
    {
      "time": 147.9,
      "kind": "public_dto_active_guide",
      "agent_id": 5,
      "reason": "minimum_observed_predator_distance_hysteresis"
    },
    {
      "time": 151.5,
      "kind": "public_dto_active_guide",
      "agent_id": 6,
      "reason": "minimum_observed_predator_distance_hysteresis"
    },
    {
      "time": 151.6,
      "kind": "public_dto_active_guide",
      "agent_id": 5,
      "reason": "minimum_observed_predator_distance_hysteresis"
    },
    {
      "time": 153.2,
      "kind": "public_dto_active_guide",
      "agent_id": 6,
      "reason": "minimum_observed_predator_distance_hysteresis"
    },
    {
      "time": 153.3,
      "kind": "public_dto_active_guide",
      "agent_id": 5,
      "reason": "minimum_observed_predator_distance_hysteresis"
    },
    {
      "time": 154.0,
      "kind": "public_dto_active_guide",
      "agent_id": 6,
      "reason": "minimum_observed_predator_distance_hysteresis"
    },
    {
      "time": 154.1,
      "kind": "public_dto_active_guide",
      "agent_id": 5,
      "reason": "minimum_observed_predator_distance_hysteresis"
    },
    {
      "time": 154.8,
      "kind": "public_dto_active_guide",
      "agent_id": 6,
      "reason": "minimum_observed_predator_distance_hysteresis"
    },
    {
      "time": 154.9,
      "kind": "public_dto_active_guide",
      "agent_id": 5,
      "reason": "minimum_observed_predator_distance_hysteresis"
    },
    {
      "time": 155.4,
      "kind": "public_dto_active_guide",
      "agent_id": 6,
      "reason": "minimum_observed_predator_distance_hysteresis"
    },
    {
      "time": 155.5,
      "kind": "public_dto_active_guide",
      "agent_id": 5,
      "reason": "minimum_observed_predator_distance_hysteresis"
    },
    {
      "time": 156.0,
      "kind": "public_dto_active_guide",
      "agent_id": 6,
      "reason": "minimum_observed_predator_distance_hysteresis"
    },
    {
      "time": 156.1,
      "kind": "public_dto_active_guide",
      "agent_id": 5,
      "reason": "minimum_observed_predator_distance_hysteresis"
    },
    {
      "time": 156.6,
      "kind": "public_dto_active_guide",
      "agent_id": 6,
      "reason": "minimum_observed_predator_distance_hysteresis"
    },
    {
      "time": 156.7,
      "kind": "public_dto_active_guide",
      "agent_id": 5,
      "reason": "minimum_observed_predator_distance_hysteresis"
    },
    {
      "time": 158.9,
      "kind": "public_dto_active_guide",
      "agent_id": 6,
      "reason": "minimum_observed_predator_distance_hysteresis"
    },
    {
      "time": 162.7,
      "kind": "public_dto_active_guide",
      "agent_id": 5,
      "reason": "minimum_observed_predator_distance_hysteresis"
    },
    {
      "time": 162.9,
      "kind": "public_dto_active_guide",
      "agent_id": 6,
      "reason": "minimum_observed_predator_distance_hysteresis"
    },
    {
      "time": 164.1,
      "kind": "public_dto_active_guide",
      "agent_id": 5,
      "reason": "minimum_observed_predator_distance_hysteresis"
    }
  ],
  "success": true,
  "replay": "results/simple_chase/replays/real-map-EmergencyGuides-m10343-f20343-p1-direct_guide-sitebait1-7222b1eb.json.gz"
}
/home/Ucals/projects/NordicCupAI-wall-funneling/survival-simulator/oscar-trap-research/survival/results/simple_chase/real-map-EmergencyGuides-m10343-f20343-p1-direct_guide-sitebait1-7222b1eb.json
